project_id,project_name,ministry_code,ministry_name,sector_id,sector_name,state,region,agency_name,location_lat,location_lng,original_cost_cr,revised_cost_cr,cost_overrun_cr,cost_overrun_pct,cumulative_exp_cr,financial_progress_pct,physical_progress_pct,start_date,original_doc,anticipated_doc,planned_duration_months,schedule_delay_months,elapsed_time_pct,total_milestones,completed_milestones,delayed_milestones,critical_delay_days,land_required_hectares,land_acquired_pct,forest_clearance_status,contractor_rating,dispute_count,dispute_value_cr,geological_terrain_risk,monsoon_vulnerability_index,raw_material_inflation_sensitivity,cuf_submission_date,data_source,project_status,is_high_cost_overrun,is_high_delay
PAIMANA-SEC_INLAND-2015-1001,National Waterway NW-32 Multimodal Navigation Terminal at Bongaigaon,MoPSW,"Ministry of Ports, Shipping and Waterways",SEC_INLAND,National Waterways & River Ports,Assam,North-East,IWAI,26.1397,92.6714,1839.93,2116.44,276.51,15.03,1040.87,49.2,81.0,2015-01-24,2017-11-22,2019-02-21,34,15,150.0,27,27,1,472,537.8,77.6,Stage-I,8.7,1,62.85,High/Himalayan/Riverine,0.75,0.66,2026-04-10,OCMS_Historical,Under Implementation,1,1
PAIMANA-SEC_HWY-2016-1002,Economic Corridor NH-52 6-Lane Access Controlled Highway (Jalandhar),MoRTH,Ministry of Road Transport and Highways,SEC_HWY,Highways & Expressways,Punjab,North,NHAI,30.6417,75.093,1006.52,1190.59,184.07,18.29,517.81,43.5,71.2,2016-12-14,2019-06-14,2021-08-12,30,26,150.0,29,29,1,770,1123.8,87.2,Approved,3.6,0,0.0,High/Himalayan/Riverine,0.91,0.25,2026-04-10,OCMS_Historical,Under Implementation,1,1
PAIMANA-SEC_INLAND-2023-1003,National Waterway NW-30 Multimodal Navigation Terminal at Bikaner,MoPSW,"Ministry of Ports, Shipping and Waterways",SEC_INLAND,National Waterways & River Ports,Rajasthan,North,IWAI,27.228,74.4601,2123.69,2571.03,447.34,21.06,1019.08,39.6,65.1,2023-06-19,2026-04-17,2028-07-15,34,27,99.8,16,16,1,800,574.2,60.4,Approved,3.7,0,0.0,Low/Plains,0.34,0.76,2026-04-10,PAIMANA_Live,Under Implementation,1,1
PAIMANA-SEC_SMART-2015-1004,Industrial Smart City & Integrated Manufacturing Node at Kalaburagi,MoHUA,Ministry of Housing and Urban Affairs,SEC_SMART,Smart Cities & Industrial Corridors,Karnataka,South,NICDC,15.7035,76.08,4877.97,5060.88,182.91,3.75,3354.55,66.3,100.0,2015-10-21,2020-06-18,2020-06-18,56,0,150.0,46,46,0,0,1635.7,94.8,Exempted,7.2,0,0.0,Low/Plains,0.86,0.55,2026-04-10,OCMS_Historical,Commissioned,0,0
PAIMANA-SEC_ATOM-2018-1005,Fast Breeder Reactor & Reprocessing Facility at Siliguri,DAE,Department of Atomic Energy,SEC_ATOM,Atomic Energy & Nuclear Power,West Bengal,East,BHAVINI,22.65,88.452,918.88,1094.81,175.93,19.15,491.69,44.9,74.6,2018-02-07,2021-03-07,2024-01-04,37,34,150.0,32,32,1,1061,1143.4,84.9,Stage-II Pending,8.5,1,189.26,Low/Plains,0.76,0.39,2026-04-10,OCMS_Historical,Under Implementation,1,1
PAIMANA-SEC_MINE-2021-1006,Strategic Rare Earth & Bauxite Mining Complex at Kandla,MoMines,Ministry of Mines,SEC_MINE,Strategic Mineral Extraction,Gujarat,West,NALCO,22.0669,70.9446,918.9,1060.77,141.87,15.44,443.16,41.8,60.5,2021-02-25,2022-10-26,2025-04-25,20,30,150.0,19,19,1,923,284.2,90.1,Stage-I,3.6,2,32.56,Low/Plains,0.73,0.42,2026-04-10,PAIMANA_Live,Under Implementation,1,1
PAIMANA-SEC_REN-2021-1007,Offshore & Onshore Hybrid Wind-Solar Power Hub in Mysuru,MNRE,Ministry of New and Renewable Energy,SEC_REN,Solar & Renewable Green Energy,Karnataka,South,NTPC-REL,15.1063,75.1373,5145.4,6074.88,929.48,18.06,2799.31,46.1,73.6,2021-01-24,2026-02-21,2028-02-20,61,24,102.9,44,36,2,760,523.2,66.5,Approved,9.2,0,0.0,Low/Plains,0.68,0.55,2026-04-10,PAIMANA_Live,Under Implementation,1,1
PAIMANA-SEC_TEL-2018-1008,BharatNet Rural Optical Fiber Network Phase-4 across Paradip,DoT,Department of Telecommunications,SEC_TEL,Telecommunication & BharatNet Fiber,Odisha,East,BBNL,21.4664,85.4048,2379.56,2898.12,518.56,21.79,1350.86,46.6,72.7,2018-04-02,2021-05-31,2023-06-30,38,25,150.0,48,48,1,787,1281.7,67.7,Exempted,8.2,3,751.05,Low/Plains,0.19,0.75,2026-04-10,OCMS_Historical,Under Implementation,1,1
PAIMANA-SEC_COAL-2018-1009,Open Cast Coal Mining Project (94 MTPA) with High-Capacity Conveyors at Pune,MoCoal,Ministry of Coal,SEC_COAL,Coal Mining & Washeries,Maharashtra,West,CIL,19.9088,75.3886,734.81,861.98,127.17,17.31,372.34,43.2,67.8,2018-07-22,2020-11-19,2023-03-20,28,28,150.0,40,40,1,840,680.1,73.9,Approved,5.6,0,0.0,Low/Plains,0.8,0.8,2026-04-10,OCMS_Historical,Under Implementation,1,1
PAIMANA-SEC_RLY-2019-1010,New Broad Gauge Rail Link Cuttack to Jharsuguda with Major Bridges,MoR,Ministry of Railways,SEC_RLY,Railways & High-Speed Rail,Odisha,East,RVNL,20.869,85.0068,1921.84,2301.72,379.88,19.77,1074.16,46.7,75.4,2019-02-17,2021-12-16,2024-06-15,34,30,150.0,29,29,1,931,876.5,59.2,Approved,4.1,1,262.43,Low/Plains,0.65,0.48,2026-04-10,OCMS_Historical,Under Implementation,1,1
PAIMANA-SEC_IRR-2014-1011,Lift Irrigation & Pressurized Piped Distribution Network in Coimbatore,DoWR,"Department of Water Resources, RD & GR",SEC_IRR,National River Link & Irrigation,Tamil Nadu,South,WRD,11.4967,79.0841,739.05,864.08,125.03,16.92,307.52,35.6,60.2,2014-11-21,2016-07-21,2019-04-20,20,33,150.0,15,15,1,990,1607.9,83.9,Approved,5.0,2,39.84,Low/Plains,0.39,0.21,2026-04-10,OCMS_Historical,Under Implementation,1,1
PAIMANA-SEC_PWR_TR-2014-1012,765kV High Voltage Direct Current (HVDC) Inter-Regional Grid (Bhopal-Ujjain),MoP,Ministry of Power,SEC_PWR_TR,Power Transmission & Grid,Madhya Pradesh,Central,PGCIL,23.5558,78.3751,737.42,761.09,23.67,3.21,500.39,65.7,100.0,2014-11-18,2016-05-18,2016-05-18,18,0,150.0,17,17,0,0,912.5,99.0,Approved,9.6,0,0.0,Low/Plains,0.76,0.74,2026-04-10,OCMS_Historical,Commissioned,0,0
PAIMANA-SEC_IRR-2018-1013,Lift Irrigation & Pressurized Piped Distribution Network in National Corridor,DoWR,"Department of Water Resources, RD & GR",SEC_IRR,National River Link & Irrigation,Multi-State / National,National,WRD,22.5529,78.4961,1444.43,1643.69,199.26,13.8,867.91,52.8,80.6,2018-07-23,2021-11-20,2023-07-21,40,20,150.0,43,43,1,588,269.7,62.6,Approved,8.3,0,0.0,Low/Plains,0.1,0.41,2026-04-10,OCMS_Historical,Under Implementation,1,1
PAIMANA-SEC_REN-2015-1014,Ultra Mega Solar Park (37 MW) with Battery Storage at Inter-State Hub,MNRE,Ministry of New and Renewable Energy,SEC_REN,Solar & Renewable Green Energy,Multi-State / National,National,SECI,21.8749,79.206,186.42,217.23,30.81,16.53,87.77,40.4,63.3,2015-10-03,2017-06-02,2019-07-02,20,25,150.0,37,37,1,774,1532.4,76.0,Approved,3.6,0,0.0,Low/Plains,0.74,0.53,2026-04-10,OCMS_Historical,Under Implementation,1,1
PAIMANA-SEC_AIR-2021-1015,Greenfield International Airport Terminal-35 & Parallel Runway at Shillong,MoCA,Ministry of Civil Aviation,SEC_AIR,Regional & Greenfield Airports,Meghalaya,North-East,AAI,25.3104,90.9555,222.95,251.74,28.79,12.91,151.92,60.3,100.0,2021-06-25,2022-12-24,2022-12-24,18,0,150.0,12,12,0,0,1699.8,82.5,Approved,4.5,0,0.0,High/Himalayan/Riverine,0.59,0.3,2026-04-10,PAIMANA_Live,Commissioned,1,0
PAIMANA-SEC_HEALTH-2018-1016,All India Institute of Medical Sciences (AIIMS) 750-Bed Super-Specialty Campus at Angul,MoHFW,Ministry of Health and Family Welfare,SEC_HEALTH,AIIMS & Super-Specialty Medical Infra,Odisha,East,MoHFW/HSCC,20.6045,84.91,672.79,824.8,152.01,22.59,391.4,47.5,73.0,2018-10-26,2021-07-25,2024-04-23,33,33,150.0,12,12,1,1035,729.3,57.5,Approved,6.3,2,504.17,Low/Plains,0.23,0.21,2026-04-10,OCMS_Historical,Under Implementation,1,1
PAIMANA-SEC_SMART-2018-1017,Special Investment Region Trunk Infrastructure & Utilities at Gwalior,MoHUA,Ministry of Housing and Urban Affairs,SEC_SMART,Smart Cities & Industrial Corridors,Madhya Pradesh,Central,Dholera/DMIC,22.385,78.1472,438.53,524.89,86.36,19.69,206.72,39.4,61.6,2018-09-16,2020-08-15,2023-03-15,23,31,150.0,15,15,1,917,285.0,72.7,Stage-I,3.7,0,0.0,Low/Plains,0.56,0.5,2026-04-10,OCMS_Historical,Under Implementation,1,1
PAIMANA-SEC_PWR_GEN-2022-1018,Ultra Mega Supercritical Thermal Power Project (49x800 MW) at Varanasi,MoP,Ministry of Power,SEC_PWR_GEN,Thermal & Hydro Power Generation,Uttar Pradesh,North,NTPC,27.1828,81.4072,1547.11,2026.73,479.62,31.0,929.13,45.8,71.7,2022-01-27,2024-12-26,2027-05-26,35,29,144.6,47,47,1,874,829.7,67.7,Approved,9.5,4,1013.71,High/Himalayan/Riverine,0.58,0.38,2026-04-10,PAIMANA_Live,Under Implementation,1,1
PAIMANA-SEC_WATER-2023-1019,Comprehensive Sewage Treatment & River Cleaning Mission at Durgapur,MoHUA,Ministry of Housing and Urban Affairs,SEC_WATER,Water Supply & Urban Sanitation,West Bengal,East,NMCG,23.4334,88.2853,484.44,656.1,171.66,35.43,252.1,38.4,61.9,2023-12-05,2025-10-03,2028-06-01,22,32,129.0,22,22,1,946,177.9,80.5,Stage-II Pending,9.4,3,569.07,High/Himalayan/Riverine,0.74,0.31,2026-04-10,PAIMANA_Live,Under Implementation,1,1
PAIMANA-SEC_METRO-2017-1020,Urban Light Rail Transit / MetroLite System for Nizamabad Smart City,MoHUA,Ministry of Housing and Urban Affairs,SEC_METRO,Metro Rail & Urban Transit,Telangana,South,Metro Rail Corp,17.6508,79.5838,300.04,326.3,26.26,8.75,158.53,48.6,71.9,2017-08-12,2019-07-12,2021-01-09,23,18,150.0,26,26,1,546,482.8,74.8,Stage-I,6.5,0,0.0,Low/Plains,0.89,0.36,2026-04-10,OCMS_Historical,Under Implementation,0,1
PAIMANA-SEC_REN-2023-1021,Ultra Mega Solar Park (70 MW) with Battery Storage at Coimbatore,MNRE,Ministry of New and Renewable Energy,SEC_REN,Solar & Renewable Green Energy,Tamil Nadu,South,SECI,11.6378,78.703,4619.18,5345.01,725.83,15.71,1873.07,35.0,50.7,2023-05-02,2027-07-30,2029-10-27,51,27,69.6,39,28,7,833,612.9,74.2,Approved,6.4,1,54.7,Low/Plains,0.44,0.84,2026-04-10,PAIMANA_Live,Under Implementation,1,1
PAIMANA-SEC_SMART-2017-1022,Special Investment Region Trunk Infrastructure & Utilities at Aurangabad,MoHUA,Ministry of Housing and Urban Affairs,SEC_SMART,Smart Cities & Industrial Corridors,Maharashtra,West,Dholera/DMIC,19.5063,75.2666,926.23,940.66,14.43,1.56,619.74,65.9,100.0,2017-06-14,2019-03-14,2019-03-14,21,0,150.0,33,33,0,0,1381.8,91.8,Exempted,7.0,0,0.0,Low/Plains,0.58,0.45,2026-04-10,OCMS_Historical,Commissioned,0,0
PAIMANA-SEC_WATER-2020-1023,Comprehensive Sewage Treatment & River Cleaning Mission at Madurai,MoHUA,Ministry of Housing and Urban Affairs,SEC_WATER,Water Supply & Urban Sanitation,Tamil Nadu,South,NMCG,11.0949,79.1383,1223.85,1371.67,147.82,12.08,730.17,53.2,82.3,2020-11-24,2023-01-23,2023-10-23,26,9,150.0,48,48,1,273,385.3,66.9,Approved,8.9,0,0.0,Low/Plains,0.47,0.61,2026-04-10,PAIMANA_Live,Under Implementation,1,1
PAIMANA-SEC_REN-2015-1024,Ultra Mega Solar Park (64 MW) with Battery Storage at Thiruvananthapuram,MNRE,Ministry of New and Renewable Energy,SEC_REN,Solar & Renewable Green Energy,Kerala,South,SECI,10.984,76.5933,296.51,310.9,14.39,4.85,196.89,63.3,100.0,2015-05-17,2017-05-15,2017-05-15,24,0,150.0,17,17,0,0,544.4,87.1,Approved,8.4,0,0.0,Low/Plains,0.6,0.33,2026-04-10,OCMS_Historical,Commissioned,0,0
PAIMANA-SEC_IRR-2020-1025,National River Interlinking Canal & Barrage System (Amritsar-Patiala),DoWR,"Department of Water Resources, RD & GR",SEC_IRR,National River Link & Irrigation,Punjab,North,NWDA,31.216,75.8422,684.33,923.33,239.0,34.92,373.44,40.4,64.5,2020-11-19,2022-10-19,2025-11-16,23,37,150.0,36,36,1,1136,412.4,57.2,Stage-II Pending,5.4,1,273.33,High/Himalayan/Riverine,0.23,0.81,2026-04-10,PAIMANA_Live,Under Implementation,1,1
PAIMANA-SEC_PWR_TR-2021-1026,Substation Automation & GIS Grid Augmentation at Kandla,MoP,Ministry of Power,SEC_PWR_TR,Power Transmission & Grid,Gujarat,West,PGCIL,22.5511,71.162,1275.36,1418.65,143.29,11.24,877.06,61.8,100.0,2021-03-26,2024-03-24,2024-03-24,36,0,150.0,45,45,0,0,794.1,90.6,Approved,3.2,1,338.89,Low/Plains,0.66,0.72,2026-04-10,PAIMANA_Live,Commissioned,1,0
PAIMANA-SEC_PORT-2017-1027,Greenfield Deep-Water Major Port & Container Terminal Phase-2 at Ujjain,MoPSW,"Ministry of Ports, Shipping and Waterways",SEC_PORT,Major Ports & Maritime Channels,Madhya Pradesh,Central,Port Authority,23.2061,78.9046,384.58,503.78,119.2,30.99,219.39,43.5,74.3,2017-11-09,2020-06-08,2022-08-07,31,26,150.0,43,43,1,769,580.1,58.8,Approved,9.2,2,689.86,Moderate/Plateau,0.43,0.61,2026-04-10,OCMS_Historical,Under Implementation,1,1
PAIMANA-SEC_PET-2020-1028,Green Hydrogen & Bio-Ethanol Mega Plant at Thane,MoPNG,Ministry of Petroleum and Natural Gas,SEC_PET,Petroleum Pipelines & Refineries,Maharashtra,West,BPCL,19.5098,75.5819,1640.11,1914.86,274.75,16.75,1002.32,52.3,81.4,2020-07-11,2024-01-08,2026-01-06,42,24,150.0,41,41,1,729,1002.9,77.8,Exempted,3.5,0,0.0,Low/Plains,0.71,0.73,2026-04-10,PAIMANA_Live,Under Implementation,1,1
PAIMANA-SEC_WATER-2022-1029,Comprehensive Sewage Treatment & River Cleaning Mission at Guntur,MoHUA,Ministry of Housing and Urban Affairs,SEC_WATER,Water Supply & Urban Sanitation,Andhra Pradesh,South,NMCG,16.0232,79.9356,648.72,763.66,114.94,17.72,348.48,45.6,70.9,2022-12-24,2025-10-22,2027-10-21,34,24,116.9,26,23,2,736,940.6,60.3,Exempted,7.8,1,303.67,Low/Plains,0.79,0.34,2026-04-10,PAIMANA_Live,Under Implementation,1,1
PAIMANA-SEC_PET-2020-1030,Strategic Petroleum Reserve Underground Rock Caverns at Vadodara,MoPNG,Ministry of Petroleum and Natural Gas,SEC_PET,Petroleum Pipelines & Refineries,Gujarat,West,ISPRL,22.5575,70.6549,870.0,989.27,119.27,13.71,490.46,49.6,73.9,2020-03-28,2022-11-25,2024-11-23,32,24,150.0,23,22,1,718,1762.4,73.6,Exempted,6.5,0,0.0,Moderate/Plateau,0.72,0.47,2026-04-10,PAIMANA_Live,Under Implementation,1,1
PAIMANA-SEC_TEL-2017-1031,BharatNet Rural Optical Fiber Network Phase-4 across Faridabad,DoT,Department of Telecommunications,SEC_TEL,Telecommunication & BharatNet Fiber,Haryana,North,BBNL,28.7663,75.9283,648.06,665.82,17.76,2.74,421.68,63.3,100.0,2017-11-03,2019-05-04,2019-05-04,18,0,150.0,13,13,0,0,70.0,85.5,Stage-I,8.6,0,0.0,Low/Plains,0.53,0.7,2026-04-10,OCMS_Historical,Commissioned,0,0
PAIMANA-SEC_HEAVY-2023-1032,Heavy Machine Tools & Engineering Foundry Unit in Prayagraj,MHI,Ministry of Heavy Industries,SEC_HEAVY,Heavy Engineering & Capital Goods,Uttar Pradesh,North,HMT,27.0754,81.0989,6669.3,6675.07,5.77,0.09,1527.08,22.9,35.2,2023-12-23,2029-08-20,2029-08-20,68,0,40.8,22,8,0,0,1450.0,92.1,Approved,5.2,0,0.0,High/Himalayan/Riverine,0.78,0.38,2026-04-10,PAIMANA_Live,Under Implementation,0,0
PAIMANA-SEC_PWR_TR-2018-1033,765kV High Voltage Direct Current (HVDC) Inter-Regional Grid (Haldia-Asansol),MoP,Ministry of Power,SEC_PWR_TR,Power Transmission & Grid,West Bengal,East,PGCIL,22.907,87.6896,1133.18,1181.06,47.88,4.23,762.89,64.6,100.0,2018-11-20,2020-11-18,2020-11-18,24,0,150.0,48,48,0,0,1507.5,77.2,Approved,5.5,1,126.91,Moderate/Plateau,0.44,0.25,2026-04-10,OCMS_Historical,Commissioned,0,0
PAIMANA-SEC_IRR-2016-1034,Lift Irrigation & Pressurized Piped Distribution Network in Surat,DoWR,"Department of Water Resources, RD & GR",SEC_IRR,National River Link & Irrigation,Gujarat,West,WRD,22.3425,71.3942,420.22,524.28,104.06,24.76,226.89,43.3,72.6,2016-07-06,2019-02-03,2021-09-02,31,31,150.0,29,29,1,942,807.3,68.8,Exempted,7.4,1,226.81,Low/Plains,0.46,0.73,2026-04-10,OCMS_Historical,Under Implementation,1,1
PAIMANA-SEC_STEEL-2014-1035,Integrated Steel Plant Modernization & Pelletization Unit at Kandla,MoSteel,Ministry of Steel,SEC_STEEL,Steel Plants & Metallurgy Units,Gujarat,West,SAIL,22.1464,71.2586,2507.46,2910.69,403.23,16.08,1454.67,50.0,75.3,2014-08-28,2018-02-24,2020-04-24,42,26,150.0,23,23,1,786,533.6,93.0,Approved,5.9,1,251.03,Low/Plains,0.39,0.48,2026-04-10,OCMS_Historical,Under Implementation,1,1
PAIMANA-SEC_METRO-2021-1036,Urban Light Rail Transit / MetroLite System for Madurai Smart City,MoHUA,Ministry of Housing and Urban Affairs,SEC_METRO,Metro Rail & Urban Transit,Tamil Nadu,South,Metro Rail Corp,11.7231,78.7174,359.89,407.07,47.18,13.11,196.46,48.3,74.0,2021-11-23,2024-04-22,2026-01-20,29,21,150.0,40,40,1,629,895.3,68.1,Approved,3.7,0,0.0,Low/Plains,0.18,0.62,2026-04-10,PAIMANA_Live,Under Implementation,1,1
PAIMANA-SEC_TEL-2021-1037,National 5G High-Density Core Network Infrastructure in Paradip,DoT,Department of Telecommunications,SEC_TEL,Telecommunication & BharatNet Fiber,Odisha,East,BSNL,21.3509,84.854,1399.72,1789.94,390.22,27.88,810.91,45.3,72.9,2021-05-10,2023-12-08,2026-05-07,31,29,150.0,26,26,1,862,518.0,50.9,Approved,5.0,1,305.14,High/Himalayan/Riverine,0.19,0.31,2026-04-10,PAIMANA_Live,Under Implementation,1,1
PAIMANA-SEC_TEL-2016-1038,National 5G High-Density Core Network Infrastructure in Kochi,DoT,Department of Telecommunications,SEC_TEL,Telecommunication & BharatNet Fiber,Kerala,South,BSNL,10.6593,76.8297,178.38,216.65,38.27,21.45,105.63,48.8,76.3,2016-05-01,2018-10-30,2020-11-28,30,25,150.0,20,20,1,779,1595.2,66.4,Approved,3.3,1,99.79,Low/Plains,0.91,0.48,2026-04-10,OCMS_Historical,Under Implementation,1,1
PAIMANA-SEC_PORT-2021-1039,Port Connectivity Dedicated Rail-Sea Multimodal Corridor at Noida,MoPSW,"Ministry of Ports, Shipping and Waterways",SEC_PORT,Major Ports & Maritime Channels,Uttar Pradesh,North,Sagarmala Dev,26.9164,80.8456,325.0,364.52,39.52,12.16,222.58,61.1,100.0,2021-02-27,2022-08-28,2022-08-28,18,0,150.0,37,37,0,0,1226.8,91.8,Stage-II Pending,6.1,0,0.0,High/Himalayan/Riverine,0.11,0.61,2026-04-10,PAIMANA_Live,Commissioned,1,0
PAIMANA-SEC_HEAVY-2023-1040,Heavy Electrical Equipment & Gas Turbine Manufacturing Facility at Bhubaneswar,MHI,Ministry of Heavy Industries,SEC_HEAVY,Heavy Engineering & Capital Goods,Odisha,East,BHEL,21.1442,84.687,1383.85,1634.93,251.08,18.14,607.17,37.1,58.3,2023-04-25,2026-07-23,2029-01-20,39,30,91.6,36,29,3,940,473.5,74.4,Approved,4.6,0,0.0,Low/Plains,0.49,0.71,2026-04-10,PAIMANA_Live,Under Implementation,1,1
PAIMANA-SEC_REN-2022-1041,Green Ammonia & Hydrogen Renewable Energy Island at Barauni,MNRE,Ministry of New and Renewable Energy,SEC_REN,Solar & Renewable Green Energy,Bihar,East,SECI,24.7762,85.0306,2314.97,2412.13,97.16,4.2,1532.95,63.6,100.0,2022-02-06,2024-08-06,2024-08-06,30,0,150.0,38,38,0,0,192.0,78.6,Exempted,6.8,0,0.0,Moderate/Plateau,0.73,0.57,2026-04-10,PAIMANA_Live,Commissioned,0,0
PAIMANA-SEC_INLAND-2023-1042,Fairway Development & River Ro-Ro Terminal Facility in Mysuru,MoPSW,"Ministry of Ports, Shipping and Waterways",SEC_INLAND,National Waterways & River Ports,Karnataka,South,IWAI,15.5437,75.9536,1350.74,1606.72,255.98,18.95,609.62,37.9,65.2,2023-11-26,2026-03-26,2028-05-24,28,26,102.4,39,32,6,774,1661.3,96.5,Stage-II Pending,7.6,1,167.21,Moderate/Plateau,0.31,0.69,2026-04-10,PAIMANA_Live,Under Implementation,1,1
PAIMANA-SEC_PORT-2022-1043,Greenfield Deep-Water Major Port & Container Terminal Phase-3 at Indore,MoPSW,"Ministry of Ports, Shipping and Waterways",SEC_PORT,Major Ports & Maritime Channels,Madhya Pradesh,Central,Port Authority,22.4217,78.9644,1028.38,1167.95,139.57,13.57,707.21,60.6,100.0,2022-09-16,2025-07-15,2025-07-15,34,0,126.5,17,17,0,0,1186.3,86.9,Approved,6.5,0,0.0,High/Himalayan/Riverine,0.19,0.74,2026-04-10,PAIMANA_Live,Commissioned,1,0
PAIMANA-SEC_CHEM-2022-1044,Petrochemical Derivative & Polymer Manufacturing Unit at Bhubaneswar,MoCF,Ministry of Chemicals and Fertilizers,SEC_CHEM,Fertilizer Plants & Petrochemicals,Odisha,East,HURL,21.1468,84.979,862.26,1032.76,170.5,19.77,411.52,39.8,65.8,2022-11-15,2025-01-13,2027-11-12,26,34,150.0,23,23,1,1010,505.4,55.3,Stage-II Pending,7.7,0,0.0,Low/Plains,0.31,0.56,2026-04-10,PAIMANA_Live,Under Implementation,1,1
PAIMANA-SEC_HEALTH-2014-1045,National Centre for Disease Control & Bio-Safety Level 4 Lab at Belagavi,MoHFW,Ministry of Health and Family Welfare,SEC_HEALTH,AIIMS & Super-Specialty Medical Infra,Karnataka,South,MoHFW,15.0378,75.2711,281.75,335.33,53.58,19.02,141.3,42.1,72.3,2014-08-03,2016-08-01,2018-08-31,24,25,150.0,28,28,1,777,669.1,82.1,Exempted,5.4,0,0.0,High/Himalayan/Riverine,0.84,0.27,2026-04-10,OCMS_Historical,Under Implementation,1,1
PAIMANA-SEC_AIR-2021-1046,Air Cargo Hub & Aircraft Maintenance Repair Overhaul (MRO) at Udaipur,MoCA,Ministry of Civil Aviation,SEC_AIR,Regional & Greenfield Airports,Rajasthan,North,AAI,27.6145,74.7134,579.26,592.25,12.99,2.24,376.14,63.5,100.0,2021-12-16,2023-07-16,2023-07-16,19,0,150.0,13,13,0,0,930.5,80.9,Stage-II Pending,8.1,0,0.0,Low/Plains,0.67,0.33,2026-04-10,PAIMANA_Live,Commissioned,0,0
PAIMANA-SEC_IRR-2015-1047,National River Interlinking Canal & Barrage System (Salem-Tiruchirappalli),DoWR,"Department of Water Resources, RD & GR",SEC_IRR,National River Link & Irrigation,Tamil Nadu,South,NWDA,10.7558,78.7762,741.0,780.91,39.91,5.39,504.6,64.6,100.0,2015-11-27,2017-08-26,2017-08-26,21,0,150.0,43,43,0,0,255.7,75.3,Approved,3.3,0,0.0,Low/Plains,0.4,0.27,2026-04-10,OCMS_Historical,Commissioned,0,0
PAIMANA-SEC_PWR_GEN-2015-1048,Subansiri/Tehri Stage-II Hydroelectric Dam & Powerhouse (Kota),MoP,Ministry of Power,SEC_PWR_GEN,Thermal & Hydro Power Generation,Rajasthan,North,SJVN,27.0701,74.032,3133.4,3387.37,253.97,8.11,2132.04,62.9,100.0,2015-05-25,2019-07-23,2019-07-23,50,0,150.0,33,33,0,0,1113.6,84.5,Approved,9.5,1,201.55,Moderate/Plateau,0.46,0.58,2026-04-10,OCMS_Historical,Commissioned,0,0
PAIMANA-SEC_HEALTH-2022-1049,National Centre for Disease Control & Bio-Safety Level 4 Lab at Ramagundam,MoHFW,Ministry of Health and Family Welfare,SEC_HEALTH,AIIMS & Super-Specialty Medical Infra,Telangana,South,MoHFW,17.6639,79.5777,1590.88,1897.88,307.0,19.3,853.98,45.0,74.2,2022-07-15,2025-05-13,2027-12-11,34,31,132.6,24,23,1,929,350.5,61.0,Approved,4.0,1,54.26,Low/Plains,0.22,0.68,2026-04-10,PAIMANA_Live,Under Implementation,1,1
PAIMANA-SEC_STEEL-2015-1050,Specialty Alloy & Hot Rolled Coil Expansion Facility at Hubballi,MoSteel,Ministry of Steel,SEC_STEEL,Steel Plants & Metallurgy Units,Karnataka,South,RINL,15.7485,75.5699,215.02,232.33,17.31,8.05,117.49,50.6,78.3,2015-08-04,2018-01-01,2019-07-02,29,18,150.0,41,40,1,580,1617.4,99.2,Stage-I,3.7,0,0.0,Moderate/Plateau,0.69,0.38,2026-04-10,OCMS_Historical,Under Implementation,0,1
PAIMANA-SEC_STEEL-2021-1051,Integrated Steel Plant Modernization & Pelletization Unit at Ramagundam,MoSteel,Ministry of Steel,SEC_STEEL,Steel Plants & Metallurgy Units,Telangana,South,SAIL,17.8718,78.454,1561.63,1700.14,138.51,8.87,1073.92,63.2,100.0,2021-09-02,2023-11-01,2023-11-01,26,0,150.0,27,27,0,0,987.4,77.2,Approved,8.4,0,0.0,Moderate/Plateau,0.85,0.53,2026-04-10,PAIMANA_Live,Commissioned,0,0
PAIMANA-SEC_STEEL-2014-1052,Integrated Steel Plant Modernization & Pelletization Unit at Belagavi,MoSteel,Ministry of Steel,SEC_STEEL,Steel Plants & Metallurgy Units,Karnataka,South,SAIL,15.2707,75.4187,796.14,937.43,141.29,17.75,378.43,40.4,67.8,2014-05-12,2016-10-09,2019-11-07,29,37,150.0,39,39,1,1131,1456.2,85.0,Exempted,3.6,1,39.83,Low/Plains,0.78,0.5,2026-04-10,OCMS_Historical,Under Implementation,1,1
PAIMANA-SEC_PORT-2014-1053,Port Connectivity Dedicated Rail-Sea Multimodal Corridor at Kota,MoPSW,"Ministry of Ports, Shipping and Waterways",SEC_PORT,Major Ports & Maritime Channels,Rajasthan,North,Sagarmala Dev,26.8814,74.0487,603.37,746.35,142.98,23.7,353.71,47.4,77.8,2014-08-10,2017-05-09,2019-06-08,33,25,150.0,22,22,1,775,612.0,94.8,Approved,6.3,1,235.0,High/Himalayan/Riverine,0.11,0.35,2026-04-10,OCMS_Historical,Under Implementation,1,1
PAIMANA-SEC_AIR-2018-1054,Greenfield International Airport Terminal-90 & Parallel Runway at Kakinada,MoCA,Ministry of Civil Aviation,SEC_AIR,Regional & Greenfield Airports,Andhra Pradesh,South,AAI,16.2196,80.061,2052.26,2291.27,239.01,11.65,1285.67,56.1,84.6,2018-01-27,2021-05-27,2022-11-25,40,18,150.0,29,29,1,578,59.3,63.5,Stage-I,7.1,1,266.84,Moderate/Plateau,0.54,0.3,2026-04-10,OCMS_Historical,Under Implementation,1,1
PAIMANA-SEC_SMART-2016-1055,Special Investment Region Trunk Infrastructure & Utilities at Rourkela,MoHUA,Ministry of Housing and Urban Affairs,SEC_SMART,Smart Cities & Industrial Corridors,Odisha,East,Dholera/DMIC,21.2955,85.5503,3056.59,3220.81,164.22,5.37,2013.05,62.5,100.0,2016-11-04,2019-12-03,2019-12-03,37,0,150.0,31,31,0,0,1348.9,85.9,Stage-II Pending,8.2,1,234.13,Moderate/Plateau,0.59,0.64,2026-04-10,OCMS_Historical,Commissioned,0,0
PAIMANA-SEC_TEL-2022-1056,BharatNet Rural Optical Fiber Network Phase-3 across Visakhapatnam,DoT,Department of Telecommunications,SEC_TEL,Telecommunication & BharatNet Fiber,Andhra Pradesh,South,BBNL,16.2617,79.1567,2780.32,3420.1,639.78,23.01,1477.14,43.2,70.5,2022-09-09,2025-12-07,2028-11-05,39,35,110.9,28,24,3,1082,1303.7,86.7,Approved,6.0,2,369.73,Low/Plains,0.17,0.69,2026-04-10,PAIMANA_Live,Under Implementation,1,1
PAIMANA-SEC_HEALTH-2015-1057,All India Institute of Medical Sciences (AIIMS) 750-Bed Super-Specialty Campus at Hisar,MoHFW,Ministry of Health and Family Welfare,SEC_HEALTH,AIIMS & Super-Specialty Medical Infra,Haryana,North,MoHFW/HSCC,28.8214,75.9756,517.16,577.84,60.68,11.73,267.34,46.3,67.9,2015-08-12,2017-08-10,2019-08-09,24,24,150.0,36,36,1,748,1204.1,58.0,Exempted,7.4,0,0.0,Low/Plains,0.69,0.35,2026-04-10,OCMS_Historical,Under Implementation,1,1
PAIMANA-SEC_PWR_GEN-2014-1058,Subansiri/Tehri Stage-II Hydroelectric Dam & Powerhouse (Tiruchirappalli),MoP,Ministry of Power,SEC_PWR_GEN,Thermal & Hydro Power Generation,Tamil Nadu,South,SJVN,10.6459,78.6441,855.64,994.72,139.08,16.25,494.83,49.7,77.0,2014-01-10,2016-10-09,2018-05-09,33,19,150.0,19,19,1,584,1208.4,41.2,Approved,7.8,0,0.0,Low/Plains,0.32,0.22,2026-04-10,OCMS_Historical,Under Implementation,1,1
PAIMANA-SEC_WATER-2018-1059,Urban 24x7 Water Supply & Advanced Smart Grid Pipeline in Tuticorin,MoHUA,Ministry of Housing and Urban Affairs,SEC_WATER,Water Supply & Urban Sanitation,Tamil Nadu,South,Jal Nigam,11.6889,79.1957,1572.32,1897.74,325.42,20.7,912.87,48.1,73.4,2018-01-23,2020-12-22,2023-12-21,35,36,150.0,25,25,1,1071,1025.3,94.4,Stage-II Pending,5.3,2,697.43,Moderate/Plateau,0.82,0.37,2026-04-10,OCMS_Historical,Under Implementation,1,1
PAIMANA-SEC_IRR-2015-1060,National River Interlinking Canal & Barrage System (Pune-Solapur),DoWR,"Department of Water Resources, RD & GR",SEC_IRR,National River Link & Irrigation,Maharashtra,West,NWDA,20.0979,75.8291,2899.73,3180.77,281.04,9.69,1659.4,52.2,78.0,2015-11-07,2018-10-06,2020-07-05,35,21,150.0,15,15,1,665,216.1,88.6,Exempted,4.8,0,0.0,Low/Plains,0.12,0.45,2026-04-10,OCMS_Historical,Under Implementation,0,1
PAIMANA-SEC_PORT-2016-1061,Port Connectivity Dedicated Rail-Sea Multimodal Corridor at Kolkata,MoPSW,"Ministry of Ports, Shipping and Waterways",SEC_PORT,Major Ports & Maritime Channels,West Bengal,East,Sagarmala Dev,22.892,87.3914,728.07,826.3,98.23,13.49,427.21,51.7,80.5,2016-03-18,2018-04-17,2019-03-17,25,11,150.0,23,23,1,315,597.4,59.6,Approved,8.2,0,0.0,Moderate/Plateau,0.58,0.64,2026-04-10,OCMS_Historical,Under Implementation,1,1
PAIMANA-SEC_PET-2021-1062,Strategic Petroleum Reserve Underground Rock Caverns at Kharagpur,MoPNG,Ministry of Petroleum and Natural Gas,SEC_PET,Petroleum Pipelines & Refineries,West Bengal,East,ISPRL,23.5851,88.2718,962.21,1199.24,237.03,24.63,544.93,45.4,70.0,2021-08-25,2024-02-23,2026-10-22,30,32,150.0,44,44,1,1005,1066.7,91.8,Approved,9.3,3,388.61,Low/Plains,0.28,0.9,2026-04-10,PAIMANA_Live,Under Implementation,1,1
PAIMANA-SEC_WATER-2015-1063,Comprehensive Sewage Treatment & River Cleaning Mission at Angul,MoHUA,Ministry of Housing and Urban Affairs,SEC_WATER,Water Supply & Urban Sanitation,Odisha,East,NMCG,20.9584,85.0147,401.25,466.61,65.36,16.29,213.69,45.8,71.8,2015-08-23,2018-01-20,2019-10-20,29,21,150.0,16,16,1,619,1457.7,64.7,Stage-I,7.7,0,0.0,Low/Plains,0.53,0.68,2026-04-10,OCMS_Historical,Under Implementation,1,1
PAIMANA-SEC_PWR_TR-2022-1064,Green Energy Corridor Intra-State Transmission Scheme Phase-3 in Cuttack,MoP,Ministry of Power,SEC_PWR_TR,Power Transmission & Grid,Odisha,East,POWERGRID,20.6576,85.6428,368.42,411.8,43.38,11.77,253.36,61.5,100.0,2022-12-28,2024-08-27,2024-08-27,20,0,150.0,39,39,0,0,531.8,92.1,Stage-I,6.2,1,295.52,Low/Plains,0.12,0.75,2026-04-10,PAIMANA_Live,Commissioned,1,0
PAIMANA-SEC_SMART-2021-1065,Special Investment Region Trunk Infrastructure & Utilities at Hyderabad,MoHUA,Ministry of Housing and Urban Affairs,SEC_SMART,Smart Cities & Industrial Corridors,Telangana,South,Dholera/DMIC,18.2329,78.8413,2483.7,3225.92,742.22,29.88,1210.82,37.5,61.5,2021-02-03,2023-11-03,2027-09-01,33,46,150.0,17,16,1,1400,1516.8,31.7,Approved,5.0,3,631.11,Low/Plains,0.4,0.24,2026-04-10,PAIMANA_Live,Under Implementation,1,1
PAIMANA-SEC_LOG-2022-1066,Multimodal Logistics Park (MMLP) with Inland Container Depot at Jabalpur,MoRTH,Ministry of Road Transport and Highways,SEC_LOG,Multimodal Logistics Parks (MMLP),Madhya Pradesh,Central,NHLML,22.7013,78.9718,4163.18,4817.65,654.47,15.72,1536.08,31.9,53.0,2022-04-05,2027-04-03,2029-06-01,60,26,80.6,26,21,5,788,198.0,82.2,Approved,8.9,2,161.76,Moderate/Plateau,0.34,0.76,2026-04-10,PAIMANA_Live,Under Implementation,1,1
PAIMANA-SEC_STEEL-2019-1067,Integrated Steel Plant Modernization & Pelletization Unit at Mumbai,MoSteel,Ministry of Steel,SEC_STEEL,Steel Plants & Metallurgy Units,Maharashtra,West,SAIL,19.5606,75.558,1071.91,1167.68,95.77,8.93,737.15,63.1,100.0,2019-01-06,2021-01-04,2021-01-04,24,0,150.0,48,48,0,0,1620.4,80.8,Approved,5.4,0,0.0,Moderate/Plateau,0.82,0.86,2026-04-10,OCMS_Historical,Commissioned,0,0
PAIMANA-SEC_STEEL-2023-1068,Integrated Steel Plant Modernization & Pelletization Unit at Mangaluru,MoSteel,Ministry of Steel,SEC_STEEL,Steel Plants & Metallurgy Units,Karnataka,South,SAIL,15.2332,75.4538,2977.87,3297.41,319.54,10.73,1266.73,38.4,58.2,2023-10-03,2026-10-01,2028-01-30,36,16,84.6,21,13,2,482,174.3,84.8,Approved,4.3,0,0.0,Moderate/Plateau,0.92,0.51,2026-04-10,PAIMANA_Live,Under Implementation,0,1
PAIMANA-SEC_SMART-2023-1069,Special Investment Region Trunk Infrastructure & Utilities at Silchar,MoHUA,Ministry of Housing and Urban Affairs,SEC_SMART,Smart Cities & Industrial Corridors,Assam,North-East,Dholera/DMIC,26.497,92.5484,1618.35,1817.56,199.21,12.31,759.74,41.8,69.3,2023-08-17,2026-05-16,2027-03-16,33,10,96.9,14,13,1,298,620.9,83.5,Approved,7.6,0,0.0,High/Himalayan/Riverine,0.22,0.44,2026-04-10,PAIMANA_Live,Under Implementation,1,1
PAIMANA-SEC_ATOM-2022-1070,Fast Breeder Reactor & Reprocessing Facility at Varanasi,DAE,Department of Atomic Energy,SEC_ATOM,Atomic Energy & Nuclear Power,Uttar Pradesh,North,BHAVINI,26.3849,80.3712,621.88,715.88,94.0,15.12,317.47,44.3,75.4,2022-12-08,2025-08-06,2027-11-04,32,27,125.9,47,40,1,820,194.8,42.3,Approved,7.0,0,0.0,Moderate/Plateau,0.33,0.54,2026-04-10,PAIMANA_Live,Under Implementation,1,1
PAIMANA-SEC_STEEL-2016-1071,Integrated Steel Plant Modernization & Pelletization Unit at Gwalior,MoSteel,Ministry of Steel,SEC_STEEL,Steel Plants & Metallurgy Units,Madhya Pradesh,Central,SAIL,22.986,78.1937,1617.98,1855.76,237.78,14.7,937.4,50.5,81.1,2016-10-15,2019-09-14,2021-02-11,35,17,150.0,17,17,1,522,586.3,97.4,Stage-I,8.3,2,240.3,Low/Plains,0.81,0.89,2026-04-10,OCMS_Historical,Under Implementation,1,1
PAIMANA-SEC_MINE-2017-1072,Copper Ore Underground Mine Expansion Project in Mysuru,MoMines,Ministry of Mines,SEC_MINE,Strategic Mineral Extraction,Karnataka,South,HCL,15.0967,75.6416,4948.01,6087.32,1139.31,23.03,2928.35,48.1,76.7,2017-06-12,2022-01-09,2025-02-06,55,37,150.0,27,27,1,1106,391.5,88.5,Stage-II Pending,5.6,2,302.56,Low/Plains,0.49,0.73,2026-04-10,OCMS_Historical,Under Implementation,1,1
PAIMANA-SEC_CHEM-2021-1073,Petrochemical Derivative & Polymer Manufacturing Unit at Chennai,MoCF,Ministry of Chemicals and Fertilizers,SEC_CHEM,Fertilizer Plants & Petrochemicals,Tamil Nadu,South,HURL,11.618,78.7429,1109.4,1230.77,121.37,10.94,618.39,50.2,74.6,2021-11-10,2024-03-10,2025-11-08,28,20,150.0,15,15,1,614,1715.0,93.5,Approved,4.7,1,139.68,Moderate/Plateau,0.22,0.6,2026-04-10,PAIMANA_Live,Under Implementation,1,1
PAIMANA-SEC_COAL-2019-1074,Coal Bed Methane & Deep Underground Extraction Unit at Bhavnagar,MoCoal,Ministry of Coal,SEC_COAL,Coal Mining & Washeries,Gujarat,West,NCDC,22.5078,71.7816,5074.68,5347.31,272.63,5.37,3489.82,65.3,99.8,2019-10-16,2025-06-13,2025-06-13,68,0,114.8,21,21,0,0,432.7,87.1,Exempted,7.0,0,0.0,Moderate/Plateau,0.41,0.26,2026-04-10,OCMS_Historical,Commissioned,0,0
PAIMANA-SEC_MINE-2022-1075,Strategic Rare Earth & Bauxite Mining Complex at Amritsar,MoMines,Ministry of Mines,SEC_MINE,Strategic Mineral Extraction,Punjab,North,NALCO,31.3612,75.0822,157.0,177.3,20.3,12.93,107.97,60.9,100.0,2022-10-06,2024-10-04,2024-10-04,24,0,150.0,35,35,0,0,1442.9,92.1,Stage-II Pending,4.8,0,0.0,High/Himalayan/Riverine,0.77,0.64,2026-04-10,PAIMANA_Live,Commissioned,1,0
PAIMANA-SEC_SMART-2023-1076,Industrial Smart City & Integrated Manufacturing Node at Gorakhpur,MoHUA,Ministry of Housing and Urban Affairs,SEC_SMART,Smart Cities & Industrial Corridors,Uttar Pradesh,North,NICDC,27.1967,81.322,2505.93,2812.05,306.12,12.22,1722.59,61.3,94.6,2023-03-11,2026-01-07,2026-01-07,34,0,109.5,21,21,0,0,852.1,78.7,Approved,5.1,0,0.0,High/Himalayan/Riverine,0.5,0.53,2026-04-10,PAIMANA_Live,Nearing Completion,1,0
PAIMANA-SEC_SMART-2022-1077,Industrial Smart City & Integrated Manufacturing Node at Gorakhpur,MoHUA,Ministry of Housing and Urban Affairs,SEC_SMART,Smart Cities & Industrial Corridors,Uttar Pradesh,North,NICDC,27.26,80.4676,1246.76,1476.56,229.8,18.43,717.45,48.6,75.0,2022-02-21,2024-12-20,2027-07-20,34,31,146.6,44,44,1,926,902.7,49.9,Approved,4.5,0,0.0,Moderate/Plateau,0.87,0.56,2026-04-10,PAIMANA_Live,Under Implementation,1,1
PAIMANA-SEC_HEALTH-2022-1078,National Centre for Disease Control & Bio-Safety Level 4 Lab at Pune,MoHFW,Ministry of Health and Family Welfare,SEC_HEALTH,AIIMS & Super-Specialty Medical Infra,Maharashtra,West,MoHFW,19.9631,75.3989,863.98,1005.91,141.93,16.43,516.36,51.3,78.4,2022-01-22,2024-05-22,2025-12-20,28,19,150.0,20,20,1,566,111.1,60.6,Approved,6.2,0,0.0,Moderate/Plateau,0.19,0.63,2026-04-10,PAIMANA_Live,Under Implementation,1,1
PAIMANA-SEC_IRR-2023-1079,Lift Irrigation & Pressurized Piped Distribution Network in Kanpur,DoWR,"Department of Water Resources, RD & GR",SEC_IRR,National River Link & Irrigation,Uttar Pradesh,North,WRD,27.227,81.3077,1252.35,1571.23,318.88,25.46,629.55,40.1,60.8,2023-05-25,2026-05-23,2029-03-21,36,34,96.5,26,16,8,1062,714.6,43.3,Stage-I,4.8,1,204.54,High/Himalayan/Riverine,0.43,0.25,2026-04-10,PAIMANA_Live,Under Implementation,1,1
PAIMANA-SEC_PWR_GEN-2018-1080,Pumped Storage Hydroelectric Power Facility (61 MW) in Hisar,MoP,Ministry of Power,SEC_PWR_GEN,Thermal & Hydro Power Generation,Haryana,North,NHPC,29.5204,76.6022,173.72,223.74,50.02,28.79,90.25,40.3,67.2,2018-01-21,2020-05-21,2022-08-19,28,27,150.0,35,35,1,813,968.3,74.1,Exempted,7.6,3,311.82,Moderate/Plateau,0.68,0.42,2026-04-10,OCMS_Historical,Under Implementation,1,1
PAIMANA-SEC_WATER-2014-1081,Urban 24x7 Water Supply & Advanced Smart Grid Pipeline in Margao,MoHUA,Ministry of Housing and Urban Affairs,SEC_WATER,Water Supply & Urban Sanitation,Goa,West,Jal Nigam,15.5346,73.6906,931.61,1125.49,193.88,20.81,561.77,49.9,77.1,2014-07-17,2017-01-14,2018-03-15,30,14,150.0,27,27,1,419,1598.5,85.0,Approved,7.9,1,223.6,High/Himalayan/Riverine,0.37,0.44,2026-04-10,OCMS_Historical,Under Implementation,1,1
PAIMANA-SEC_CHEM-2021-1082,Petrochemical Derivative & Polymer Manufacturing Unit at Bhopal,MoCF,Ministry of Chemicals and Fertilizers,SEC_CHEM,Fertilizer Plants & Petrochemicals,Madhya Pradesh,Central,HURL,23.0895,78.0766,1611.41,1800.48,189.07,11.73,820.76,45.6,75.4,2021-10-01,2023-11-30,2025-08-29,26,21,150.0,13,13,1,622,506.8,79.7,Approved,3.8,0,0.0,Low/Plains,0.92,0.51,2026-04-10,PAIMANA_Live,Under Implementation,1,1
PAIMANA-SEC_MINE-2023-1083,Strategic Rare Earth & Bauxite Mining Complex at Madurai,MoMines,Ministry of Mines,SEC_MINE,Strategic Mineral Extraction,Tamil Nadu,South,NALCO,11.2899,79.2341,4673.23,5703.44,1030.21,22.04,1396.36,24.5,43.3,2023-04-23,2027-09-20,2030-07-19,53,34,67.5,30,16,4,1041,874.2,58.0,Stage-II Pending,8.6,1,33.63,Low/Plains,0.28,0.66,2026-04-10,PAIMANA_Live,Under Implementation,1,1
PAIMANA-SEC_PORT-2014-1084,LNG Import Terminal & Marine Jetty Infrastructure at Mysuru,MoPSW,"Ministry of Ports, Shipping and Waterways",SEC_PORT,Major Ports & Maritime Channels,Karnataka,South,Petronet,14.793,76.0453,701.52,774.67,73.15,10.43,356.98,46.1,68.0,2014-06-26,2016-01-24,2017-06-23,19,17,150.0,34,34,1,503,1598.0,87.0,Approved,4.5,0,0.0,Low/Plains,0.81,0.28,2026-04-10,OCMS_Historical,Under Implementation,0,1
PAIMANA-SEC_IRR-2014-1085,Lift Irrigation & Pressurized Piped Distribution Network in Jaipur,DoWR,"Department of Water Resources, RD & GR",SEC_IRR,National River Link & Irrigation,Rajasthan,North,WRD,26.8221,73.7673,532.48,642.95,110.47,20.75,247.75,38.5,62.2,2014-05-07,2015-11-05,2018-04-04,18,29,150.0,24,24,1,887,553.9,63.0,Approved,4.0,0,0.0,Moderate/Plateau,0.72,0.66,2026-04-10,OCMS_Historical,Under Implementation,1,1
PAIMANA-SEC_TEL-2020-1086,BharatNet Rural Optical Fiber Network Phase-2 across Gurugram,DoT,Department of Telecommunications,SEC_TEL,Telecommunication & BharatNet Fiber,Haryana,North,BBNL,28.8113,75.6087,712.61,837.89,125.28,17.58,391.52,46.7,74.4,2020-07-24,2023-02-21,2025-01-20,31,23,150.0,36,36,1,719,1041.6,70.1,Approved,8.7,2,99.98,Moderate/Plateau,0.49,0.28,2026-04-10,PAIMANA_Live,Under Implementation,1,1
PAIMANA-SEC_STEEL-2018-1087,Specialty Alloy & Hot Rolled Coil Expansion Facility at Madurai,MoSteel,Ministry of Steel,SEC_STEEL,Steel Plants & Metallurgy Units,Tamil Nadu,South,RINL,11.3325,78.5444,2738.7,2772.67,33.97,1.24,1824.55,65.8,100.0,2018-05-15,2022-03-13,2022-03-13,46,0,150.0,22,22,0,0,167.7,80.1,Approved,6.9,0,0.0,Moderate/Plateau,0.94,0.38,2026-04-10,OCMS_Historical,Commissioned,0,0
PAIMANA-SEC_MINE-2016-1088,Copper Ore Underground Mine Expansion Project in Singrauli,MoMines,Ministry of Mines,SEC_MINE,Strategic Mineral Extraction,Madhya Pradesh,Central,HCL,23.0621,78.6923,1568.57,1774.32,205.75,13.12,929.49,52.4,81.3,2016-01-05,2019-03-05,2020-07-03,38,16,150.0,14,14,1,488,658.2,88.1,Approved,7.3,0,0.0,Low/Plains,0.8,0.77,2026-04-10,OCMS_Historical,Under Implementation,1,1
PAIMANA-SEC_ATOM-2019-1089,Pressurized Heavy Water Reactor Nuclear Power Unit (29x700 MWe) at Hubballi,DAE,Department of Atomic Energy,SEC_ATOM,Atomic Energy & Nuclear Power,Karnataka,South,NPCIL,14.8645,76.1373,693.9,827.16,133.26,19.2,340.57,41.2,68.5,2019-11-09,2021-11-07,2023-12-07,24,25,150.0,19,19,1,768,684.5,83.3,Approved,6.4,2,178.23,Low/Plains,0.79,0.78,2026-04-10,OCMS_Historical,Under Implementation,1,1
PAIMANA-SEC_IRR-2016-1090,Lift Irrigation & Pressurized Piped Distribution Network in Singrauli,DoWR,"Department of Water Resources, RD & GR",SEC_IRR,National River Link & Irrigation,Madhya Pradesh,Central,WRD,23.5556,79.0074,1869.1,2219.95,350.85,18.77,1056.82,47.6,74.1,2016-12-15,2019-04-15,2020-11-12,28,19,150.0,32,32,1,612,580.8,54.6,Approved,5.9,0,0.0,High/Himalayan/Riverine,0.58,0.7,2026-04-10,OCMS_Historical,Under Implementation,1,1
PAIMANA-SEC_METRO-2021-1091,Regional Rapid Transit System (RRTS) Semi High-Speed Line (Ujjain-Jabalpur),MoHUA,Ministry of Housing and Urban Affairs,SEC_METRO,Metro Rail & Urban Transit,Madhya Pradesh,Central,NCRTC,23.1442,78.5969,1258.69,1427.7,169.01,13.43,769.79,53.9,82.6,2021-01-12,2024-04-11,2025-06-10,39,14,150.0,48,48,1,409,253.6,87.3,Approved,6.8,0,0.0,Moderate/Plateau,0.62,0.46,2026-04-10,PAIMANA_Live,Under Implementation,1,1
PAIMANA-SEC_SMART-2022-1092,Industrial Smart City & Integrated Manufacturing Node at Gorakhpur,MoHUA,Ministry of Housing and Urban Affairs,SEC_SMART,Smart Cities & Industrial Corridors,Uttar Pradesh,North,NICDC,26.5173,81.4832,2880.79,3167.47,286.68,9.95,1266.64,40.0,66.0,2022-06-05,2026-10-02,2028-07-01,52,21,89.2,23,20,2,647,671.1,68.7,Approved,4.4,0,0.0,Low/Plains,0.46,0.32,2026-04-10,PAIMANA_Live,Under Implementation,0,1
PAIMANA-SEC_MINE-2018-1093,Copper Ore Underground Mine Expansion Project in Jodhpur,MoMines,Ministry of Mines,SEC_MINE,Strategic Mineral Extraction,Rajasthan,North,HCL,26.4784,74.3876,589.14,747.52,158.38,26.88,304.09,40.7,66.0,2018-02-09,2019-12-09,2022-07-08,22,31,150.0,47,47,1,947,454.9,83.0,Stage-II Pending,7.4,1,150.08,High/Himalayan/Riverine,0.55,0.67,2026-04-10,OCMS_Historical,Under Implementation,1,1
PAIMANA-SEC_LOG-2018-1094,Central Freight Logistics & Cold Chain Infrastructure Hub at Kannur,MoRTH,Ministry of Road Transport and Highways,SEC_LOG,Multimodal Logistics Parks (MMLP),Kerala,South,CONCOR,11.0768,75.8608,840.78,970.41,129.63,15.42,505.05,52.0,77.6,2018-11-07,2021-11-05,2023-10-05,36,23,150.0,38,38,1,731,1492.8,76.3,Approved,5.7,2,198.28,Moderate/Plateau,0.51,0.56,2026-04-10,OCMS_Historical,Under Implementation,1,1
PAIMANA-SEC_WATER-2021-1095,Comprehensive Sewage Treatment & River Cleaning Mission at Asansol,MoHUA,Ministry of Housing and Urban Affairs,SEC_WATER,Water Supply & Urban Sanitation,West Bengal,East,NMCG,22.6843,87.3712,790.85,986.75,195.9,24.77,397.13,40.2,65.0,2021-08-07,2023-12-06,2026-08-04,28,32,150.0,21,20,1,970,619.1,70.1,Stage-I,8.5,3,447.21,Moderate/Plateau,0.33,0.89,2026-04-10,PAIMANA_Live,Under Implementation,1,1
PAIMANA-SEC_AIR-2020-1096,Greenfield International Airport Terminal-68 & Parallel Runway at Asansol,MoCA,Ministry of Civil Aviation,SEC_AIR,Regional & Greenfield Airports,West Bengal,East,AAI,22.9355,87.5439,285.79,342.12,56.33,19.71,139.83,40.9,65.9,2020-10-14,2022-07-14,2024-06-12,21,23,150.0,22,22,1,723,1204.1,68.6,Approved,6.8,0,0.0,Low/Plains,0.46,0.73,2026-04-10,PAIMANA_Live,Under Implementation,1,1
PAIMANA-SEC_LOG-2019-1097,Central Freight Logistics & Cold Chain Infrastructure Hub at Nagpur,MoRTH,Ministry of Road Transport and Highways,SEC_LOG,Multimodal Logistics Parks (MMLP),Maharashtra,West,CONCOR,19.6322,75.7982,1520.69,1839.91,319.22,20.99,683.36,37.1,63.6,2019-01-02,2021-10-01,2024-12-29,33,39,150.0,43,43,1,1189,737.9,87.4,Approved,8.7,4,241.52,Low/Plains,0.84,0.85,2026-04-10,OCMS_Historical,Under Implementation,1,1
PAIMANA-SEC_COAL-2019-1098,Mechanized Coal Washery & Pithead Rail Dispatch Facility (Nagpur),MoCoal,Ministry of Coal,SEC_COAL,Coal Mining & Washeries,Maharashtra,West,BCCL,19.7624,75.714,1470.87,1652.25,181.38,12.33,890.12,53.9,81.3,2019-09-10,2021-10-09,2023-01-08,25,15,150.0,36,36,1,443,118.9,85.9,Approved,8.4,0,0.0,Low/Plains,0.44,0.88,2026-04-10,OCMS_Historical,Under Implementation,1,1
PAIMANA-SEC_RLY-2014-1099,High-Speed Rail Bullet Train Section 11 (Kandla-Jamnagar),MoR,Ministry of Railways,SEC_RLY,Railways & High-Speed Rail,Gujarat,West,NHSRCL,22.3342,71.1623,1153.39,1395.34,241.95,20.98,642.1,46.0,75.5,2014-03-23,2016-10-20,2019-01-18,31,27,150.0,42,42,1,815,1291.5,71.9,Approved,6.0,2,569.78,Low/Plains,0.29,0.77,2026-04-10,OCMS_Historical,Under Implementation,1,1
PAIMANA-SEC_HWY-2019-1100,Economic Corridor NH-25 6-Lane Access Controlled Highway (Aurangabad),MoRTH,Ministry of Road Transport and Highways,SEC_HWY,Highways & Expressways,Maharashtra,West,NHAI,19.7806,75.9793,918.51,1047.14,128.63,14.0,553.21,52.8,80.4,2019-06-22,2021-04-20,2022-06-19,22,14,150.0,38,38,1,421,837.6,66.5,Approved,6.1,0,0.0,Low/Plains,0.24,0.6,2026-04-10,OCMS_Historical,Under Implementation,1,1
PAIMANA-SEC_ATOM-2016-1101,Fast Breeder Reactor & Reprocessing Facility at Jamshedpur,DAE,Department of Atomic Energy,SEC_ATOM,Atomic Energy & Nuclear Power,Jharkhand,East,BHAVINI,23.259,85.07,299.17,341.5,42.33,14.15,143.88,42.1,67.2,2016-11-08,2018-05-09,2020-02-06,18,21,150.0,48,48,1,616,319.3,74.2,Stage-I,3.6,0,0.0,Moderate/Plateau,0.26,0.65,2026-04-10,OCMS_Historical,Under Implementation,1,1
PAIMANA-SEC_SMART-2021-1102,Industrial Smart City & Integrated Manufacturing Node at Bilaspur,MoHUA,Ministry of Housing and Urban Affairs,SEC_SMART,Smart Cities & Industrial Corridors,Chhattisgarh,Central,NICDC,21.0369,82.3959,769.69,924.83,155.14,20.16,443.58,48.0,75.8,2021-09-13,2024-01-12,2025-11-10,28,22,150.0,23,23,1,688,1617.5,76.9,Stage-I,8.7,1,291.16,Low/Plains,0.23,0.72,2026-04-10,PAIMANA_Live,Under Implementation,1,1
PAIMANA-SEC_AIR-2018-1103,Greenfield International Airport Terminal-40 & Parallel Runway at Muzaffarpur,MoCA,Ministry of Civil Aviation,SEC_AIR,Regional & Greenfield Airports,Bihar,East,AAI,25.6425,84.8079,828.84,992.25,163.41,19.72,458.79,46.2,70.1,2018-12-07,2021-09-05,2024-07-04,33,34,150.0,32,32,1,1012,523.6,58.4,Stage-II Pending,5.1,0,0.0,Low/Plains,0.46,0.43,2026-04-10,OCMS_Historical,Under Implementation,1,1
PAIMANA-SEC_IRR-2018-1104,National River Interlinking Canal & Barrage System (Amritsar-Jalandhar),DoWR,"Department of Water Resources, RD & GR",SEC_IRR,National River Link & Irrigation,Punjab,North,NWDA,30.9435,75.3081,535.63,687.59,151.96,28.37,236.4,34.4,59.2,2018-12-16,2020-10-14,2023-11-12,22,37,150.0,24,24,1,1103,402.7,66.3,Stage-I,3.3,2,56.89,High/Himalayan/Riverine,0.94,0.41,2026-04-10,OCMS_Historical,Under Implementation,1,1
PAIMANA-SEC_SMART-2016-1105,Special Investment Region Trunk Infrastructure & Utilities at Dhanbad,MoHUA,Ministry of Housing and Urban Affairs,SEC_SMART,Smart Cities & Industrial Corridors,Jharkhand,East,Dholera/DMIC,23.6992,85.3221,984.75,1061.59,76.84,7.8,677.21,63.8,100.0,2016-01-18,2018-01-16,2018-01-16,24,0,150.0,38,38,0,0,492.8,87.7,Approved,7.2,1,207.75,Low/Plains,0.33,0.74,2026-04-10,OCMS_Historical,Commissioned,0,0
PAIMANA-SEC_RLY-2016-1106,High-Speed Rail Bullet Train Section 4 (Patna-Gaya),MoR,Ministry of Railways,SEC_RLY,Railways & High-Speed Rail,Bihar,East,NHSRCL,25.0413,85.4827,1684.89,2026.19,341.3,20.26,980.7,48.4,73.5,2016-07-27,2019-01-25,2021-07-25,30,30,150.0,14,14,1,896,458.3,87.3,Approved,7.2,2,60.15,Moderate/Plateau,0.39,0.53,2026-04-10,OCMS_Historical,Under Implementation,1,1
PAIMANA-SEC_MINE-2021-1107,Copper Ore Underground Mine Expansion Project in Ahmedabad,MoMines,Ministry of Mines,SEC_MINE,Strategic Mineral Extraction,Gujarat,West,HCL,22.3918,71.3589,6887.64,7857.17,969.53,14.08,3043.83,38.7,58.3,2021-03-28,2028-02-23,2029-05-24,83,15,73.1,41,20,11,445,864.3,85.8,Approved,6.0,0,0.0,Low/Plains,0.66,0.88,2026-04-10,PAIMANA_Live,Under Implementation,1,1
PAIMANA-SEC_ATOM-2020-1108,Fast Breeder Reactor & Reprocessing Facility at Jammu,DAE,Department of Atomic Energy,SEC_ATOM,Atomic Energy & Nuclear Power,Jammu & Kashmir,North,BHAVINI,34.0457,75.9899,1354.86,1571.27,216.41,15.97,632.72,40.3,66.3,2020-09-11,2022-09-10,2025-01-08,24,28,150.0,37,37,1,855,1059.5,78.3,Approved,5.5,2,302.42,Low/Plains,0.71,0.41,2026-04-10,PAIMANA_Live,Under Implementation,1,1
PAIMANA-SEC_INLAND-2019-1109,Fairway Development & River Ro-Ro Terminal Facility in Nizamabad,MoPSW,"Ministry of Ports, Shipping and Waterways",SEC_INLAND,National Waterways & River Ports,Telangana,South,IWAI,18.6612,78.9931,1465.98,1750.15,284.17,19.38,780.64,44.6,69.4,2019-12-08,2021-12-06,2024-01-05,24,25,150.0,19,18,1,778,1625.5,64.3,Approved,3.2,0,0.0,Moderate/Plateau,0.64,0.62,2026-04-10,OCMS_Historical,Under Implementation,1,1
PAIMANA-SEC_IRR-2023-1110,National River Interlinking Canal & Barrage System (Ramagundam-Nizamabad),DoWR,"Department of Water Resources, RD & GR",SEC_IRR,National River Link & Irrigation,Telangana,South,NWDA,18.5959,78.6619,1069.43,1279.89,210.46,19.68,475.29,37.1,63.9,2023-06-14,2026-07-12,2028-03-11,37,20,92.2,42,37,2,628,616.2,97.0,Approved,8.7,2,465.36,Low/Plains,0.44,0.71,2026-04-10,PAIMANA_Live,Under Implementation,1,1
PAIMANA-SEC_HEALTH-2016-1111,National Centre for Disease Control & Bio-Safety Level 4 Lab at Gorakhpur,MoHFW,Ministry of Health and Family Welfare,SEC_HEALTH,AIIMS & Super-Specialty Medical Infra,Uttar Pradesh,North,MoHFW,26.8016,81.3145,185.45,264.06,78.61,42.39,109.97,41.6,76.0,2016-03-11,2018-08-09,2020-08-07,29,24,150.0,40,40,1,710,50.1,94.6,Approved,8.8,3,613.57,Moderate/Plateau,0.17,0.58,2026-04-10,OCMS_Historical,Under Implementation,1,1
PAIMANA-SEC_HWY-2020-1112,Delhi-Mumbai Expressway Package 10 (Kolkata-Haldia Section),MoRTH,Ministry of Road Transport and Highways,SEC_HWY,Highways & Expressways,West Bengal,East,NHAI,23.3096,88.174,1119.25,1232.81,113.56,10.15,630.27,51.1,84.5,2020-05-27,2022-01-25,2022-09-25,20,8,150.0,25,25,1,247,730.3,64.4,Approved,9.7,0,0.0,Moderate/Plateau,0.95,0.61,2026-04-10,PAIMANA_Live,Under Implementation,0,1
PAIMANA-SEC_INLAND-2020-1113,National Waterway NW-63 Multimodal Navigation Terminal at Bhavnagar,MoPSW,"Ministry of Ports, Shipping and Waterways",SEC_INLAND,National Waterways & River Ports,Gujarat,West,IWAI,22.4669,71.2457,1215.4,1395.25,179.85,14.8,688.81,49.4,77.8,2020-06-13,2023-05-13,2024-10-10,35,17,150.0,36,36,1,502,585.1,58.0,Approved,7.4,0,0.0,Moderate/Plateau,0.7,0.73,2026-04-10,PAIMANA_Live,Under Implementation,1,1
PAIMANA-SEC_HEALTH-2020-1114,All India Institute of Medical Sciences (AIIMS) 750-Bed Super-Specialty Campus at Visakhapatnam,MoHFW,Ministry of Health and Family Welfare,SEC_HEALTH,AIIMS & Super-Specialty Medical Infra,Andhra Pradesh,South,MoHFW/HSCC,15.3532,79.8573,11916.59,13796.82,1880.23,15.78,4470.92,32.4,47.9,2020-04-08,2030-04-04,2032-08-02,120,28,60.3,34,17,4,827,1327.9,89.8,Stage-II Pending,4.5,0,0.0,Low/Plains,0.51,0.61,2026-04-10,PAIMANA_Live,Under Implementation,1,1
PAIMANA-SEC_RLY-2017-1115,High-Speed Rail Bullet Train Section 11 (Solapur-Aurangabad),MoR,Ministry of Railways,SEC_RLY,Railways & High-Speed Rail,Maharashtra,West,NHSRCL,20.203,76.2967,956.1,1100.27,144.17,15.08,545.86,49.6,75.1,2017-12-02,2020-07-01,2022-04-30,31,22,150.0,40,40,1,653,149.8,25.1,Approved,8.6,0,0.0,Moderate/Plateau,0.31,0.42,2026-04-10,OCMS_Historical,Under Implementation,1,1
PAIMANA-SEC_MINE-2017-1116,Strategic Rare Earth & Bauxite Mining Complex at Baramulla,MoMines,Ministry of Mines,SEC_MINE,Strategic Mineral Extraction,Jammu & Kashmir,North,NALCO,33.5607,76.4758,1528.55,1608.8,80.25,5.25,1011.26,62.9,100.0,2017-07-10,2020-03-08,2020-03-08,32,0,150.0,15,15,0,0,1467.4,94.6,Approved,4.5,1,201.42,Moderate/Plateau,0.87,0.21,2026-04-10,OCMS_Historical,Commissioned,0,0
PAIMANA-SEC_PWR_GEN-2018-1117,Pumped Storage Hydroelectric Power Facility (53 MW) in Aurangabad,MoP,Ministry of Power,SEC_PWR_GEN,Thermal & Hydro Power Generation,Maharashtra,West,NHPC,19.4429,75.3579,1110.57,1300.46,189.89,17.1,687.03,52.8,79.9,2018-07-06,2021-08-03,2023-05-03,37,21,150.0,42,42,1,669,1391.4,64.7,Stage-I,6.2,0,0.0,Low/Plains,0.2,0.61,2026-04-10,OCMS_Historical,Under Implementation,1,1
PAIMANA-SEC_INLAND-2015-1118,National Waterway NW-79 Multimodal Navigation Terminal at Belagavi,MoPSW,"Ministry of Ports, Shipping and Waterways",SEC_INLAND,National Waterways & River Ports,Karnataka,South,IWAI,15.5865,75.7845,378.18,383.8,5.62,1.49,251.03,65.4,100.0,2015-08-28,2017-10-26,2017-10-26,26,0,150.0,17,17,0,0,158.6,88.7,Exempted,6.2,0,0.0,Low/Plains,0.85,0.49,2026-04-10,OCMS_Historical,Commissioned,0,0
PAIMANA-SEC_CHEM-2017-1119,Coal-Gasification Based Urea & Fertilizer Complex at Muzaffarpur,MoCF,Ministry of Chemicals and Fertilizers,SEC_CHEM,Fertilizer Plants & Petrochemicals,Bihar,East,FCIL,24.882,85.0528,3399.18,3462.42,63.24,1.86,2283.72,66.0,100.0,2017-06-10,2020-09-07,2020-09-07,39,0,150.0,25,25,0,0,823.6,78.0,Approved,6.4,1,209.88,Low/Plains,0.39,0.29,2026-04-10,OCMS_Historical,Commissioned,0,0
PAIMANA-SEC_IRR-2022-1120,Lift Irrigation & Pressurized Piped Distribution Network in Lucknow,DoWR,"Department of Water Resources, RD & GR",SEC_IRR,National River Link & Irrigation,Uttar Pradesh,North,WRD,26.9217,80.6117,2344.77,2850.17,505.4,21.55,1223.98,42.9,66.6,2022-11-12,2026-02-09,2029-01-08,39,35,105.5,28,28,1,1041,1335.1,72.8,Stage-II Pending,7.0,0,0.0,Moderate/Plateau,0.17,0.6,2026-04-10,PAIMANA_Live,Under Implementation,1,1
PAIMANA-SEC_PWR_GEN-2014-1121,Pumped Storage Hydroelectric Power Facility (62 MW) in Kalaburagi,MoP,Ministry of Power,SEC_PWR_GEN,Thermal & Hydro Power Generation,Karnataka,South,NHPC,14.9192,76.0679,2433.5,2841.86,408.36,16.78,1465.54,51.6,82.3,2014-05-18,2018-06-15,2020-01-13,49,19,150.0,38,38,1,569,568.6,64.3,Approved,9.4,1,211.52,Moderate/Plateau,0.17,0.53,2026-04-10,OCMS_Historical,Under Implementation,1,1
PAIMANA-SEC_REN-2016-1122,Ultra Mega Solar Park (94 MW) with Battery Storage at Gurugram,MNRE,Ministry of New and Renewable Energy,SEC_REN,Solar & Renewable Green Energy,Haryana,North,SECI,28.64,75.7481,483.81,629.05,145.24,30.02,306.59,48.7,79.5,2016-12-18,2019-06-18,2021-01-15,30,19,150.0,23,23,1,608,1421.1,62.2,Approved,6.6,1,328.54,High/Himalayan/Riverine,0.51,0.77,2026-04-10,OCMS_Historical,Under Implementation,1,1
PAIMANA-SEC_IRR-2019-1123,Lift Irrigation & Pressurized Piped Distribution Network in Mumbai,DoWR,"Department of Water Resources, RD & GR",SEC_IRR,National River Link & Irrigation,Maharashtra,West,WRD,19.7808,75.4031,4351.44,4939.49,588.05,13.51,2772.27,56.1,83.3,2019-01-20,2024-02-17,2026-02-15,61,24,142.5,43,43,1,706,1769.4,69.6,Approved,7.5,0,0.0,Low/Plains,0.87,0.47,2026-04-10,OCMS_Historical,Under Implementation,1,1
PAIMANA-SEC_HEAVY-2022-1124,Heavy Electrical Equipment & Gas Turbine Manufacturing Facility at Gwalior,MHI,Ministry of Heavy Industries,SEC_HEAVY,Heavy Engineering & Capital Goods,Madhya Pradesh,Central,BHEL,22.826,78.6281,303.03,378.35,75.32,24.86,170.36,45.0,71.6,2022-05-27,2024-06-25,2026-04-24,25,22,150.0,29,29,1,670,134.6,81.1,Stage-I,6.9,2,453.08,Moderate/Plateau,0.61,0.49,2026-04-10,PAIMANA_Live,Under Implementation,1,1
PAIMANA-SEC_INLAND-2014-1125,Fairway Development & River Ro-Ro Terminal Facility in Barmer,MoPSW,"Ministry of Ports, Shipping and Waterways",SEC_INLAND,National Waterways & River Ports,Rajasthan,North,IWAI,27.2451,73.9543,2004.44,2236.43,231.99,11.57,1000.67,44.7,73.0,2014-12-06,2017-06-05,2019-07-05,30,25,150.0,43,43,1,792,1108.9,74.4,Approved,7.2,1,190.34,Low/Plains,0.67,0.26,2026-04-10,OCMS_Historical,Under Implementation,1,1
PAIMANA-SEC_HEALTH-2023-1126,All India Institute of Medical Sciences (AIIMS) 750-Bed Super-Specialty Campus at Varanasi,MoHFW,Ministry of Health and Family Welfare,SEC_HEALTH,AIIMS & Super-Specialty Medical Infra,Uttar Pradesh,North,MoHFW/HSCC,27.3225,80.7443,9196.14,10172.31,976.17,10.61,1788.04,17.6,27.3,2023-11-02,2031-04-30,2032-08-28,90,16,32.7,32,7,19,474,372.8,92.4,Approved,6.4,0,0.0,Low/Plains,0.53,0.24,2026-04-10,PAIMANA_Live,Ongoing,0,1
PAIMANA-SEC_PWR_GEN-2015-1127,Subansiri/Tehri Stage-II Hydroelectric Dam & Powerhouse (Asansol),MoP,Ministry of Power,SEC_PWR_GEN,Thermal & Hydro Power Generation,West Bengal,East,SJVN,22.6606,87.9186,447.91,539.67,91.76,20.49,236.94,43.9,69.7,2015-09-24,2017-11-22,2020-03-22,26,28,150.0,15,15,1,846,1040.5,57.9,Approved,3.5,0,0.0,Moderate/Plateau,0.14,0.86,2026-04-10,OCMS_Historical,Under Implementation,1,1
PAIMANA-SEC_ATOM-2020-1128,Pressurized Heavy Water Reactor Nuclear Power Unit (50x700 MWe) at Jamnagar,DAE,Department of Atomic Energy,SEC_ATOM,Atomic Energy & Nuclear Power,Gujarat,West,NPCIL,21.7866,70.5986,670.23,774.92,104.69,15.62,331.11,42.7,68.9,2020-03-22,2023-02-19,2025-08-19,35,30,150.0,36,35,1,930,185.1,92.2,Exempted,7.7,3,188.27,Low/Plains,0.57,0.25,2026-04-10,PAIMANA_Live,Under Implementation,1,1
PAIMANA-SEC_AIR-2021-1129,Air Cargo Hub & Aircraft Maintenance Repair Overhaul (MRO) at Patna,MoCA,Ministry of Civil Aviation,SEC_AIR,Regional & Greenfield Airports,Bihar,East,AAI,24.5109,85.2097,1261.78,1397.36,135.58,10.75,660.19,47.2,78.0,2021-06-25,2023-12-24,2025-06-23,30,18,150.0,18,18,1,553,1173.2,99.2,Approved,4.4,0,0.0,Low/Plains,0.72,0.42,2026-04-10,PAIMANA_Live,Under Implementation,0,1
PAIMANA-SEC_PET-2022-1130,Green Hydrogen & Bio-Ethanol Mega Plant at Salem,MoPNG,Ministry of Petroleum and Natural Gas,SEC_PET,Petroleum Pipelines & Refineries,Tamil Nadu,South,BPCL,10.9604,79.19,711.45,805.64,94.19,13.24,392.55,48.7,81.5,2022-04-19,2025-01-16,2026-02-15,33,13,145.3,22,22,1,392,219.7,69.3,Approved,9.3,0,0.0,Low/Plains,0.77,0.89,2026-04-10,PAIMANA_Live,Under Implementation,1,1
PAIMANA-SEC_INLAND-2021-1131,Fairway Development & River Ro-Ro Terminal Facility in Bilaspur,MoPSW,"Ministry of Ports, Shipping and Waterways",SEC_INLAND,National Waterways & River Ports,Chhattisgarh,Central,IWAI,21.0635,82.4028,263.08,323.81,60.73,23.08,128.85,39.8,65.8,2021-10-20,2023-06-20,2025-07-19,20,25,150.0,41,41,1,795,1503.6,97.1,Stage-I,5.4,1,155.7,Low/Plains,0.81,0.76,2026-04-10,PAIMANA_Live,Under Implementation,1,1
PAIMANA-SEC_COAL-2021-1132,Open Cast Coal Mining Project (91 MTPA) with High-Capacity Conveyors at Mumbai,MoCoal,Ministry of Coal,SEC_COAL,Coal Mining & Washeries,Maharashtra,West,CIL,20.0726,75.1462,1225.06,1380.1,155.04,12.66,673.79,48.8,77.8,2021-06-06,2024-03-05,2025-09-03,33,18,150.0,32,32,1,545,1261.1,90.5,Approved,9.8,0,0.0,Low/Plains,0.21,0.31,2026-04-10,PAIMANA_Live,Under Implementation,1,1
PAIMANA-SEC_IRR-2017-1133,National River Interlinking Canal & Barrage System (Korba-Jagdalpur),DoWR,"Department of Water Resources, RD & GR",SEC_IRR,National River Link & Irrigation,Chhattisgarh,Central,NWDA,21.1597,81.874,418.39,481.08,62.69,14.98,218.16,45.3,69.9,2017-08-26,2019-08-25,2021-10-23,24,26,150.0,16,16,1,773,1637.3,92.5,Approved,7.1,1,69.09,Low/Plains,0.57,0.6,2026-04-10,OCMS_Historical,Under Implementation,1,1
PAIMANA-SEC_WATER-2022-1134,Urban 24x7 Water Supply & Advanced Smart Grid Pipeline in Kozhikode,MoHUA,Ministry of Housing and Urban Affairs,SEC_WATER,Water Supply & Urban Sanitation,Kerala,South,Jal Nigam,10.3776,75.7894,1799.96,1831.63,31.67,1.76,1178.35,64.3,100.0,2022-01-26,2025-02-23,2025-02-23,37,0,137.0,46,46,0,0,94.1,91.3,Stage-I,6.9,1,261.23,Moderate/Plateau,0.51,0.29,2026-04-10,PAIMANA_Live,Commissioned,0,0
PAIMANA-SEC_METRO-2022-1135,Regional Rapid Transit System (RRTS) Semi High-Speed Line (Gwalior-Indore),MoHUA,Ministry of Housing and Urban Affairs,SEC_METRO,Metro Rail & Urban Transit,Madhya Pradesh,Central,NCRTC,23.4781,78.1599,479.22,582.07,102.85,21.46,279.2,48.0,77.7,2022-12-17,2025-08-15,2027-06-14,32,22,125.0,48,41,4,674,1098.8,61.7,Approved,8.0,0,0.0,High/Himalayan/Riverine,0.25,0.53,2026-04-10,PAIMANA_Live,Under Implementation,1,1
PAIMANA-SEC_PWR_GEN-2019-1136,Subansiri/Tehri Stage-II Hydroelectric Dam & Powerhouse (Rourkela),MoP,Ministry of Power,SEC_PWR_GEN,Thermal & Hydro Power Generation,Odisha,East,SJVN,21.1293,85.3111,5004.26,5678.73,674.47,13.48,3027.24,53.3,86.1,2019-05-11,2024-11-06,2026-06-06,66,19,126.2,25,25,1,561,1013.4,98.5,Approved,8.9,1,313.37,Low/Plains,0.79,0.5,2026-04-10,OCMS_Historical,Nearing Completion,1,1
PAIMANA-SEC_REN-2017-1137,Green Ammonia & Hydrogen Renewable Energy Island at Haridwar,MNRE,Ministry of New and Renewable Energy,SEC_REN,Solar & Renewable Green Energy,Uttarakhand,North,SECI,30.3517,79.479,545.4,575.53,30.13,5.52,375.07,65.2,100.0,2017-09-06,2020-06-05,2020-06-05,33,0,150.0,22,22,0,0,1051.2,86.3,Approved,6.9,1,157.88,Moderate/Plateau,0.17,0.26,2026-04-10,OCMS_Historical,Commissioned,0,0
PAIMANA-SEC_IRR-2023-1138,Lift Irrigation & Pressurized Piped Distribution Network in Guntur,DoWR,"Department of Water Resources, RD & GR",SEC_IRR,National River Link & Irrigation,Andhra Pradesh,South,WRD,15.7793,79.6111,845.26,961.99,116.73,13.81,450.69,46.8,75.7,2023-07-13,2025-01-10,2026-04-11,18,15,150.0,25,25,1,486,424.5,87.4,Approved,7.6,1,327.47,Low/Plains,0.23,0.82,2026-04-10,PAIMANA_Live,Under Implementation,1,1
PAIMANA-SEC_PWR_TR-2019-1139,Green Energy Corridor Intra-State Transmission Scheme Phase-2 in Jaipur,MoP,Ministry of Power,SEC_PWR_TR,Power Transmission & Grid,Rajasthan,North,POWERGRID,26.5641,74.0659,2486.04,2698.66,212.62,8.55,1709.63,63.4,100.0,2019-06-28,2023-03-27,2023-03-27,45,0,150.0,23,23,0,0,1210.3,80.5,Approved,9.0,0,0.0,High/Himalayan/Riverine,0.32,0.35,2026-04-10,OCMS_Historical,Commissioned,0,0
PAIMANA-SEC_PWR_GEN-2022-1140,Pumped Storage Hydroelectric Power Facility (27 MW) in Ludhiana,MoP,Ministry of Power,SEC_PWR_GEN,Thermal & Hydro Power Generation,Punjab,North,NHPC,30.9246,75.2824,356.48,425.17,68.69,19.27,187.3,44.1,66.0,2022-07-14,2024-01-12,2026-01-10,18,24,150.0,48,48,1,745,925.1,40.0,Approved,5.9,0,0.0,Moderate/Plateau,0.89,0.41,2026-04-10,PAIMANA_Live,Under Implementation,1,1
PAIMANA-SEC_RLY-2019-1141,Dedicated Freight Corridor (Western/Eastern Phase-2) near Bokaro,MoR,Ministry of Railways,SEC_RLY,Railways & High-Speed Rail,Jharkhand,East,DFCCIL,23.0494,84.9497,1424.67,1682.34,257.67,18.09,779.51,46.3,70.4,2019-01-16,2021-04-15,2023-09-13,27,29,150.0,24,24,1,881,1260.4,60.6,Stage-I,7.0,0,0.0,Low/Plains,0.46,0.65,2026-04-10,OCMS_Historical,Under Implementation,1,1
PAIMANA-SEC_AIR-2016-1142,Air Cargo Hub & Aircraft Maintenance Repair Overhaul (MRO) at Chennai,MoCA,Ministry of Civil Aviation,SEC_AIR,Regional & Greenfield Airports,Tamil Nadu,South,AAI,11.4103,78.8413,3973.46,4660.86,687.4,17.3,2489.49,53.4,85.0,2016-08-19,2021-06-17,2023-02-15,58,20,150.0,47,47,1,634,759.3,83.0,Approved,8.2,2,596.9,Low/Plains,0.91,0.46,2026-04-10,OCMS_Historical,Nearing Completion,1,1
PAIMANA-SEC_METRO-2018-1143,Urban Light Rail Transit / MetroLite System for Thane Smart City,MoHUA,Ministry of Housing and Urban Affairs,SEC_METRO,Metro Rail & Urban Transit,Maharashtra,West,Metro Rail Corp,19.8909,76.0557,249.26,353.64,104.38,41.88,133.5,37.8,67.3,2018-01-15,2019-10-15,2022-07-14,21,33,150.0,34,34,1,1030,900.8,83.8,Stage-II Pending,5.2,2,604.34,Moderate/Plateau,0.22,0.68,2026-04-10,OCMS_Historical,Under Implementation,1,1
PAIMANA-SEC_COAL-2014-1144,Open Cast Coal Mining Project (39 MTPA) with High-Capacity Conveyors at Darbhanga,MoCoal,Ministry of Coal,SEC_COAL,Coal Mining & Washeries,Bihar,East,CIL,25.5366,84.8654,1367.87,1648.7,280.83,20.53,844.92,51.2,78.0,2014-10-12,2018-01-09,2019-09-09,39,20,150.0,29,29,1,630,630.3,89.4,Approved,8.5,2,121.99,High/Himalayan/Riverine,0.38,0.66,2026-04-10,OCMS_Historical,Under Implementation,1,1
PAIMANA-SEC_PWR_GEN-2017-1145,Pumped Storage Hydroelectric Power Facility (85 MW) in Silchar,MoP,Ministry of Power,SEC_PWR_GEN,Thermal & Hydro Power Generation,Assam,North-East,NHPC,26.5541,93.2603,1469.23,1559.5,90.27,6.14,1010.38,64.8,100.0,2017-03-23,2019-12-21,2019-12-21,33,0,150.0,27,27,0,0,1705.1,82.3,Stage-I,7.7,0,0.0,Low/Plains,0.15,0.7,2026-04-10,OCMS_Historical,Commissioned,0,0
PAIMANA-SEC_ATOM-2022-1146,Fast Breeder Reactor & Reprocessing Facility at Amritsar,DAE,Department of Atomic Energy,SEC_ATOM,Atomic Energy & Nuclear Power,Punjab,North,BHAVINI,31.7089,75.731,2412.31,2640.55,228.24,9.46,1465.4,55.5,83.1,2022-12-09,2026-06-07,2026-06-07,42,0,95.8,41,27,0,0,720.9,77.4,Stage-I,6.6,1,169.4,High/Himalayan/Riverine,0.81,0.7,2026-04-10,PAIMANA_Live,Under Implementation,0,0
PAIMANA-SEC_CHEM-2018-1147,Coal-Gasification Based Urea & Fertilizer Complex at Gurugram,MoCF,Ministry of Chemicals and Fertilizers,SEC_CHEM,Fertilizer Plants & Petrochemicals,Haryana,North,FCIL,29.0066,76.6758,354.43,453.85,99.42,28.05,165.89,36.6,64.8,2018-06-27,2020-05-26,2022-11-24,23,30,150.0,33,33,1,935,1224.3,51.3,Approved,5.9,2,61.62,High/Himalayan/Riverine,0.68,0.64,2026-04-10,OCMS_Historical,Under Implementation,1,1
PAIMANA-SEC_WATER-2017-1148,Urban 24x7 Water Supply & Advanced Smart Grid Pipeline in Tuticorin,MoHUA,Ministry of Housing and Urban Affairs,SEC_WATER,Water Supply & Urban Sanitation,Tamil Nadu,South,Jal Nigam,11.3664,78.3379,327.4,427.12,99.72,30.46,165.69,38.8,62.7,2017-12-05,2019-11-04,2022-10-03,23,35,150.0,22,22,1,1076,1698.6,91.5,Approved,6.8,4,554.64,Low/Plains,0.39,0.56,2026-04-10,OCMS_Historical,Under Implementation,1,1
PAIMANA-SEC_INLAND-2015-1149,National Waterway NW-33 Multimodal Navigation Terminal at Raipur,MoPSW,"Ministry of Ports, Shipping and Waterways",SEC_INLAND,National Waterways & River Ports,Chhattisgarh,Central,IWAI,21.1384,82.143,1884.56,2064.5,179.94,9.55,1050.49,50.9,76.7,2015-12-04,2018-03-03,2019-10-01,27,19,150.0,25,25,1,588,934.7,70.9,Approved,7.6,1,154.07,Low/Plains,0.77,0.34,2026-04-10,OCMS_Historical,Under Implementation,0,1
PAIMANA-SEC_PWR_TR-2015-1150,Substation Automation & GIS Grid Augmentation at Cuttack,MoP,Ministry of Power,SEC_PWR_TR,Power Transmission & Grid,Odisha,East,PGCIL,21.091,85.0294,1521.94,1880.94,359.0,23.59,824.67,43.8,69.8,2015-06-12,2018-03-11,2021-01-07,33,34,150.0,20,20,1,1009,783.2,71.0,Approved,7.1,4,643.25,High/Himalayan/Riverine,0.39,0.24,2026-04-10,OCMS_Historical,Under Implementation,1,1
PAIMANA-SEC_COAL-2015-1151,Coal Bed Methane & Deep Underground Extraction Unit at Ujjain,MoCoal,Ministry of Coal,SEC_COAL,Coal Mining & Washeries,Madhya Pradesh,Central,NCDC,23.4244,78.3034,1456.18,1756.82,300.64,20.65,633.71,36.1,62.3,2015-02-05,2017-04-05,2020-04-03,26,36,150.0,36,36,1,1115,434.4,74.7,Approved,8.0,3,477.69,Low/Plains,0.54,0.44,2026-04-10,OCMS_Historical,Under Implementation,1,1
PAIMANA-SEC_HEAVY-2022-1152,Heavy Electrical Equipment & Gas Turbine Manufacturing Facility at Cuttack,MHI,Ministry of Heavy Industries,SEC_HEAVY,Heavy Engineering & Capital Goods,Odisha,East,BHEL,21.4182,84.513,1595.16,1728.02,132.86,8.33,1081.22,62.6,100.0,2022-04-24,2025-04-22,2025-04-22,36,0,132.7,30,30,0,0,1307.8,84.8,Approved,7.7,0,0.0,Moderate/Plateau,0.11,0.74,2026-04-10,PAIMANA_Live,Commissioned,0,0
PAIMANA-SEC_TEL-2019-1153,BharatNet Rural Optical Fiber Network Phase-3 across National Corridor,DoT,Department of Telecommunications,SEC_TEL,Telecommunication & BharatNet Fiber,Multi-State / National,National,BBNL,22.2552,79.3205,601.59,666.75,65.16,10.83,326.98,49.0,81.9,2019-03-13,2022-01-09,2022-12-09,34,11,150.0,38,38,1,364,895.7,95.7,Approved,7.9,0,0.0,Low/Plains,0.3,0.77,2026-04-10,OCMS_Historical,Under Implementation,1,1
PAIMANA-SEC_WATER-2020-1154,Comprehensive Sewage Treatment & River Cleaning Mission at Faridabad,MoHUA,Ministry of Housing and Urban Affairs,SEC_WATER,Water Supply & Urban Sanitation,Haryana,North,NMCG,29.2972,76.3616,1431.17,1511.77,80.6,5.63,984.21,65.1,100.0,2020-02-21,2023-06-21,2023-06-21,40,0,150.0,46,46,0,0,51.0,83.6,Approved,6.9,0,0.0,Moderate/Plateau,0.84,0.83,2026-04-10,PAIMANA_Live,Commissioned,0,0
PAIMANA-SEC_METRO-2014-1155,Urban Light Rail Transit / MetroLite System for Bhavnagar Smart City,MoHUA,Ministry of Housing and Urban Affairs,SEC_METRO,Metro Rail & Urban Transit,Gujarat,West,Metro Rail Corp,22.8023,71.22,1516.3,1728.21,211.91,13.98,832.71,48.2,80.2,2014-04-03,2017-05-01,2019-01-29,37,21,150.0,19,19,1,657,236.9,87.0,Stage-I,4.0,1,56.49,Low/Plains,0.87,0.33,2026-04-10,OCMS_Historical,Under Implementation,1,1
PAIMANA-SEC_PORT-2016-1156,Port Connectivity Dedicated Rail-Sea Multimodal Corridor at Udaipur,MoPSW,"Ministry of Ports, Shipping and Waterways",SEC_PORT,Major Ports & Maritime Channels,Rajasthan,North,Sagarmala Dev,27.0233,74.2982,582.29,775.99,193.7,33.27,316.16,40.7,70.7,2016-06-05,2018-06-04,2020-04-02,24,22,150.0,19,19,1,696,186.2,75.8,Approved,8.3,3,958.75,High/Himalayan/Riverine,0.85,0.34,2026-04-10,OCMS_Historical,Under Implementation,1,1
PAIMANA-SEC_TEL-2016-1157,BharatNet Rural Optical Fiber Network Phase-4 across Jamnagar,DoT,Department of Telecommunications,SEC_TEL,Telecommunication & BharatNet Fiber,Gujarat,West,BBNL,22.1183,70.7725,6755.37,7061.3,305.93,4.53,4359.93,61.7,100.0,2016-05-25,2022-02-20,2022-02-20,69,0,150.0,48,48,0,0,709.8,98.7,Approved,5.2,0,0.0,Moderate/Plateau,0.65,0.31,2026-04-10,OCMS_Historical,Commissioned,0,0
PAIMANA-SEC_RLY-2022-1158,New Broad Gauge Rail Link Solapur to Mumbai with Major Bridges,MoR,Ministry of Railways,SEC_RLY,Railways & High-Speed Rail,Maharashtra,West,RVNL,19.2342,75.672,1800.37,2102.75,302.38,16.8,834.64,39.7,67.1,2022-12-24,2026-03-23,2028-08-20,39,29,101.9,26,25,1,872,710.4,64.3,Exempted,5.5,0,0.0,Low/Plains,0.91,0.3,2026-04-10,PAIMANA_Live,Under Implementation,1,1
PAIMANA-SEC_AIR-2018-1159,Regional Airport Modernization & Runway Extension under UDAN at Lucknow,MoCA,Ministry of Civil Aviation,SEC_AIR,Regional & Greenfield Airports,Uttar Pradesh,North,AAI,26.2544,80.8382,370.14,553.67,183.53,49.58,216.51,39.1,70.9,2018-06-03,2020-12-31,2023-10-30,31,34,150.0,41,41,1,1041,1767.2,91.1,Approved,4.2,3,967.24,High/Himalayan/Riverine,0.63,0.77,2026-04-10,OCMS_Historical,Under Implementation,1,1
PAIMANA-SEC_METRO-2022-1160,Urban Light Rail Transit / MetroLite System for Ahmedabad Smart City,MoHUA,Ministry of Housing and Urban Affairs,SEC_METRO,Metro Rail & Urban Transit,Gujarat,West,Metro Rail Corp,22.7642,71.6691,2141.65,2704.58,562.93,26.28,1036.72,38.3,63.6,2022-06-21,2024-11-18,2028-01-17,29,38,150.0,33,33,1,1131,599.0,47.7,Stage-II Pending,5.7,0,0.0,Low/Plains,0.35,0.65,2026-04-10,PAIMANA_Live,Under Implementation,1,1
PAIMANA-SEC_MINE-2020-1161,Strategic Rare Earth & Bauxite Mining Complex at Ramagundam,MoMines,Ministry of Mines,SEC_MINE,Strategic Mineral Extraction,Telangana,South,NALCO,18.6237,78.8908,454.71,572.59,117.88,25.92,235.58,41.1,66.7,2020-12-12,2023-05-12,2026-12-09,29,43,150.0,17,17,1,1315,684.4,69.1,Approved,3.9,2,259.76,Moderate/Plateau,0.12,0.68,2026-04-10,PAIMANA_Live,Under Implementation,1,1
PAIMANA-SEC_STEEL-2019-1162,Specialty Alloy & Hot Rolled Coil Expansion Facility at Mumbai,MoSteel,Ministry of Steel,SEC_STEEL,Steel Plants & Metallurgy Units,Maharashtra,West,RINL,19.7075,76.1369,2424.39,2783.32,358.93,14.8,1223.14,43.9,71.4,2019-08-09,2022-10-07,2025-02-04,38,28,150.0,16,16,1,834,1117.2,92.2,Approved,3.8,2,34.05,Low/Plains,0.2,0.42,2026-04-10,OCMS_Historical,Under Implementation,1,1
PAIMANA-SEC_PET-2016-1163,Crude Oil Pipeline Augmented Pumping Infrastructure at Lucknow,MoPNG,Ministry of Petroleum and Natural Gas,SEC_PET,Petroleum Pipelines & Refineries,Uttar Pradesh,North,HPCL,27.2308,80.5548,3450.49,3698.82,248.33,7.2,2327.02,62.9,100.0,2016-11-10,2020-03-10,2020-03-10,40,0,150.0,25,25,0,0,1740.2,91.2,Approved,6.7,0,0.0,High/Himalayan/Riverine,0.38,0.46,2026-04-10,OCMS_Historical,Commissioned,0,0
PAIMANA-SEC_ATOM-2021-1164,Fast Breeder Reactor & Reprocessing Facility at Surat,DAE,Department of Atomic Energy,SEC_ATOM,Atomic Energy & Nuclear Power,Gujarat,West,BHAVINI,22.362,71.6933,526.35,641.59,115.24,21.89,313.71,48.9,74.2,2021-09-24,2024-06-23,2026-01-21,33,19,150.0,27,27,1,562,1716.1,52.7,Approved,6.3,0,0.0,High/Himalayan/Riverine,0.46,0.44,2026-04-10,PAIMANA_Live,Under Implementation,1,1
PAIMANA-SEC_PET-2014-1165,Green Hydrogen & Bio-Ethanol Mega Plant at Jabalpur,MoPNG,Ministry of Petroleum and Natural Gas,SEC_PET,Petroleum Pipelines & Refineries,Madhya Pradesh,Central,BPCL,22.8854,78.4816,2866.41,3330.05,463.64,16.17,1769.72,53.1,80.0,2014-02-07,2018-02-05,2020-09-04,48,31,150.0,20,20,1,917,905.8,86.4,Stage-II Pending,5.5,0,0.0,Low/Plains,0.77,0.86,2026-04-10,OCMS_Historical,Under Implementation,1,1
PAIMANA-SEC_REN-2018-1166,Ultra Mega Solar Park (86 MW) with Battery Storage at Kozhikode,MNRE,Ministry of New and Renewable Energy,SEC_REN,Solar & Renewable Green Energy,Kerala,South,SECI,11.3121,76.3021,1698.92,2018.8,319.88,18.83,834.93,41.4,70.9,2018-05-15,2020-10-12,2022-12-11,29,26,150.0,14,14,1,796,1458.9,62.4,Stage-I,6.2,1,134.59,Moderate/Plateau,0.26,0.72,2026-04-10,OCMS_Historical,Under Implementation,1,1
PAIMANA-SEC_INLAND-2022-1167,National Waterway NW-11 Multimodal Navigation Terminal at Chennai,MoPSW,"Ministry of Ports, Shipping and Waterways",SEC_INLAND,National Waterways & River Ports,Tamil Nadu,South,IWAI,11.4975,78.6229,2506.3,2906.99,400.69,15.99,1399.38,48.1,79.0,2022-01-13,2025-08-12,2027-08-11,43,24,118.8,42,37,3,763,560.8,56.7,Stage-I,9.5,0,0.0,Moderate/Plateau,0.55,0.7,2026-04-10,PAIMANA_Live,Under Implementation,1,1
PAIMANA-SEC_TEL-2023-1168,National 5G High-Density Core Network Infrastructure in Indore,DoT,Department of Telecommunications,SEC_TEL,Telecommunication & BharatNet Fiber,Madhya Pradesh,Central,BSNL,22.6573,78.4385,6957.39,7141.52,184.13,2.65,2418.41,33.9,45.4,2023-04-06,2029-02-01,2029-02-01,70,0,51.9,27,11,0,0,266.0,94.1,Approved,8.0,1,259.97,Moderate/Plateau,0.93,0.6,2026-04-10,PAIMANA_Live,Under Implementation,0,0
PAIMANA-SEC_TEL-2023-1169,BharatNet Rural Optical Fiber Network Phase-4 across Paradip,DoT,Department of Telecommunications,SEC_TEL,Telecommunication & BharatNet Fiber,Odisha,East,BBNL,20.7498,85.2355,909.13,1005.63,96.5,10.61,502.15,49.9,82.4,2023-01-23,2025-07-23,2026-06-22,30,11,129.2,48,44,4,349,169.8,90.1,Approved,8.8,0,0.0,Low/Plains,0.76,0.79,2026-04-10,PAIMANA_Live,Under Implementation,0,1
PAIMANA-SEC_PWR_GEN-2019-1170,Subansiri/Tehri Stage-II Hydroelectric Dam & Powerhouse (Singrauli),MoP,Ministry of Power,SEC_PWR_GEN,Thermal & Hydro Power Generation,Madhya Pradesh,Central,SJVN,22.7605,79.2279,560.91,655.96,95.05,16.95,268.23,40.9,69.6,2019-12-06,2022-02-03,2024-05-03,26,27,150.0,15,15,1,849,339.6,44.6,Approved,3.5,0,0.0,Moderate/Plateau,0.67,0.5,2026-04-10,OCMS_Historical,Under Implementation,1,1
PAIMANA-SEC_WATER-2021-1171,Urban 24x7 Water Supply & Advanced Smart Grid Pipeline in Nizamabad,MoHUA,Ministry of Housing and Urban Affairs,SEC_WATER,Water Supply & Urban Sanitation,Telangana,South,Jal Nigam,17.5513,79.1422,493.03,566.2,73.17,14.84,228.59,40.4,65.7,2021-11-11,2023-07-12,2025-11-09,20,28,150.0,47,47,1,867,1677.8,62.3,Approved,5.2,0,0.0,Moderate/Plateau,0.24,0.47,2026-04-10,PAIMANA_Live,Under Implementation,1,1
PAIMANA-SEC_HEAVY-2017-1172,Heavy Machine Tools & Engineering Foundry Unit in Gangtok,MHI,Ministry of Heavy Industries,SEC_HEAVY,Heavy Engineering & Capital Goods,Sikkim,North-East,HMT,27.2324,87.9936,528.79,597.24,68.45,12.94,303.19,50.8,75.5,2017-11-19,2019-06-19,2020-11-16,19,17,150.0,43,43,1,517,1323.4,78.9,Stage-I,7.3,1,179.08,Moderate/Plateau,0.38,0.56,2026-04-10,OCMS_Historical,Under Implementation,1,1
PAIMANA-SEC_PORT-2015-1173,Port Connectivity Dedicated Rail-Sea Multimodal Corridor at Jorhat,MoPSW,"Ministry of Ports, Shipping and Waterways",SEC_PORT,Major Ports & Maritime Channels,Assam,North-East,Sagarmala Dev,25.6891,93.3525,1066.74,1293.97,227.23,21.3,537.41,41.5,68.6,2015-12-01,2017-08-30,2019-06-29,21,22,150.0,36,36,1,701,375.1,88.7,Approved,6.9,0,0.0,High/Himalayan/Riverine,0.53,0.43,2026-04-10,OCMS_Historical,Under Implementation,1,1
PAIMANA-SEC_AIR-2014-1174,Air Cargo Hub & Aircraft Maintenance Repair Overhaul (MRO) at Nagpur,MoCA,Ministry of Civil Aviation,SEC_AIR,Regional & Greenfield Airports,Maharashtra,West,AAI,20.2824,75.3119,1587.16,1843.43,256.27,16.15,861.92,46.8,69.0,2014-06-09,2016-09-06,2018-08-06,27,23,150.0,16,16,1,721,880.8,85.7,Stage-I,6.4,0,0.0,Low/Plains,0.62,0.37,2026-04-10,OCMS_Historical,Under Implementation,1,1
PAIMANA-SEC_WATER-2016-1175,Comprehensive Sewage Treatment & River Cleaning Mission at Ujjain,MoHUA,Ministry of Housing and Urban Affairs,SEC_WATER,Water Supply & Urban Sanitation,Madhya Pradesh,Central,NMCG,22.433,78.743,1492.88,1551.88,59.0,3.95,1026.64,66.2,100.0,2016-01-04,2018-10-03,2018-10-03,33,0,150.0,25,25,0,0,181.1,83.3,Approved,7.0,0,0.0,Low/Plains,0.81,0.28,2026-04-10,OCMS_Historical,Commissioned,0,0
PAIMANA-SEC_CHEM-2016-1176,Coal-Gasification Based Urea & Fertilizer Complex at Indore,MoCF,Ministry of Chemicals and Fertilizers,SEC_CHEM,Fertilizer Plants & Petrochemicals,Madhya Pradesh,Central,FCIL,22.9603,78.8501,2518.53,2764.62,246.09,9.77,1228.14,44.4,71.1,2016-01-12,2018-09-10,2020-08-09,32,23,150.0,39,39,1,681,1527.0,94.0,Approved,7.0,0,0.0,Low/Plains,0.41,0.27,2026-04-10,OCMS_Historical,Under Implementation,0,1
PAIMANA-SEC_PET-2022-1177,Integrated Petroleum Refinery Expansion & Polypropylene Unit at Mokokchung,MoPNG,Ministry of Petroleum and Natural Gas,SEC_PET,Petroleum Pipelines & Refineries,Nagaland,North-East,IOCL,25.9709,94.6121,1162.07,1364.19,202.12,17.39,642.69,47.1,71.5,2022-07-06,2025-03-04,2027-07-03,32,28,141.9,36,34,1,841,1747.6,68.9,Approved,6.2,0,0.0,Low/Plains,0.37,0.85,2026-04-10,PAIMANA_Live,Under Implementation,1,1
PAIMANA-SEC_LOG-2017-1178,Multimodal Logistics Park (MMLP) with Inland Container Depot at Visakhapatnam,MoRTH,Ministry of Road Transport and Highways,SEC_LOG,Multimodal Logistics Parks (MMLP),Andhra Pradesh,South,NHLML,16.4795,80.1102,4566.33,5480.77,914.44,20.03,2695.63,49.2,75.5,2017-09-02,2022-08-31,2025-09-28,60,37,150.0,45,45,1,1125,1647.4,59.2,Stage-II Pending,6.9,0,0.0,Low/Plains,0.92,0.46,2026-04-10,OCMS_Historical,Under Implementation,1,1
PAIMANA-SEC_PWR_GEN-2014-1179,Pumped Storage Hydroelectric Power Facility (39 MW) in Nashik,MoP,Ministry of Power,SEC_PWR_GEN,Thermal & Hydro Power Generation,Maharashtra,West,NHPC,19.7751,76.2145,892.64,1106.03,213.39,23.91,476.6,43.1,74.8,2014-07-03,2017-03-01,2019-07-30,32,29,150.0,24,24,1,875,1245.5,58.6,Stage-I,5.9,2,464.62,Moderate/Plateau,0.63,0.29,2026-04-10,OCMS_Historical,Under Implementation,1,1
PAIMANA-SEC_HWY-2023-1180,Trans-Himalayan Highway Multi-Lane Tunnel & Approach Roads near Tiruchirappalli,MoRTH,Ministry of Road Transport and Highways,SEC_HWY,Highways & Expressways,Tamil Nadu,South,NHIDCL,11.1098,78.7877,15210.9,17632.86,2421.96,15.92,2318.97,13.2,16.4,2023-10-17,2033-10-12,2035-05-12,120,19,25.0,19,3,4,614,1640.4,59.8,Stage-I,6.3,0,0.0,Low/Plains,0.38,0.53,2026-04-10,PAIMANA_Live,Ongoing,1,1
PAIMANA-SEC_RLY-2016-1181,High-Speed Rail Bullet Train Section 10 (National Corridor-Pan-India Grid),MoR,Ministry of Railways,SEC_RLY,Railways & High-Speed Rail,Multi-State / National,National,NHSRCL,22.4299,79.2218,2079.72,2464.85,385.13,18.52,1194.62,48.5,73.4,2016-05-13,2019-01-10,2021-06-09,32,29,150.0,37,37,1,858,415.9,71.6,Approved,3.3,0,0.0,Moderate/Plateau,0.85,0.26,2026-04-10,OCMS_Historical,Under Implementation,1,1
PAIMANA-SEC_METRO-2016-1182,Metro Rail Project Phase-2 (Elevated & Underground Corridor Karnaprayag-Rishikesh),MoHUA,Ministry of Housing and Urban Affairs,SEC_METRO,Metro Rail & Urban Transit,Uttarakhand,North,Metro Rail Corp,29.8401,79.0275,508.42,602.13,93.71,18.43,272.72,45.3,73.5,2016-05-24,2018-11-22,2020-10-21,30,23,150.0,32,32,1,687,729.0,76.7,Exempted,7.7,0,0.0,Low/Plains,0.38,0.69,2026-04-10,OCMS_Historical,Under Implementation,1,1
PAIMANA-SEC_PWR_GEN-2022-1183,Pumped Storage Hydroelectric Power Facility (85 MW) in Manali,MoP,Ministry of Power,SEC_PWR_GEN,Thermal & Hydro Power Generation,Himachal Pradesh,North,NHPC,31.6125,77.3908,414.99,597.42,182.43,43.96,189.86,31.8,55.9,2022-10-01,2024-05-31,2027-10-29,20,41,150.0,24,24,1,1230,408.4,63.2,Approved,5.2,4,921.32,High/Himalayan/Riverine,0.93,0.46,2026-04-10,PAIMANA_Live,Under Implementation,1,1
PAIMANA-SEC_METRO-2019-1184,Regional Rapid Transit System (RRTS) Semi High-Speed Line (Gwalior-Indore),MoHUA,Ministry of Housing and Urban Affairs,SEC_METRO,Metro Rail & Urban Transit,Madhya Pradesh,Central,NCRTC,22.5689,78.7436,1815.21,1916.13,100.92,5.56,1227.09,64.0,100.0,2019-08-20,2022-12-18,2022-12-18,40,0,150.0,23,23,0,0,1571.7,89.2,Approved,6.1,1,91.49,Low/Plains,0.35,0.53,2026-04-10,OCMS_Historical,Commissioned,0,0
PAIMANA-SEC_COAL-2017-1185,Mechanized Coal Washery & Pithead Rail Dispatch Facility (Kalaburagi),MoCoal,Ministry of Coal,SEC_COAL,Coal Mining & Washeries,Karnataka,South,BCCL,15.6783,75.3824,928.26,978.26,50.0,5.39,638.36,65.3,100.0,2017-11-08,2019-12-08,2019-12-08,25,0,150.0,29,29,0,0,750.0,87.8,Approved,7.6,0,0.0,Low/Plains,0.53,0.21,2026-04-10,OCMS_Historical,Commissioned,0,0
PAIMANA-SEC_HEAVY-2018-1186,Heavy Machine Tools & Engineering Foundry Unit in Bhagalpur,MHI,Ministry of Heavy Industries,SEC_HEAVY,Heavy Engineering & Capital Goods,Bihar,East,HMT,25.6954,85.8729,2261.78,2397.97,136.19,6.02,1510.36,63.0,100.0,2018-12-23,2022-02-20,2022-02-20,38,0,150.0,39,39,0,0,117.2,81.4,Stage-II Pending,7.9,1,282.26,Moderate/Plateau,0.49,0.53,2026-04-10,OCMS_Historical,Commissioned,0,0
PAIMANA-SEC_TEL-2022-1187,BharatNet Rural Optical Fiber Network Phase-2 across Dimapur,DoT,Department of Telecommunications,SEC_TEL,Telecommunication & BharatNet Fiber,Nagaland,North-East,BBNL,26.5249,94.9252,1799.35,2298.13,498.78,27.72,1008.79,43.9,68.7,2022-11-20,2025-10-19,2029-10-17,35,48,116.7,31,27,1,1446,1270.0,75.0,Stage-II Pending,4.5,2,403.65,Low/Plains,0.93,0.56,2026-04-10,PAIMANA_Live,Under Implementation,1,1
PAIMANA-SEC_HEAVY-2020-1188,Heavy Electrical Equipment & Gas Turbine Manufacturing Facility at Guntur,MHI,Ministry of Heavy Industries,SEC_HEAVY,Heavy Engineering & Capital Goods,Andhra Pradesh,South,BHEL,15.9545,80.0819,1071.08,1103.21,32.13,3.0,720.35,65.3,100.0,2020-11-11,2022-11-10,2022-11-10,24,0,150.0,13,13,0,0,1551.3,81.8,Stage-I,6.3,0,0.0,Low/Plains,0.9,0.44,2026-04-10,PAIMANA_Live,Commissioned,0,0
PAIMANA-SEC_SMART-2019-1189,Industrial Smart City & Integrated Manufacturing Node at Vijayawada,MoHUA,Ministry of Housing and Urban Affairs,SEC_SMART,Smart Cities & Industrial Corridors,Andhra Pradesh,South,NICDC,16.206,79.5085,513.45,605.35,91.9,17.9,263.07,43.5,68.7,2019-09-10,2021-06-09,2023-08-08,21,26,150.0,47,47,1,773,363.5,66.2,Approved,3.8,1,109.41,Low/Plains,0.13,0.22,2026-04-10,OCMS_Historical,Under Implementation,1,1
PAIMANA-SEC_STEEL-2019-1190,Integrated Steel Plant Modernization & Pelletization Unit at Kanpur,MoSteel,Ministry of Steel,SEC_STEEL,Steel Plants & Metallurgy Units,Uttar Pradesh,North,SAIL,26.3116,81.3713,272.19,361.93,89.74,32.97,140.47,38.8,63.7,2019-05-19,2021-04-17,2024-06-15,23,38,150.0,41,41,1,1180,868.5,40.5,Approved,8.2,2,320.0,Moderate/Plateau,0.51,0.47,2026-04-10,OCMS_Historical,Under Implementation,1,1
PAIMANA-SEC_PWR_GEN-2017-1191,Pumped Storage Hydroelectric Power Facility (25 MW) in Srinagar,MoP,Ministry of Power,SEC_PWR_GEN,Thermal & Hydro Power Generation,Jammu & Kashmir,North,NHPC,33.8697,76.1663,751.01,930.59,179.58,23.91,386.02,41.5,69.5,2017-06-14,2020-06-12,2023-04-11,36,34,150.0,41,41,1,1036,637.7,72.8,Approved,5.0,3,188.53,Moderate/Plateau,0.34,0.4,2026-04-10,OCMS_Historical,Under Implementation,1,1
PAIMANA-SEC_PET-2016-1192,Crude Oil Pipeline Augmented Pumping Infrastructure at National Corridor,MoPNG,Ministry of Petroleum and Natural Gas,SEC_PET,Petroleum Pipelines & Refineries,Multi-State / National,National,HPCL,21.4049,79.2803,2589.41,3056.04,466.63,18.02,1347.49,44.1,71.8,2016-10-14,2020-07-13,2023-02-10,45,31,150.0,37,37,1,915,146.2,72.1,Approved,4.9,0,0.0,Low/Plains,0.92,0.86,2026-04-10,OCMS_Historical,Under Implementation,1,1
PAIMANA-SEC_METRO-2019-1193,Urban Light Rail Transit / MetroLite System for Kharagpur Smart City,MoHUA,Ministry of Housing and Urban Affairs,SEC_METRO,Metro Rail & Urban Transit,West Bengal,East,Metro Rail Corp,23.4524,88.4496,1406.69,1698.84,292.15,20.77,691.9,40.7,67.8,2019-05-05,2021-07-03,2024-07-01,26,36,150.0,36,36,1,1069,1641.8,77.6,Stage-I,8.0,4,445.27,Low/Plains,0.55,0.48,2026-04-10,OCMS_Historical,Under Implementation,1,1
PAIMANA-SEC_STEEL-2021-1194,Integrated Steel Plant Modernization & Pelletization Unit at National Corridor,MoSteel,Ministry of Steel,SEC_STEEL,Steel Plants & Metallurgy Units,Multi-State / National,National,SAIL,22.4519,78.7069,351.48,506.75,155.27,44.18,162.28,32.0,57.8,2021-06-25,2023-02-23,2026-06-23,20,40,150.0,22,22,1,1199,1543.3,90.6,Stage-I,6.6,4,879.2,Low/Plains,0.76,0.32,2026-04-10,PAIMANA_Live,Under Implementation,1,1
PAIMANA-SEC_HEALTH-2023-1195,All India Institute of Medical Sciences (AIIMS) 750-Bed Super-Specialty Campus at Hubballi,MoHFW,Ministry of Health and Family Welfare,SEC_HEALTH,AIIMS & Super-Specialty Medical Infra,Karnataka,South,MoHFW/HSCC,15.2223,75.2351,1353.07,1468.59,115.52,8.54,697.02,47.5,77.5,2023-01-20,2024-12-19,2025-11-18,23,11,150.0,18,18,1,359,805.7,59.0,Approved,8.5,0,0.0,Low/Plains,0.32,0.21,2026-04-10,PAIMANA_Live,Under Implementation,0,1
PAIMANA-SEC_MINE-2018-1196,Strategic Rare Earth & Bauxite Mining Complex at Vijayawada,MoMines,Ministry of Mines,SEC_MINE,Strategic Mineral Extraction,Andhra Pradesh,South,NALCO,15.5053,79.7978,1655.17,1823.23,168.06,10.15,858.48,47.1,76.5,2018-10-20,2021-03-19,2022-06-18,29,15,150.0,38,38,1,453,829.7,74.4,Approved,8.9,1,255.53,Low/Plains,0.18,0.52,2026-04-10,OCMS_Historical,Under Implementation,0,1
PAIMANA-SEC_COAL-2021-1197,Coal Bed Methane & Deep Underground Extraction Unit at Bhilai,MoCoal,Ministry of Coal,SEC_COAL,Coal Mining & Washeries,Chhattisgarh,Central,NCDC,21.4519,81.8142,495.69,521.57,25.88,5.22,340.88,65.4,100.0,2021-06-08,2022-12-07,2022-12-07,18,0,150.0,12,12,0,0,477.0,90.4,Approved,5.3,0,0.0,Low/Plains,0.73,0.24,2026-04-10,PAIMANA_Live,Commissioned,0,0
PAIMANA-SEC_AIR-2018-1198,Greenfield International Airport Terminal-21 & Parallel Runway at Mangaluru,MoCA,Ministry of Civil Aviation,SEC_AIR,Regional & Greenfield Airports,Karnataka,South,AAI,15.5133,75.3185,1328.29,1359.9,31.61,2.38,898.66,66.1,100.0,2018-08-02,2020-08-31,2020-08-31,25,0,150.0,23,23,0,0,668.6,97.1,Approved,9.6,0,0.0,Low/Plains,0.94,0.37,2026-04-10,OCMS_Historical,Commissioned,0,0
PAIMANA-SEC_TEL-2021-1199,BharatNet Rural Optical Fiber Network Phase-2 across Ramagundam,DoT,Department of Telecommunications,SEC_TEL,Telecommunication & BharatNet Fiber,Telangana,South,BBNL,18.3841,79.5972,1213.06,1393.79,180.73,14.9,618.17,44.4,66.3,2021-10-09,2023-09-08,2026-01-06,23,28,150.0,35,35,1,850,1112.8,88.1,Stage-I,4.6,2,50.34,Moderate/Plateau,0.49,0.35,2026-04-10,PAIMANA_Live,Under Implementation,1,1
PAIMANA-SEC_REN-2015-1200,Green Ammonia & Hydrogen Renewable Energy Island at Itanagar,MNRE,Ministry of New and Renewable Energy,SEC_REN,Solar & Renewable Green Energy,Arunachal Pradesh,North-East,SECI,27.7535,94.6213,387.53,398.4,10.87,2.8,258.53,64.9,100.0,2015-07-19,2018-01-16,2018-01-16,30,0,150.0,48,48,0,0,177.2,89.9,Approved,5.1,0,0.0,Moderate/Plateau,0.7,0.35,2026-04-10,OCMS_Historical,Commissioned,0,0
PAIMANA-SEC_RLY-2015-1201,Railway Doubling & Electrification of Belagavi-Bengaluru Section (48 km),MoR,Ministry of Railways,SEC_RLY,Railways & High-Speed Rail,Karnataka,South,CORE,15.5138,75.8836,1612.44,1928.48,316.04,19.6,910.26,47.2,73.9,2015-05-21,2018-03-19,2020-11-15,34,32,150.0,12,11,1,987,1758.8,71.4,Stage-II Pending,8.8,0,0.0,Low/Plains,0.15,0.69,2026-04-10,OCMS_Historical,Under Implementation,1,1
PAIMANA-SEC_PWR_GEN-2022-1202,Ultra Mega Supercritical Thermal Power Project (74x800 MW) at Gwalior,MoP,Ministry of Power,SEC_PWR_GEN,Thermal & Hydro Power Generation,Madhya Pradesh,Central,NTPC,23.1454,78.5408,1955.4,2519.72,564.32,28.86,947.41,37.6,63.9,2022-10-02,2024-12-30,2027-10-29,27,34,150.0,22,22,1,1060,626.4,68.0,Approved,6.1,1,247.13,High/Himalayan/Riverine,0.29,0.66,2026-04-10,PAIMANA_Live,Under Implementation,1,1
PAIMANA-SEC_METRO-2015-1203,Regional Rapid Transit System (RRTS) Semi High-Speed Line (Dehradun-Haldwani),MoHUA,Ministry of Housing and Urban Affairs,SEC_METRO,Metro Rail & Urban Transit,Uttarakhand,North,NCRTC,30.4169,79.5751,3211.54,3862.54,651.0,20.27,1784.22,46.2,72.8,2015-08-15,2020-03-13,2023-04-11,55,37,150.0,40,40,1,1115,323.6,63.0,Approved,7.0,2,411.43,Moderate/Plateau,0.54,0.24,2026-04-10,OCMS_Historical,Under Implementation,1,1
PAIMANA-SEC_INLAND-2018-1204,Fairway Development & River Ro-Ro Terminal Facility in Kakinada,MoPSW,"Ministry of Ports, Shipping and Waterways",SEC_INLAND,National Waterways & River Ports,Andhra Pradesh,South,IWAI,16.2241,79.4061,3123.53,3857.83,734.3,23.51,1649.0,42.7,68.9,2018-09-18,2022-03-17,2025-06-14,42,39,150.0,41,41,1,1207,592.9,93.5,Approved,4.1,3,917.04,Moderate/Plateau,0.19,0.74,2026-04-10,OCMS_Historical,Under Implementation,1,1
PAIMANA-SEC_STEEL-2019-1205,Integrated Steel Plant Modernization & Pelletization Unit at Jamshedpur,MoSteel,Ministry of Steel,SEC_STEEL,Steel Plants & Metallurgy Units,Jharkhand,East,SAIL,23.1551,85.7025,310.08,314.26,4.18,1.35,200.48,63.8,100.0,2019-11-26,2021-10-25,2021-10-25,23,0,150.0,47,47,0,0,249.4,80.8,Approved,6.7,0,0.0,Low/Plains,0.47,0.4,2026-04-10,OCMS_Historical,Commissioned,0,0
PAIMANA-SEC_COAL-2021-1206,Mechanized Coal Washery & Pithead Rail Dispatch Facility (Ayodhya),MoCoal,Ministry of Coal,SEC_COAL,Coal Mining & Washeries,Uttar Pradesh,North,BCCL,27.3691,81.3528,470.91,545.42,74.51,15.82,261.09,47.9,75.0,2021-04-23,2023-05-23,2025-03-21,25,22,150.0,18,18,1,694,1260.4,70.4,Stage-II Pending,6.7,0,0.0,Moderate/Plateau,0.84,0.78,2026-04-10,PAIMANA_Live,Under Implementation,1,1
PAIMANA-SEC_CHEM-2022-1207,Petrochemical Derivative & Polymer Manufacturing Unit at Nagpur,MoCF,Ministry of Chemicals and Fertilizers,SEC_CHEM,Fertilizer Plants & Petrochemicals,Maharashtra,West,HURL,19.6289,75.5253,1872.24,1969.85,97.61,5.21,1237.91,62.8,95.0,2022-03-23,2025-11-19,2025-11-19,44,0,111.0,23,20,0,0,246.7,85.1,Approved,8.7,1,52.69,Moderate/Plateau,0.33,0.65,2026-04-10,PAIMANA_Live,Nearing Completion,0,0
PAIMANA-SEC_AIR-2021-1208,Air Cargo Hub & Aircraft Maintenance Repair Overhaul (MRO) at Pan-India Grid,MoCA,Ministry of Civil Aviation,SEC_AIR,Regional & Greenfield Airports,Multi-State / National,National,AAI,21.5385,78.8227,1870.02,2384.35,514.33,27.5,1030.17,43.2,69.3,2021-03-05,2024-06-02,2027-05-02,39,35,150.0,44,44,1,1047,511.2,83.7,Stage-I,8.7,4,1367.31,Low/Plains,0.8,0.65,2026-04-10,PAIMANA_Live,Under Implementation,1,1
PAIMANA-SEC_CHEM-2023-1209,Petrochemical Derivative & Polymer Manufacturing Unit at Varanasi,MoCF,Ministry of Chemicals and Fertilizers,SEC_CHEM,Fertilizer Plants & Petrochemicals,Uttar Pradesh,North,HURL,26.5474,81.3535,1872.26,2166.05,293.79,15.69,575.92,26.6,46.3,2023-10-22,2027-01-19,2029-03-19,39,26,76.5,46,27,1,798,1187.8,77.3,Stage-I,6.2,0,0.0,Moderate/Plateau,0.89,0.65,2026-04-10,PAIMANA_Live,Under Implementation,1,1
PAIMANA-SEC_AIR-2017-1210,Regional Airport Modernization & Runway Extension under UDAN at Kota,MoCA,Ministry of Civil Aviation,SEC_AIR,Regional & Greenfield Airports,Rajasthan,North,AAI,26.799,74.2804,44609.48,52011.59,7402.11,16.59,22275.13,42.8,64.7,2017-09-02,2027-08-29,2029-05-28,120,21,86.3,40,22,18,639,165.6,76.6,Stage-I,7.6,1,104.83,Moderate/Plateau,0.21,0.66,2026-04-10,OCMS_Historical,Under Implementation,1,1
PAIMANA-SEC_HWY-2018-1211,Bharatmala Pariyojana 4/6-Lane Corridor from Kharagpur to Kolkata,MoRTH,Ministry of Road Transport and Highways,SEC_HWY,Highways & Expressways,West Bengal,East,NHAI,22.4356,87.5899,1974.27,2230.96,256.69,13.0,1129.73,50.6,80.2,2018-04-20,2021-09-17,2023-08-17,41,23,150.0,26,26,1,724,1572.0,51.3,Stage-I,8.6,0,0.0,Moderate/Plateau,0.85,0.37,2026-04-10,OCMS_Historical,Under Implementation,1,1
PAIMANA-SEC_PORT-2016-1212,LNG Import Terminal & Marine Jetty Infrastructure at Prayagraj,MoPSW,"Ministry of Ports, Shipping and Waterways",SEC_PORT,Major Ports & Maritime Channels,Uttar Pradesh,North,Petronet,26.9069,80.4337,3375.82,3812.55,436.73,12.94,2159.45,56.6,86.2,2016-03-19,2020-02-15,2021-09-14,47,19,150.0,12,12,1,564,228.3,62.4,Approved,8.2,1,77.51,Low/Plains,0.26,0.24,2026-04-10,OCMS_Historical,Nearing Completion,1,1
PAIMANA-SEC_STEEL-2022-1213,Integrated Steel Plant Modernization & Pelletization Unit at Panipat,MoSteel,Ministry of Steel,SEC_STEEL,Steel Plants & Metallurgy Units,Haryana,North,SAIL,28.8111,76.626,2840.99,3166.12,325.13,11.44,1658.06,52.4,83.0,2022-04-06,2026-06-04,2026-06-04,50,0,96.7,16,14,0,0,80.6,87.2,Approved,7.1,0,0.0,High/Himalayan/Riverine,0.63,0.61,2026-04-10,PAIMANA_Live,Under Implementation,1,0
PAIMANA-SEC_HEAVY-2022-1214,Heavy Electrical Equipment & Gas Turbine Manufacturing Facility at Darbhanga,MHI,Ministry of Heavy Industries,SEC_HEAVY,Heavy Engineering & Capital Goods,Bihar,East,BHEL,24.9592,85.3614,2131.17,2321.89,190.72,8.95,1465.59,63.1,100.0,2022-08-18,2025-01-15,2025-01-15,29,0,150.0,19,19,0,0,410.3,78.7,Stage-II Pending,9.6,1,76.67,Low/Plains,0.79,0.61,2026-04-10,PAIMANA_Live,Commissioned,0,0
PAIMANA-SEC_AIR-2014-1215,Air Cargo Hub & Aircraft Maintenance Repair Overhaul (MRO) at Jamshedpur,MoCA,Ministry of Civil Aviation,SEC_AIR,Regional & Greenfield Airports,Jharkhand,East,AAI,24.1762,85.6079,850.74,859.08,8.34,0.98,564.77,65.7,100.0,2014-09-27,2017-02-24,2017-02-24,29,0,150.0,44,44,0,0,1280.7,78.5,Approved,9.5,0,0.0,Low/Plains,0.71,0.32,2026-04-10,OCMS_Historical,Commissioned,0,0
PAIMANA-SEC_HEALTH-2014-1216,All India Institute of Medical Sciences (AIIMS) 750-Bed Super-Specialty Campus at Guntur,MoHFW,Ministry of Health and Family Welfare,SEC_HEALTH,AIIMS & Super-Specialty Medical Infra,Andhra Pradesh,South,MoHFW/HSCC,15.711,79.245,2360.5,2440.16,79.66,3.37,1612.86,66.1,100.0,2014-11-03,2017-11-01,2017-11-01,36,0,150.0,25,25,0,0,1651.0,81.9,Stage-II Pending,4.2,1,93.01,Low/Plains,0.68,0.62,2026-04-10,OCMS_Historical,Commissioned,0,0
PAIMANA-SEC_RLY-2016-1217,Dedicated Freight Corridor (Western/Eastern Phase-1) near Rajkot,MoR,Ministry of Railways,SEC_RLY,Railways & High-Speed Rail,Gujarat,West,DFCCIL,22.523,70.6683,550.83,613.95,63.12,11.46,260.18,42.4,68.0,2016-05-18,2017-11-16,2019-07-17,18,20,150.0,48,48,1,609,834.0,71.9,Approved,6.9,0,0.0,Low/Plains,0.86,0.27,2026-04-10,OCMS_Historical,Under Implementation,1,1
PAIMANA-SEC_LOG-2014-1218,Central Freight Logistics & Cold Chain Infrastructure Hub at Baramulla,MoRTH,Ministry of Road Transport and Highways,SEC_LOG,Multimodal Logistics Parks (MMLP),Jammu & Kashmir,North,CONCOR,33.8184,76.1399,916.56,1046.44,129.88,14.17,463.75,44.3,72.2,2014-12-28,2016-09-26,2018-05-27,21,20,150.0,34,34,1,635,345.3,73.3,Approved,4.4,0,0.0,Low/Plains,0.19,0.5,2026-04-10,OCMS_Historical,Under Implementation,1,1
PAIMANA-SEC_ATOM-2022-1219,Fast Breeder Reactor & Reprocessing Facility at Ayodhya,DAE,Department of Atomic Energy,SEC_ATOM,Atomic Energy & Nuclear Power,Uttar Pradesh,North,BHAVINI,26.4988,81.2359,723.8,835.29,111.49,15.4,348.75,41.8,71.0,2022-05-21,2024-02-18,2026-02-16,21,24,150.0,31,31,1,740,278.1,43.3,Exempted,8.6,0,0.0,Moderate/Plateau,0.68,0.68,2026-04-10,PAIMANA_Live,Under Implementation,1,1
PAIMANA-SEC_TEL-2017-1220,National 5G High-Density Core Network Infrastructure in Chennai,DoT,Department of Telecommunications,SEC_TEL,Telecommunication & BharatNet Fiber,Tamil Nadu,South,BSNL,11.3331,78.3577,1240.65,1548.33,307.68,24.8,690.18,44.6,72.2,2017-07-21,2020-08-18,2022-10-17,37,26,150.0,21,21,1,777,118.3,86.2,Exempted,4.3,1,240.89,High/Himalayan/Riverine,0.94,0.68,2026-04-10,OCMS_Historical,Under Implementation,1,1
PAIMANA-SEC_COAL-2023-1221,Mechanized Coal Washery & Pithead Rail Dispatch Facility (Dibrugarh),MoCoal,Ministry of Coal,SEC_COAL,Coal Mining & Washeries,Assam,North-East,BCCL,26.3919,93.1697,10347.83,10443.34,95.51,0.92,1638.54,15.7,27.2,2023-08-11,2032-05-07,2032-05-07,105,0,30.6,20,6,0,0,237.3,79.7,Approved,6.1,0,0.0,High/Himalayan/Riverine,0.9,0.32,2026-04-10,PAIMANA_Live,Ongoing,0,0
PAIMANA-SEC_PWR_GEN-2023-1222,Subansiri/Tehri Stage-II Hydroelectric Dam & Powerhouse (Kozhikode),MoP,Ministry of Power,SEC_PWR_GEN,Thermal & Hydro Power Generation,Kerala,South,SJVN,10.7849,76.6008,194.75,232.56,37.81,19.41,91.0,39.1,63.3,2023-10-12,2025-09-10,2028-04-09,23,31,131.0,39,39,1,965,492.5,71.3,Stage-I,4.9,1,24.42,Low/Plains,0.63,0.3,2026-04-10,PAIMANA_Live,Under Implementation,1,1
PAIMANA-SEC_CHEM-2022-1223,Coal-Gasification Based Urea & Fertilizer Complex at Chennai,MoCF,Ministry of Chemicals and Fertilizers,SEC_CHEM,Fertilizer Plants & Petrochemicals,Tamil Nadu,South,FCIL,11.189,78.7091,2202.95,2683.34,480.39,21.81,1214.92,45.3,70.9,2022-02-06,2024-09-05,2027-06-05,31,33,150.0,29,29,1,991,1191.5,97.3,Stage-II Pending,5.0,2,699.56,Low/Plains,0.33,0.66,2026-04-10,PAIMANA_Live,Under Implementation,1,1
PAIMANA-SEC_HEALTH-2021-1224,All India Institute of Medical Sciences (AIIMS) 750-Bed Super-Specialty Campus at Dehradun,MoHFW,Ministry of Health and Family Welfare,SEC_HEALTH,AIIMS & Super-Specialty Medical Infra,Uttarakhand,North,MoHFW/HSCC,29.6579,79.0989,248.02,289.05,41.03,16.54,117.11,40.5,65.7,2021-11-25,2023-05-26,2025-05-24,18,24,150.0,35,35,1,734,930.0,72.9,Approved,5.2,0,0.0,High/Himalayan/Riverine,0.42,0.26,2026-04-10,PAIMANA_Live,Under Implementation,1,1
PAIMANA-SEC_LOG-2016-1225,Central Freight Logistics & Cold Chain Infrastructure Hub at Pan-India Grid,MoRTH,Ministry of Road Transport and Highways,SEC_LOG,Multimodal Logistics Parks (MMLP),Multi-State / National,National,CONCOR,21.4479,79.1782,733.09,857.38,124.29,16.95,374.94,43.7,67.7,2016-12-24,2019-08-23,2022-05-22,32,33,150.0,34,34,1,979,1151.9,75.5,Approved,3.7,0,0.0,Low/Plains,0.89,0.55,2026-04-10,OCMS_Historical,Under Implementation,1,1
PAIMANA-SEC_PWR_TR-2022-1226,Green Energy Corridor Intra-State Transmission Scheme Phase-2 in Indore,MoP,Ministry of Power,SEC_PWR_TR,Power Transmission & Grid,Madhya Pradesh,Central,POWERGRID,22.8604,79.0376,3229.59,3696.08,466.49,14.44,1550.75,42.0,61.6,2022-11-27,2026-08-26,2028-04-25,45,20,90.3,28,24,4,626,1290.0,66.3,Approved,5.6,0,0.0,Low/Plains,0.79,0.5,2026-04-10,PAIMANA_Live,Under Implementation,1,1
PAIMANA-SEC_TEL-2021-1227,BharatNet Rural Optical Fiber Network Phase-2 across Asansol,DoT,Department of Telecommunications,SEC_TEL,Telecommunication & BharatNet Fiber,West Bengal,East,BBNL,23.1092,88.2353,1220.08,1264.51,44.43,3.64,832.61,65.8,100.0,2021-08-20,2023-05-20,2023-05-20,21,0,150.0,44,44,0,0,1601.5,96.9,Approved,3.8,0,0.0,Low/Plains,0.28,0.72,2026-04-10,PAIMANA_Live,Commissioned,0,0
PAIMANA-SEC_SMART-2017-1228,Industrial Smart City & Integrated Manufacturing Node at Vijayawada,MoHUA,Ministry of Housing and Urban Affairs,SEC_SMART,Smart Cities & Industrial Corridors,Andhra Pradesh,South,NICDC,15.9281,80.209,412.3,521.27,108.97,26.43,200.05,38.4,63.8,2017-07-26,2019-08-25,2022-12-23,25,40,150.0,19,19,1,1198,334.4,63.9,Approved,3.3,1,167.56,Low/Plains,0.11,0.5,2026-04-10,OCMS_Historical,Under Implementation,1,1
PAIMANA-SEC_PWR_GEN-2014-1229,Ultra Mega Supercritical Thermal Power Project (78x800 MW) at Jabalpur,MoP,Ministry of Power,SEC_PWR_GEN,Thermal & Hydro Power Generation,Madhya Pradesh,Central,NTPC,23.3579,78.2752,581.77,682.71,100.94,17.35,318.36,46.6,69.0,2014-03-09,2015-12-07,2017-06-06,21,18,150.0,45,45,1,585,1331.4,83.2,Approved,7.3,2,308.47,Low/Plains,0.84,0.67,2026-04-10,OCMS_Historical,Under Implementation,1,1
PAIMANA-SEC_SMART-2022-1230,Special Investment Region Trunk Infrastructure & Utilities at Visakhapatnam,MoHUA,Ministry of Housing and Urban Affairs,SEC_SMART,Smart Cities & Industrial Corridors,Andhra Pradesh,South,Dholera/DMIC,15.8839,79.8777,2189.05,2266.72,77.67,3.55,1427.32,63.0,100.0,2022-05-06,2025-08-03,2025-08-03,39,0,121.5,41,41,0,0,407.4,91.3,Approved,7.9,1,179.94,Low/Plains,0.49,0.37,2026-04-10,PAIMANA_Live,Commissioned,0,0
PAIMANA-SEC_RLY-2022-1231,Dedicated Freight Corridor (Western/Eastern Phase-4) near Rajkot,MoR,Ministry of Railways,SEC_RLY,Railways & High-Speed Rail,Gujarat,West,DFCCIL,22.7848,71.1709,573.5,674.78,101.28,17.66,290.63,43.1,69.4,2022-09-25,2024-04-24,2026-05-24,19,25,150.0,17,17,1,792,1716.5,79.6,Approved,3.9,1,164.7,Moderate/Plateau,0.29,0.32,2026-04-10,PAIMANA_Live,Under Implementation,1,1
PAIMANA-SEC_ATOM-2019-1232,Fast Breeder Reactor & Reprocessing Facility at Mandi,DAE,Department of Atomic Energy,SEC_ATOM,Atomic Energy & Nuclear Power,Himachal Pradesh,North,BHAVINI,31.3972,76.5819,1409.86,1596.32,186.46,13.23,829.97,52.0,84.3,2019-10-26,2023-03-25,2024-03-23,41,12,150.0,18,18,1,394,1293.2,90.2,Approved,9.6,0,0.0,Low/Plains,0.71,0.74,2026-04-10,OCMS_Historical,Under Implementation,1,1
PAIMANA-SEC_MINE-2015-1233,Copper Ore Underground Mine Expansion Project in Angul,MoMines,Ministry of Mines,SEC_MINE,Strategic Mineral Extraction,Odisha,East,HCL,20.7905,84.8292,1198.59,1230.23,31.64,2.64,779.69,63.4,100.0,2015-09-01,2018-05-31,2018-05-31,33,0,150.0,25,24,0,0,1611.8,91.8,Stage-I,7.7,0,0.0,Low/Plains,0.45,0.36,2026-04-10,OCMS_Historical,Commissioned,0,0
PAIMANA-SEC_SMART-2020-1234,Industrial Smart City & Integrated Manufacturing Node at Korba,MoHUA,Ministry of Housing and Urban Affairs,SEC_SMART,Smart Cities & Industrial Corridors,Chhattisgarh,Central,NICDC,21.8178,81.3864,618.06,738.71,120.65,19.52,351.16,47.5,73.5,2020-04-14,2023-01-12,2025-11-10,33,34,150.0,47,47,1,1021,1739.8,88.2,Stage-II Pending,4.2,0,0.0,Moderate/Plateau,0.14,0.64,2026-04-10,PAIMANA_Live,Under Implementation,1,1
PAIMANA-SEC_MINE-2020-1235,Strategic Rare Earth & Bauxite Mining Complex at Bengaluru,MoMines,Ministry of Mines,SEC_MINE,Strategic Mineral Extraction,Karnataka,South,NALCO,14.7626,75.5751,8798.65,10652.65,1854.0,21.07,3288.65,30.9,50.0,2020-06-26,2028-09-21,2030-09-20,99,24,70.4,15,10,1,757,1397.0,59.7,Stage-I,6.4,2,638.2,Low/Plains,0.9,0.78,2026-04-10,PAIMANA_Live,Under Implementation,1,1
PAIMANA-SEC_ATOM-2023-1236,Pressurized Heavy Water Reactor Nuclear Power Unit (82x700 MWe) at Tiruchirappalli,DAE,Department of Atomic Energy,SEC_ATOM,Atomic Energy & Nuclear Power,Tamil Nadu,South,NPCIL,10.7305,78.1002,2096.09,2390.24,294.15,14.03,793.15,33.2,50.0,2023-11-17,2026-12-15,2029-01-13,37,25,78.3,15,8,6,766,1459.0,49.8,Approved,6.7,1,231.13,Low/Plains,0.92,0.23,2026-04-10,PAIMANA_Live,Under Implementation,1,1
PAIMANA-SEC_METRO-2014-1237,Regional Rapid Transit System (RRTS) Semi High-Speed Line (Mumbai-Solapur),MoHUA,Ministry of Housing and Urban Affairs,SEC_METRO,Metro Rail & Urban Transit,Maharashtra,West,NCRTC,20.3074,75.4457,167.62,190.22,22.6,13.48,81.57,42.9,65.0,2014-03-03,2015-12-01,2017-12-30,21,25,150.0,37,37,1,772,1042.0,74.8,Approved,6.2,0,0.0,Moderate/Plateau,0.53,0.74,2026-04-10,OCMS_Historical,Under Implementation,1,1
PAIMANA-SEC_HEAVY-2017-1238,Heavy Machine Tools & Engineering Foundry Unit in Noida,MHI,Ministry of Heavy Industries,SEC_HEAVY,Heavy Engineering & Capital Goods,Uttar Pradesh,North,HMT,26.778,80.7987,1370.24,1572.41,202.17,14.75,785.51,50.0,74.1,2017-08-13,2020-12-11,2022-12-10,40,24,150.0,12,12,1,740,1184.4,82.2,Exempted,6.6,0,0.0,Low/Plains,0.78,0.77,2026-04-10,OCMS_Historical,Under Implementation,1,1
PAIMANA-SEC_CHEM-2017-1239,Petrochemical Derivative & Polymer Manufacturing Unit at Vijayawada,MoCF,Ministry of Chemicals and Fertilizers,SEC_CHEM,Fertilizer Plants & Petrochemicals,Andhra Pradesh,South,HURL,15.9557,79.981,612.11,745.28,133.17,21.76,345.39,46.3,72.0,2017-06-25,2019-12-24,2021-11-22,30,23,150.0,41,41,1,682,846.2,70.7,Approved,6.0,2,603.62,Low/Plains,0.18,0.38,2026-04-10,OCMS_Historical,Under Implementation,1,1
PAIMANA-SEC_PORT-2017-1240,Greenfield Deep-Water Major Port & Container Terminal Phase-2 at Prayagraj,MoPSW,"Ministry of Ports, Shipping and Waterways",SEC_PORT,Major Ports & Maritime Channels,Uttar Pradesh,North,Port Authority,27.1292,81.3935,2579.67,3097.57,517.9,20.08,1584.89,51.2,85.1,2017-05-03,2020-12-30,2022-01-29,44,13,150.0,33,33,1,395,1310.0,89.9,Approved,7.4,0,0.0,High/Himalayan/Riverine,0.21,0.81,2026-04-10,OCMS_Historical,Nearing Completion,1,1
PAIMANA-SEC_COAL-2017-1241,Open Cast Coal Mining Project (83 MTPA) with High-Capacity Conveyors at Varanasi,MoCoal,Ministry of Coal,SEC_COAL,Coal Mining & Washeries,Uttar Pradesh,North,CIL,26.6252,81.4239,540.62,707.94,167.32,30.95,285.98,40.4,67.3,2017-04-27,2019-03-27,2021-01-23,23,22,150.0,34,34,1,703,798.2,90.9,Approved,8.6,3,561.09,High/Himalayan/Riverine,0.56,0.48,2026-04-10,OCMS_Historical,Under Implementation,1,1
PAIMANA-SEC_LOG-2018-1242,Multimodal Logistics Park (MMLP) with Inland Container Depot at Guntur,MoRTH,Ministry of Road Transport and Highways,SEC_LOG,Multimodal Logistics Parks (MMLP),Andhra Pradesh,South,NHLML,16.3454,80.0711,1029.27,1055.76,26.49,2.57,698.18,66.1,100.0,2018-08-06,2021-08-04,2021-08-04,36,0,150.0,29,29,0,0,875.8,86.4,Approved,6.4,1,94.84,Moderate/Plateau,0.51,0.43,2026-04-10,OCMS_Historical,Commissioned,0,0
PAIMANA-SEC_IRR-2015-1243,Lift Irrigation & Pressurized Piped Distribution Network in Madurai,DoWR,"Department of Water Resources, RD & GR",SEC_IRR,National River Link & Irrigation,Tamil Nadu,South,WRD,11.6773,78.4686,1854.45,2101.72,247.27,13.33,1129.9,53.8,83.5,2015-12-17,2019-04-16,2020-08-14,40,16,150.0,32,32,1,489,1711.2,67.3,Approved,5.3,0,0.0,Low/Plains,0.48,0.88,2026-04-10,OCMS_Historical,Under Implementation,1,1
PAIMANA-SEC_REN-2021-1244,Ultra Mega Solar Park (75 MW) with Battery Storage at Tiruchirappalli,MNRE,Ministry of New and Renewable Energy,SEC_REN,Solar & Renewable Green Energy,Tamil Nadu,South,SECI,11.0458,78.514,2612.53,2769.27,156.74,6.0,1796.62,64.9,100.0,2021-07-07,2025-04-05,2025-04-05,45,0,127.4,35,29,0,0,476.1,89.6,Approved,6.0,1,128.48,Low/Plains,0.27,0.72,2026-04-10,PAIMANA_Live,Commissioned,0,0
PAIMANA-SEC_PWR_GEN-2016-1245,Ultra Mega Supercritical Thermal Power Project (31x800 MW) at Amritsar,MoP,Ministry of Power,SEC_PWR_GEN,Thermal & Hydro Power Generation,Punjab,North,NTPC,31.5237,75.313,366.99,441.99,75.0,20.44,178.66,40.4,61.1,2016-08-26,2018-02-24,2020-11-23,18,33,150.0,23,23,1,1025,396.8,50.0,Stage-II Pending,4.0,0,0.0,Low/Plains,0.27,0.86,2026-04-10,OCMS_Historical,Under Implementation,1,1
PAIMANA-SEC_INLAND-2015-1246,National Waterway NW-45 Multimodal Navigation Terminal at Belagavi,MoPSW,"Ministry of Ports, Shipping and Waterways",SEC_INLAND,National Waterways & River Ports,Karnataka,South,IWAI,15.5251,75.6989,835.33,1002.01,166.68,19.95,437.75,43.7,68.3,2015-08-24,2017-12-22,2020-06-21,28,30,150.0,28,28,1,886,1665.8,59.7,Exempted,4.9,1,32.43,Low/Plains,0.1,0.9,2026-04-10,OCMS_Historical,Under Implementation,1,1
PAIMANA-SEC_IRR-2015-1247,National River Interlinking Canal & Barrage System (Deoghar-Bokaro),DoWR,"Department of Water Resources, RD & GR",SEC_IRR,National River Link & Irrigation,Jharkhand,East,NWDA,23.2841,85.0602,731.0,830.63,99.63,13.63,422.39,50.9,78.7,2015-07-20,2017-09-17,2019-02-15,26,17,150.0,41,41,1,535,942.0,67.2,Stage-I,6.8,0,0.0,Low/Plains,0.45,0.85,2026-04-10,OCMS_Historical,Under Implementation,1,1
PAIMANA-SEC_AIR-2018-1248,Regional Airport Modernization & Runway Extension under UDAN at Bongaigaon,MoCA,Ministry of Civil Aviation,SEC_AIR,Regional & Greenfield Airports,Assam,North-East,AAI,25.7506,92.6192,617.05,706.4,89.35,14.48,424.34,60.1,100.0,2018-10-21,2021-02-18,2021-02-18,28,0,150.0,29,29,0,0,866.2,78.3,Approved,6.6,0,0.0,High/Himalayan/Riverine,0.59,0.58,2026-04-10,OCMS_Historical,Commissioned,1,0
PAIMANA-SEC_PORT-2015-1249,LNG Import Terminal & Marine Jetty Infrastructure at Mumbai,MoPSW,"Ministry of Ports, Shipping and Waterways",SEC_PORT,Major Ports & Maritime Channels,Maharashtra,West,Petronet,20.2694,75.5817,6141.28,7430.46,1289.18,20.99,4087.42,55.0,83.9,2015-04-06,2021-05-03,2023-12-31,73,32,150.0,18,18,1,946,377.9,69.1,Approved,4.8,0,0.0,Low/Plains,0.45,0.89,2026-04-10,OCMS_Historical,Under Implementation,1,1
PAIMANA-SEC_METRO-2017-1250,Urban Light Rail Transit / MetroLite System for Kanpur Smart City,MoHUA,Ministry of Housing and Urban Affairs,SEC_METRO,Metro Rail & Urban Transit,Uttar Pradesh,North,Metro Rail Corp,27.4102,81.1833,1686.38,1918.16,231.78,13.74,986.73,51.4,83.1,2017-12-10,2021-03-09,2022-08-07,39,17,150.0,20,20,1,497,142.4,74.2,Approved,6.9,0,0.0,Moderate/Plateau,0.6,0.35,2026-04-10,OCMS_Historical,Under Implementation,1,1
PAIMANA-SEC_REN-2023-1251,Ultra Mega Solar Park (50 MW) with Battery Storage at Pakyong,MNRE,Ministry of New and Renewable Energy,SEC_REN,Solar & Renewable Green Energy,Sikkim,North-East,SECI,27.4276,88.0991,346.46,400.3,53.84,15.54,204.95,51.2,83.0,2023-10-15,2026-06-13,2026-06-13,32,0,93.9,39,27,0,0,88.5,76.2,Approved,7.8,1,277.22,High/Himalayan/Riverine,0.69,0.31,2026-04-10,PAIMANA_Live,Under Implementation,1,0
PAIMANA-SEC_HWY-2014-1252,Bharatmala Pariyojana 4/6-Lane Corridor from Panipat to Rohtak,MoRTH,Ministry of Road Transport and Highways,SEC_HWY,Highways & Expressways,Haryana,North,NHAI,28.9529,76.1583,2745.11,3172.1,426.99,15.55,1552.23,48.9,74.7,2014-09-27,2017-10-25,2020-05-24,37,31,150.0,34,34,1,975,416.3,77.5,Stage-I,3.8,3,304.85,Moderate/Plateau,0.44,0.24,2026-04-10,OCMS_Historical,Under Implementation,1,1
PAIMANA-SEC_ATOM-2017-1253,Fast Breeder Reactor & Reprocessing Facility at Noida,DAE,Department of Atomic Energy,SEC_ATOM,Atomic Energy & Nuclear Power,Uttar Pradesh,North,BHAVINI,26.4723,80.4284,8618.4,10134.23,1515.83,17.59,5926.81,58.5,90.0,2017-03-23,2024-11-17,2026-01-16,92,14,118.4,36,29,4,445,751.7,87.3,Approved,5.7,0,0.0,High/Himalayan/Riverine,0.26,0.46,2026-04-10,OCMS_Historical,Nearing Completion,1,1
PAIMANA-SEC_PWR_GEN-2018-1254,Pumped Storage Hydroelectric Power Facility (95 MW) in Paradip,MoP,Ministry of Power,SEC_PWR_GEN,Thermal & Hydro Power Generation,Odisha,East,NHPC,20.8778,84.5083,3060.85,3620.39,559.54,18.28,1624.99,44.9,71.4,2018-02-21,2022-04-21,2025-03-20,50,35,150.0,40,40,1,1055,262.4,96.7,Approved,5.7,2,461.62,Moderate/Plateau,0.84,0.83,2026-04-10,OCMS_Historical,Under Implementation,1,1
PAIMANA-SEC_PET-2016-1255,Strategic Petroleum Reserve Underground Rock Caverns at Solapur,MoPNG,Ministry of Petroleum and Natural Gas,SEC_PET,Petroleum Pipelines & Refineries,Maharashtra,West,ISPRL,19.4713,75.5848,271.02,280.71,9.69,3.58,181.83,64.8,100.0,2016-01-16,2017-09-15,2017-09-15,20,0,150.0,33,33,0,0,1002.2,75.7,Stage-I,8.0,0,0.0,Low/Plains,0.39,0.21,2026-04-10,OCMS_Historical,Commissioned,0,0
PAIMANA-SEC_HEALTH-2021-1256,National Centre for Disease Control & Bio-Safety Level 4 Lab at Jaipur,MoHFW,Ministry of Health and Family Welfare,SEC_HEALTH,AIIMS & Super-Specialty Medical Infra,Rajasthan,North,MoHFW,26.8907,74.7714,724.57,980.65,256.08,35.34,384.01,39.2,63.6,2021-03-07,2023-04-06,2027-01-03,25,45,150.0,36,36,1,1359,1134.3,80.1,Stage-II Pending,4.2,4,1189.0,Moderate/Plateau,0.93,0.27,2026-04-10,PAIMANA_Live,Under Implementation,1,1
PAIMANA-SEC_STEEL-2016-1257,Integrated Steel Plant Modernization & Pelletization Unit at Bhubaneswar,MoSteel,Ministry of Steel,SEC_STEEL,Steel Plants & Metallurgy Units,Odisha,East,SAIL,20.3698,85.4518,3824.46,4105.49,281.03,7.35,2566.45,62.5,100.0,2016-11-24,2020-06-23,2020-06-23,43,0,150.0,47,47,0,0,662.5,79.1,Approved,8.8,0,0.0,Low/Plains,0.75,0.7,2026-04-10,OCMS_Historical,Commissioned,0,0
PAIMANA-SEC_LOG-2015-1258,Multimodal Logistics Park (MMLP) with Inland Container Depot at Siliguri,MoRTH,Ministry of Road Transport and Highways,SEC_LOG,Multimodal Logistics Parks (MMLP),West Bengal,East,NHLML,22.4965,87.9974,586.0,613.85,27.85,4.75,402.99,65.6,100.0,2015-07-26,2017-06-24,2017-06-24,23,0,150.0,12,12,0,0,1568.5,83.5,Approved,9.5,0,0.0,Moderate/Plateau,0.4,0.26,2026-04-10,OCMS_Historical,Commissioned,0,0
PAIMANA-SEC_INLAND-2014-1259,Fairway Development & River Ro-Ro Terminal Facility in Jamnagar,MoPSW,"Ministry of Ports, Shipping and Waterways",SEC_INLAND,National Waterways & River Ports,Gujarat,West,IWAI,22.4858,71.0222,1749.76,1795.31,45.55,2.6,1187.37,66.1,100.0,2014-01-12,2016-06-11,2016-06-11,29,0,150.0,46,46,0,0,1420.1,99.3,Approved,5.7,0,0.0,Moderate/Plateau,0.41,0.57,2026-04-10,OCMS_Historical,Commissioned,0,0
PAIMANA-SEC_PWR_GEN-2018-1260,Subansiri/Tehri Stage-II Hydroelectric Dam & Powerhouse (Vadodara),MoP,Ministry of Power,SEC_PWR_GEN,Thermal & Hydro Power Generation,Gujarat,West,SJVN,21.8447,70.9472,2395.89,2746.28,350.39,14.62,1347.5,49.1,75.0,2018-01-16,2021-10-15,2024-01-13,45,27,150.0,47,47,1,831,535.7,65.8,Approved,7.3,0,0.0,Low/Plains,0.17,0.34,2026-04-10,OCMS_Historical,Under Implementation,1,1
PAIMANA-SEC_PORT-2022-1261,LNG Import Terminal & Marine Jetty Infrastructure at Singrauli,MoPSW,"Ministry of Ports, Shipping and Waterways",SEC_PORT,Major Ports & Maritime Channels,Madhya Pradesh,Central,Petronet,23.0023,78.654,475.81,564.57,88.76,18.65,232.36,41.2,68.6,2022-06-15,2023-12-14,2025-12-12,18,24,150.0,44,44,1,744,866.7,59.1,Stage-I,4.3,0,0.0,Low/Plains,0.31,0.65,2026-04-10,PAIMANA_Live,Under Implementation,1,1
PAIMANA-SEC_HEALTH-2016-1262,All India Institute of Medical Sciences (AIIMS) 750-Bed Super-Specialty Campus at Faridabad,MoHFW,Ministry of Health and Family Welfare,SEC_HEALTH,AIIMS & Super-Specialty Medical Infra,Haryana,North,MoHFW/HSCC,28.6887,75.5238,1084.7,1165.34,80.64,7.43,716.98,61.5,100.0,2016-10-10,2019-04-10,2019-04-10,30,0,150.0,38,38,0,0,781.0,83.0,Stage-I,3.2,0,0.0,Moderate/Plateau,0.88,0.88,2026-04-10,OCMS_Historical,Commissioned,0,0
PAIMANA-SEC_INLAND-2020-1263,National Waterway NW-51 Multimodal Navigation Terminal at Indore,MoPSW,"Ministry of Ports, Shipping and Waterways",SEC_INLAND,National Waterways & River Ports,Madhya Pradesh,Central,IWAI,23.3265,78.1269,157.0,191.64,34.64,22.06,90.01,47.0,76.3,2020-11-16,2023-04-16,2025-04-14,29,24,150.0,28,28,1,705,1703.8,74.1,Approved,6.2,1,134.52,Low/Plains,0.53,0.78,2026-04-10,PAIMANA_Live,Under Implementation,1,1
PAIMANA-SEC_HEAVY-2018-1264,Heavy Electrical Equipment & Gas Turbine Manufacturing Facility at Kandla,MHI,Ministry of Heavy Industries,SEC_HEAVY,Heavy Engineering & Capital Goods,Gujarat,West,BHEL,21.7853,71.3587,433.74,520.76,87.02,20.06,208.19,40.0,67.5,2018-09-02,2020-03-02,2022-03-01,18,24,150.0,31,31,1,711,1687.2,70.0,Approved,6.2,1,201.68,Moderate/Plateau,0.34,0.6,2026-04-10,OCMS_Historical,Under Implementation,1,1
PAIMANA-SEC_TEL-2021-1265,National 5G High-Density Core Network Infrastructure in Jabalpur,DoT,Department of Telecommunications,SEC_TEL,Telecommunication & BharatNet Fiber,Madhya Pradesh,Central,BSNL,22.8682,78.8168,902.95,1055.51,152.56,16.9,501.26,47.5,70.2,2021-12-22,2024-08-20,2027-01-18,32,29,150.0,18,18,1,887,1362.8,96.3,Stage-II Pending,7.7,2,166.35,Moderate/Plateau,0.15,0.82,2026-04-10,PAIMANA_Live,Under Implementation,1,1
PAIMANA-SEC_STEEL-2023-1266,Integrated Steel Plant Modernization & Pelletization Unit at Vadodara,MoSteel,Ministry of Steel,SEC_STEEL,Steel Plants & Metallurgy Units,Gujarat,West,SAIL,21.6666,71.7737,350.8,452.19,101.39,28.9,196.12,43.4,69.5,2023-04-19,2025-11-16,2028-04-15,31,29,115.9,25,19,3,883,946.2,88.6,Approved,5.7,2,540.5,Low/Plains,0.94,0.53,2026-04-10,PAIMANA_Live,Under Implementation,1,1
PAIMANA-SEC_COAL-2019-1267,Open Cast Coal Mining Project (15 MTPA) with High-Capacity Conveyors at Tiruchirappalli,MoCoal,Ministry of Coal,SEC_COAL,Coal Mining & Washeries,Tamil Nadu,South,CIL,11.2117,78.7398,5412.13,5827.0,414.87,7.67,3274.59,56.2,89.4,2019-01-25,2024-04-23,2025-05-23,63,13,137.7,47,45,1,377,813.1,61.1,Exempted,9.0,0,0.0,Low/Plains,0.57,0.28,2026-04-10,OCMS_Historical,Nearing Completion,0,1
PAIMANA-SEC_COAL-2015-1268,Mechanized Coal Washery & Pithead Rail Dispatch Facility (Jaipur),MoCoal,Ministry of Coal,SEC_COAL,Coal Mining & Washeries,Rajasthan,North,BCCL,27.4675,73.89,295.0,379.96,84.96,28.8,161.48,42.5,74.7,2015-12-11,2018-05-10,2020-05-08,29,24,150.0,23,23,1,707,520.5,85.4,Approved,3.6,1,296.77,High/Himalayan/Riverine,0.47,0.42,2026-04-10,OCMS_Historical,Under Implementation,1,1
PAIMANA-SEC_INLAND-2023-1269,Fairway Development & River Ro-Ro Terminal Facility in Gorakhpur,MoPSW,"Ministry of Ports, Shipping and Waterways",SEC_INLAND,National Waterways & River Ports,Uttar Pradesh,North,IWAI,26.765,81.2898,755.64,795.63,39.99,5.29,476.06,59.8,89.2,2023-01-21,2025-07-21,2026-02-18,30,7,129.4,15,15,1,229,1127.0,78.0,Stage-I,9.5,0,0.0,Low/Plains,0.56,0.25,2026-04-10,PAIMANA_Live,Nearing Completion,0,1
PAIMANA-SEC_PWR_GEN-2016-1270,Subansiri/Tehri Stage-II Hydroelectric Dam & Powerhouse (Jamshedpur),MoP,Ministry of Power,SEC_PWR_GEN,Thermal & Hydro Power Generation,Jharkhand,East,SJVN,23.7929,84.9152,1299.6,1519.56,219.96,16.93,725.3,47.7,73.9,2016-06-03,2019-07-02,2021-09-29,37,27,150.0,48,48,1,800,1201.4,57.5,Exempted,6.6,0,0.0,Low/Plains,0.6,0.54,2026-04-10,OCMS_Historical,Under Implementation,1,1
PAIMANA-SEC_HEAVY-2022-1271,Heavy Machine Tools & Engineering Foundry Unit in Solapur,MHI,Ministry of Heavy Industries,SEC_HEAVY,Heavy Engineering & Capital Goods,Maharashtra,West,HMT,19.5364,75.8266,4513.45,4808.01,294.56,6.53,2477.33,51.5,83.7,2022-04-08,2026-06-06,2026-06-06,50,0,96.6,29,22,0,0,391.0,83.7,Stage-I,7.2,0,0.0,Low/Plains,0.92,0.29,2026-04-10,PAIMANA_Live,Under Implementation,0,0
PAIMANA-SEC_HWY-2018-1272,Delhi-Mumbai Expressway Package 8 (Mumbai-Thane Section),MoRTH,Ministry of Road Transport and Highways,SEC_HWY,Highways & Expressways,Maharashtra,West,NHAI,19.168,75.9465,293.4,429.11,135.71,46.25,168.45,39.3,64.8,2018-03-12,2020-07-10,2023-08-08,28,37,150.0,21,21,1,1138,438.1,49.7,Approved,3.8,2,546.89,High/Himalayan/Riverine,0.83,0.68,2026-04-10,OCMS_Historical,Under Implementation,1,1
PAIMANA-SEC_PWR_TR-2018-1273,Green Energy Corridor Intra-State Transmission Scheme Phase-1 in Jamshedpur,MoP,Ministry of Power,SEC_PWR_TR,Power Transmission & Grid,Jharkhand,East,POWERGRID,23.2146,85.0207,3465.5,3779.63,314.13,9.06,2050.35,54.2,84.3,2018-08-16,2021-11-13,2023-01-12,39,14,150.0,33,33,1,439,1529.6,61.2,Stage-I,9.7,0,0.0,Low/Plains,0.77,0.33,2026-04-10,OCMS_Historical,Under Implementation,0,1
PAIMANA-SEC_HEAVY-2018-1274,Heavy Machine Tools & Engineering Foundry Unit in Inter-State Hub,MHI,Ministry of Heavy Industries,SEC_HEAVY,Heavy Engineering & Capital Goods,Multi-State / National,National,HMT,21.9816,79.1165,1159.02,1351.5,192.48,16.61,583.17,43.1,64.3,2018-01-15,2019-10-15,2021-11-13,21,25,150.0,16,16,1,790,93.4,62.1,Stage-II Pending,9.3,0,0.0,Low/Plains,0.67,0.82,2026-04-10,OCMS_Historical,Under Implementation,1,1
PAIMANA-SEC_PET-2016-1275,Green Hydrogen & Bio-Ethanol Mega Plant at Asansol,MoPNG,Ministry of Petroleum and Natural Gas,SEC_PET,Petroleum Pipelines & Refineries,West Bengal,East,BPCL,23.208,87.6815,451.77,454.9,3.13,0.69,298.73,65.7,100.0,2016-04-17,2018-09-15,2018-09-15,29,0,150.0,47,47,0,0,379.9,96.0,Approved,4.2,0,0.0,Low/Plains,0.6,0.21,2026-04-10,OCMS_Historical,Commissioned,0,0
PAIMANA-SEC_AIR-2017-1276,Greenfield International Airport Terminal-54 & Parallel Runway at Karimnagar,MoCA,Ministry of Civil Aviation,SEC_AIR,Regional & Greenfield Airports,Telangana,South,AAI,18.3007,78.5247,1780.42,1888.91,108.49,6.09,1162.97,61.6,100.0,2017-09-09,2019-12-08,2019-12-08,27,0,150.0,28,28,0,0,691.0,80.8,Approved,7.8,1,144.46,Low/Plains,0.58,0.2,2026-04-10,OCMS_Historical,Commissioned,0,0
PAIMANA-SEC_ATOM-2022-1277,Pressurized Heavy Water Reactor Nuclear Power Unit (92x700 MWe) at Bhilai,DAE,Department of Atomic Energy,SEC_ATOM,Atomic Energy & Nuclear Power,Chhattisgarh,Central,NPCIL,21.5249,81.8947,1386.74,1659.85,273.11,19.69,782.39,47.1,75.4,2022-11-20,2025-05-20,2027-07-19,30,26,136.2,38,38,1,784,186.3,70.0,Approved,9.0,3,788.26,Low/Plains,0.67,0.49,2026-04-10,PAIMANA_Live,Under Implementation,1,1
PAIMANA-SEC_PWR_GEN-2020-1278,Pumped Storage Hydroelectric Power Facility (99 MW) in Nagpur,MoP,Ministry of Power,SEC_PWR_GEN,Thermal & Hydro Power Generation,Maharashtra,West,NHPC,20.272,76.1869,648.98,749.04,100.06,15.42,343.01,45.8,77.7,2020-03-21,2023-02-18,2025-03-19,35,25,150.0,22,22,1,755,384.4,43.0,Stage-II Pending,8.1,0,0.0,Low/Plains,0.88,0.61,2026-04-10,PAIMANA_Live,Under Implementation,1,1
PAIMANA-SEC_PORT-2016-1279,Greenfield Deep-Water Major Port & Container Terminal Phase-4 at Kharagpur,MoPSW,"Ministry of Ports, Shipping and Waterways",SEC_PORT,Major Ports & Maritime Channels,West Bengal,East,Port Authority,23.1663,87.4758,1226.5,1375.0,148.5,12.11,640.29,46.6,74.4,2016-04-04,2018-05-04,2019-09-02,25,16,150.0,23,23,1,503,690.5,62.4,Approved,9.4,0,0.0,Moderate/Plateau,0.31,0.23,2026-04-10,OCMS_Historical,Under Implementation,1,1
PAIMANA-SEC_ATOM-2021-1280,Pressurized Heavy Water Reactor Nuclear Power Unit (82x700 MWe) at Warangal,DAE,Department of Atomic Energy,SEC_ATOM,Atomic Energy & Nuclear Power,Telangana,South,NPCIL,18.1003,78.8092,795.97,902.79,106.82,13.42,410.95,45.5,68.8,2021-08-05,2023-07-05,2025-05-03,23,22,150.0,24,24,1,704,399.4,97.2,Approved,6.4,0,0.0,Low/Plains,0.79,0.69,2026-04-10,PAIMANA_Live,Under Implementation,1,1
PAIMANA-SEC_IRR-2017-1281,National River Interlinking Canal & Barrage System (Warangal-Karimnagar),DoWR,"Department of Water Resources, RD & GR",SEC_IRR,National River Link & Irrigation,Telangana,South,NWDA,18.4306,79.5744,1278.51,1472.03,193.52,15.14,667.38,45.3,67.5,2017-07-13,2019-06-12,2021-04-10,23,22,150.0,36,36,1,678,771.0,85.2,Approved,9.2,1,43.61,Low/Plains,0.74,0.76,2026-04-10,OCMS_Historical,Under Implementation,1,1
PAIMANA-SEC_COAL-2018-1282,Open Cast Coal Mining Project (27 MTPA) with High-Capacity Conveyors at Baramulla,MoCoal,Ministry of Coal,SEC_COAL,Coal Mining & Washeries,Jammu & Kashmir,North,CIL,34.1127,77.1016,2153.03,2695.82,542.79,25.21,1229.66,45.6,70.5,2018-08-13,2021-10-11,2025-08-09,38,46,150.0,30,30,1,1404,518.4,86.6,Stage-II Pending,3.8,2,244.82,Low/Plains,0.3,0.49,2026-04-10,OCMS_Historical,Under Implementation,1,1
PAIMANA-SEC_HEALTH-2016-1283,All India Institute of Medical Sciences (AIIMS) 750-Bed Super-Specialty Campus at Bhavnagar,MoHFW,Ministry of Health and Family Welfare,SEC_HEALTH,AIIMS & Super-Specialty Medical Infra,Gujarat,West,MoHFW/HSCC,22.198,71.0279,5178.77,5701.61,522.84,10.1,3158.12,55.4,84.1,2016-07-14,2021-10-11,2023-08-10,63,22,150.0,40,40,1,701,286.2,96.7,Stage-I,9.1,1,126.22,Moderate/Plateau,0.23,0.29,2026-04-10,OCMS_Historical,Under Implementation,0,1
PAIMANA-SEC_MINE-2020-1284,Strategic Rare Earth & Bauxite Mining Complex at Dibrugarh,MoMines,Ministry of Mines,SEC_MINE,Strategic Mineral Extraction,Assam,North-East,NALCO,25.9703,93.2138,354.14,396.3,42.16,11.9,191.27,48.3,71.3,2020-12-26,2023-06-26,2025-05-25,30,23,150.0,22,22,1,724,481.1,70.1,Approved,7.5,0,0.0,Moderate/Plateau,0.69,0.21,2026-04-10,PAIMANA_Live,Under Implementation,1,1
PAIMANA-SEC_IRR-2018-1285,National River Interlinking Canal & Barrage System (Mangaluru-Belagavi),DoWR,"Department of Water Resources, RD & GR",SEC_IRR,National River Link & Irrigation,Karnataka,South,NWDA,15.4239,75.6848,8707.92,9383.59,675.67,7.76,5163.78,55.0,90.5,2018-11-06,2025-11-02,2025-11-02,84,0,106.4,20,17,0,0,1001.1,89.1,Stage-I,7.6,0,0.0,Low/Plains,0.59,0.72,2026-04-10,OCMS_Historical,Nearing Completion,0,0
PAIMANA-SEC_WATER-2021-1286,Comprehensive Sewage Treatment & River Cleaning Mission at Surat,MoHUA,Ministry of Housing and Urban Affairs,SEC_WATER,Water Supply & Urban Sanitation,Gujarat,West,NMCG,21.7894,71.7849,179.67,252.87,73.2,40.74,90.53,35.8,62.6,2021-02-20,2022-08-21,2024-09-19,18,25,150.0,27,27,1,738,853.9,84.2,Approved,7.9,2,604.21,Low/Plains,0.18,0.51,2026-04-10,PAIMANA_Live,Under Implementation,1,1
PAIMANA-SEC_REN-2018-1287,Offshore & Onshore Hybrid Wind-Solar Power Hub in Rajkot,MNRE,Ministry of New and Renewable Energy,SEC_REN,Solar & Renewable Green Energy,Gujarat,West,NTPC-REL,22.2237,70.7388,993.68,1181.21,187.53,18.87,513.22,43.4,71.5,2018-10-22,2021-11-19,2024-01-18,37,26,150.0,47,47,1,824,1401.5,96.9,Approved,9.5,2,337.95,Low/Plains,0.89,0.44,2026-04-10,OCMS_Historical,Under Implementation,1,1
PAIMANA-SEC_PORT-2019-1288,Greenfield Deep-Water Major Port & Container Terminal Phase-3 at Barmer,MoPSW,"Ministry of Ports, Shipping and Waterways",SEC_PORT,Major Ports & Maritime Channels,Rajasthan,North,Port Authority,27.1544,73.9977,2007.22,2054.55,47.33,2.36,1357.61,66.1,100.0,2019-09-14,2023-05-13,2023-05-13,44,0,150.0,25,25,0,0,1701.6,91.0,Exempted,7.7,0,0.0,Moderate/Plateau,0.34,0.59,2026-04-10,OCMS_Historical,Commissioned,0,0
PAIMANA-SEC_MINE-2023-1289,Strategic Rare Earth & Bauxite Mining Complex at Pune,MoMines,Ministry of Mines,SEC_MINE,Strategic Mineral Extraction,Maharashtra,West,NALCO,20.1076,75.9989,1498.99,1777.01,278.02,18.55,730.68,41.1,63.4,2023-10-12,2026-01-09,2028-05-09,27,28,111.7,48,48,1,876,52.5,87.8,Approved,5.1,0,0.0,Low/Plains,0.77,0.83,2026-04-10,PAIMANA_Live,Under Implementation,1,1
PAIMANA-SEC_COAL-2023-1290,Coal Bed Methane & Deep Underground Extraction Unit at Madurai,MoCoal,Ministry of Coal,SEC_COAL,Coal Mining & Washeries,Tamil Nadu,South,NCDC,10.6637,78.4568,635.26,696.23,60.97,9.6,315.53,45.3,66.8,2023-07-14,2025-01-11,2026-08-11,18,19,150.0,33,33,1,595,1592.3,79.4,Approved,6.0,0,0.0,Low/Plains,0.94,0.24,2026-04-10,PAIMANA_Live,Under Implementation,0,1
PAIMANA-SEC_ATOM-2023-1291,Fast Breeder Reactor & Reprocessing Facility at Vijayawada,DAE,Department of Atomic Energy,SEC_ATOM,Atomic Energy & Nuclear Power,Andhra Pradesh,South,BHAVINI,15.3801,79.7653,941.89,1080.25,138.36,14.69,435.7,40.3,67.5,2023-10-01,2025-09-29,2028-01-28,24,28,127.2,24,24,1,883,930.5,89.4,Stage-II Pending,8.8,1,291.67,Low/Plains,0.44,0.42,2026-04-10,PAIMANA_Live,Under Implementation,1,1
PAIMANA-SEC_LOG-2019-1292,Central Freight Logistics & Cold Chain Infrastructure Hub at Ahmedabad,MoRTH,Ministry of Road Transport and Highways,SEC_LOG,Multimodal Logistics Parks (MMLP),Gujarat,West,CONCOR,22.4105,71.6033,718.56,775.98,57.42,7.99,494.15,63.7,100.0,2019-09-18,2021-03-18,2021-03-18,18,0,150.0,25,25,0,0,1732.8,79.7,Approved,4.6,0,0.0,Moderate/Plateau,0.73,0.5,2026-04-10,OCMS_Historical,Commissioned,0,0
PAIMANA-SEC_LOG-2023-1293,Multimodal Logistics Park (MMLP) with Inland Container Depot at Rajkot,MoRTH,Ministry of Road Transport and Highways,SEC_LOG,Multimodal Logistics Parks (MMLP),Gujarat,West,NHLML,21.7934,71.5343,655.7,789.75,134.05,20.44,313.52,39.7,66.6,2023-07-06,2025-03-05,2027-03-04,20,24,150.0,31,31,1,722,1404.5,59.7,Exempted,8.9,1,176.55,Low/Plains,0.93,0.88,2026-04-10,PAIMANA_Live,Under Implementation,1,1
PAIMANA-SEC_COAL-2015-1294,Open Cast Coal Mining Project (30 MTPA) with High-Capacity Conveyors at Silchar,MoCoal,Ministry of Coal,SEC_COAL,Coal Mining & Washeries,Assam,North-East,CIL,26.4701,92.8888,2572.74,3025.98,453.24,17.62,1497.86,49.5,78.9,2015-08-17,2018-04-15,2020-02-12,32,22,150.0,42,42,1,666,395.2,93.1,Approved,6.6,2,635.76,Low/Plains,0.41,0.63,2026-04-10,OCMS_Historical,Under Implementation,1,1
PAIMANA-SEC_MINE-2015-1295,Copper Ore Underground Mine Expansion Project in Lunglei,MoMines,Ministry of Mines,SEC_MINE,Strategic Mineral Extraction,Mizoram,North-East,HCL,22.8965,92.7206,1611.26,2057.32,446.06,27.68,817.64,39.7,70.4,2015-01-10,2017-02-08,2019-06-09,25,28,150.0,17,17,1,858,1650.8,92.2,Approved,4.7,3,957.95,High/Himalayan/Riverine,0.12,0.43,2026-04-10,OCMS_Historical,Under Implementation,1,1
PAIMANA-SEC_IRR-2015-1296,National River Interlinking Canal & Barrage System (Bhavnagar-Vadodara),DoWR,"Department of Water Resources, RD & GR",SEC_IRR,National River Link & Irrigation,Gujarat,West,NWDA,22.3946,70.9989,594.28,721.09,126.81,21.34,278.29,38.6,64.6,2015-05-05,2017-02-01,2019-09-01,21,31,150.0,29,29,1,928,1641.8,57.2,Approved,6.7,0,0.0,Low/Plains,0.59,0.87,2026-04-10,OCMS_Historical,Under Implementation,1,1
PAIMANA-SEC_IRR-2014-1297,Lift Irrigation & Pressurized Piped Distribution Network in Solapur,DoWR,"Department of Water Resources, RD & GR",SEC_IRR,National River Link & Irrigation,Maharashtra,West,WRD,20.1324,75.9694,2697.89,2960.15,262.26,9.72,1805.5,61.0,90.6,2014-03-01,2018-02-27,2018-10-28,48,8,150.0,15,15,1,252,1135.0,82.7,Approved,8.3,0,0.0,Low/Plains,0.37,0.53,2026-04-10,OCMS_Historical,Nearing Completion,0,1
PAIMANA-SEC_SMART-2022-1298,Industrial Smart City & Integrated Manufacturing Node at Anand Vihar,MoHUA,Ministry of Housing and Urban Affairs,SEC_SMART,Smart Cities & Industrial Corridors,Delhi NCR,North,NICDC,28.5746,77.342,1536.93,1863.11,326.18,21.22,873.65,46.9,73.0,2022-02-25,2025-04-25,2027-08-24,38,28,130.7,48,48,1,854,412.0,78.7,Stage-II Pending,9.3,0,0.0,High/Himalayan/Riverine,0.79,0.2,2026-04-10,PAIMANA_Live,Under Implementation,1,1
PAIMANA-SEC_SMART-2019-1299,Industrial Smart City & Integrated Manufacturing Node at Ujjain,MoHUA,Ministry of Housing and Urban Affairs,SEC_SMART,Smart Cities & Industrial Corridors,Madhya Pradesh,Central,NICDC,23.3545,79.013,2484.5,2916.46,431.96,17.39,1528.24,52.4,80.9,2019-06-15,2023-04-13,2025-01-10,46,21,150.0,13,13,1,645,452.0,56.7,Stage-II Pending,8.8,0,0.0,High/Himalayan/Riverine,0.27,0.35,2026-04-10,OCMS_Historical,Under Implementation,1,1
PAIMANA-SEC_STEEL-2022-1300,Integrated Steel Plant Modernization & Pelletization Unit at Varanasi,MoSteel,Ministry of Steel,SEC_STEEL,Steel Plants & Metallurgy Units,Uttar Pradesh,North,SAIL,27.1915,80.9996,2087.57,2475.67,388.1,18.59,1016.87,41.1,65.8,2022-11-03,2025-12-01,2028-09-29,37,34,112.0,46,46,1,1044,713.9,71.6,Approved,4.6,1,221.21,Low/Plains,0.44,0.65,2026-04-10,PAIMANA_Live,Under Implementation,1,1
PAIMANA-SEC_METRO-2016-1301,Metro Rail Project Phase-4 (Elevated & Underground Corridor Bhubaneswar-Jharsuguda),MoHUA,Ministry of Housing and Urban Affairs,SEC_METRO,Metro Rail & Urban Transit,Odisha,East,Metro Rail Corp,21.0696,85.3211,522.21,575.34,53.13,10.17,359.12,62.4,100.0,2016-11-22,2018-05-23,2018-05-23,18,0,150.0,48,48,0,0,611.0,88.9,Approved,5.3,1,181.81,Low/Plains,0.79,0.81,2026-04-10,OCMS_Historical,Commissioned,0,0
PAIMANA-SEC_HEAVY-2020-1302,Heavy Machine Tools & Engineering Foundry Unit in Nashik,MHI,Ministry of Heavy Industries,SEC_HEAVY,Heavy Engineering & Capital Goods,Maharashtra,West,HMT,20.2044,75.4736,674.14,728.69,54.55,8.09,342.65,47.0,72.0,2020-06-16,2021-12-15,2023-01-14,18,13,150.0,17,17,1,423,1041.1,70.9,Approved,8.2,0,0.0,Low/Plains,0.8,0.45,2026-04-10,PAIMANA_Live,Under Implementation,0,1
PAIMANA-SEC_SMART-2018-1303,Industrial Smart City & Integrated Manufacturing Node at Darbhanga,MoHUA,Ministry of Housing and Urban Affairs,SEC_SMART,Smart Cities & Industrial Corridors,Bihar,East,NICDC,25.5296,85.7519,2334.46,2722.49,388.03,16.62,1195.56,43.9,71.2,2018-07-23,2021-12-20,2024-07-19,41,31,150.0,17,17,1,969,1279.6,72.5,Approved,5.2,0,0.0,Low/Plains,0.66,0.53,2026-04-10,OCMS_Historical,Under Implementation,1,1
PAIMANA-SEC_METRO-2020-1304,Metro Rail Project Phase-4 (Elevated & Underground Corridor Siliguri-Haldia),MoHUA,Ministry of Housing and Urban Affairs,SEC_METRO,Metro Rail & Urban Transit,West Bengal,East,Metro Rail Corp,23.3948,87.4401,2049.72,2158.51,108.79,5.31,1362.31,63.1,100.0,2020-12-19,2024-04-18,2024-04-18,40,0,150.0,32,32,0,0,156.2,98.8,Stage-II Pending,8.3,0,0.0,Low/Plains,0.89,0.78,2026-04-10,PAIMANA_Live,Commissioned,0,0
PAIMANA-SEC_SMART-2016-1305,Special Investment Region Trunk Infrastructure & Utilities at Rajkot,MoHUA,Ministry of Housing and Urban Affairs,SEC_SMART,Smart Cities & Industrial Corridors,Gujarat,West,Dholera/DMIC,22.1676,71.5765,1125.24,1360.72,235.48,20.93,518.91,38.1,62.2,2016-03-01,2018-01-29,2020-08-28,23,31,150.0,13,13,1,923,801.5,72.2,Approved,4.8,0,0.0,Low/Plains,0.67,0.84,2026-04-10,OCMS_Historical,Under Implementation,1,1
PAIMANA-SEC_ATOM-2019-1306,Fast Breeder Reactor & Reprocessing Facility at Bhubaneswar,DAE,Department of Atomic Energy,SEC_ATOM,Atomic Energy & Nuclear Power,Odisha,East,BHAVINI,20.9295,85.3271,1283.14,1468.02,184.88,14.41,723.03,49.3,83.0,2019-04-06,2022-03-05,2023-09-03,35,18,150.0,12,12,1,551,117.9,79.5,Approved,6.7,0,0.0,Low/Plains,0.31,0.76,2026-04-10,OCMS_Historical,Under Implementation,1,1
PAIMANA-SEC_PWR_GEN-2022-1307,Subansiri/Tehri Stage-II Hydroelectric Dam & Powerhouse (Prayagraj),MoP,Ministry of Power,SEC_PWR_GEN,Thermal & Hydro Power Generation,Uttar Pradesh,North,SJVN,26.8887,80.3591,3863.73,4852.57,988.84,25.59,1754.79,36.2,57.2,2022-05-15,2027-03-13,2029-05-11,58,26,81.2,17,9,4,795,932.5,54.7,Stage-I,6.8,2,672.93,High/Himalayan/Riverine,0.61,0.55,2026-04-10,PAIMANA_Live,Under Implementation,1,1
PAIMANA-SEC_IRR-2022-1308,National River Interlinking Canal & Barrage System (Pan-India Grid-Inter-State Hub),DoWR,"Department of Water Resources, RD & GR",SEC_IRR,National River Link & Irrigation,Multi-State / National,National,NWDA,21.4619,79.5884,654.33,804.09,149.76,22.89,336.29,41.8,65.2,2022-08-19,2024-11-16,2027-04-16,27,29,150.0,38,38,1,865,721.1,86.1,Approved,6.1,2,207.53,Low/Plains,0.56,0.66,2026-04-10,PAIMANA_Live,Under Implementation,1,1
PAIMANA-SEC_HEAVY-2014-1309,Heavy Machine Tools & Engineering Foundry Unit in Hubballi,MHI,Ministry of Heavy Industries,SEC_HEAVY,Heavy Engineering & Capital Goods,Karnataka,South,HMT,14.9268,75.824,1930.14,1959.37,29.23,1.51,1244.3,63.5,100.0,2014-05-16,2016-10-13,2016-10-13,29,0,150.0,20,20,0,0,1180.6,92.7,Approved,9.0,0,0.0,Low/Plains,0.52,0.28,2026-04-10,OCMS_Historical,Commissioned,0,0
PAIMANA-SEC_PWR_GEN-2021-1310,Ultra Mega Supercritical Thermal Power Project (67x800 MW) at Chennai,MoP,Ministry of Power,SEC_PWR_GEN,Thermal & Hydro Power Generation,Tamil Nadu,South,NTPC,11.4304,78.5524,947.21,973.92,26.71,2.82,644.52,66.2,100.0,2021-06-26,2023-06-25,2023-06-25,24,0,150.0,28,28,0,0,1624.3,82.0,Approved,3.4,0,0.0,Low/Plains,0.41,0.5,2026-04-10,PAIMANA_Live,Commissioned,0,0
PAIMANA-SEC_ATOM-2017-1311,Fast Breeder Reactor & Reprocessing Facility at Nashik,DAE,Department of Atomic Energy,SEC_ATOM,Atomic Energy & Nuclear Power,Maharashtra,West,BHAVINI,20.2894,76.2209,933.38,1097.41,164.03,17.57,420.86,38.4,65.8,2017-11-15,2019-11-14,2022-03-14,24,28,150.0,25,25,1,866,931.5,89.4,Stage-I,5.4,1,159.98,Low/Plains,0.65,0.21,2026-04-10,OCMS_Historical,Under Implementation,1,1
PAIMANA-SEC_METRO-2020-1312,Urban Light Rail Transit / MetroLite System for Rourkela Smart City,MoHUA,Ministry of Housing and Urban Affairs,SEC_METRO,Metro Rail & Urban Transit,Odisha,East,Metro Rail Corp,21.1166,85.6459,3259.88,3780.82,520.94,15.98,1846.34,48.8,78.9,2020-11-23,2025-01-21,2027-01-20,50,24,129.5,42,42,1,705,592.2,75.1,Approved,8.7,0,0.0,Moderate/Plateau,0.11,0.34,2026-04-10,PAIMANA_Live,Under Implementation,1,1
PAIMANA-SEC_WATER-2023-1313,Urban 24x7 Water Supply & Advanced Smart Grid Pipeline in Paradip,MoHUA,Ministry of Housing and Urban Affairs,SEC_WATER,Water Supply & Urban Sanitation,Odisha,East,Jal Nigam,21.18,84.7144,2514.31,2963.24,448.93,17.85,938.1,31.7,48.1,2023-11-28,2027-03-28,2029-02-24,40,23,71.5,33,21,5,716,507.9,86.2,Stage-II Pending,5.9,0,0.0,High/Himalayan/Riverine,0.78,0.25,2026-04-10,PAIMANA_Live,Under Implementation,1,1
PAIMANA-SEC_HEALTH-2014-1314,All India Institute of Medical Sciences (AIIMS) 750-Bed Super-Specialty Campus at Siliguri,MoHFW,Ministry of Health and Family Welfare,SEC_HEALTH,AIIMS & Super-Specialty Medical Infra,West Bengal,East,MoHFW/HSCC,23.1747,88.2576,2486.03,3001.27,515.24,20.73,1270.08,42.3,70.5,2014-11-01,2017-07-31,2020-02-28,33,31,150.0,12,12,1,958,1638.1,91.4,Approved,3.7,0,0.0,High/Himalayan/Riverine,0.34,0.52,2026-04-10,OCMS_Historical,Under Implementation,1,1
PAIMANA-SEC_HEAVY-2015-1315,Heavy Electrical Equipment & Gas Turbine Manufacturing Facility at Gorakhpur,MHI,Ministry of Heavy Industries,SEC_HEAVY,Heavy Engineering & Capital Goods,Uttar Pradesh,North,BHEL,27.0393,80.4371,3967.18,4261.56,294.38,7.42,2728.2,64.0,100.0,2015-12-04,2019-09-02,2019-09-02,45,0,150.0,20,20,0,0,901.3,78.9,Approved,9.4,0,0.0,Low/Plains,0.89,0.7,2026-04-10,OCMS_Historical,Commissioned,0,0
PAIMANA-SEC_IRR-2018-1316,National River Interlinking Canal & Barrage System (Madurai-Salem),DoWR,"Department of Water Resources, RD & GR",SEC_IRR,National River Link & Irrigation,Tamil Nadu,South,NWDA,11.7024,78.2977,1170.94,1429.75,258.81,22.1,618.0,43.2,64.7,2018-07-23,2021-02-19,2024-01-19,31,35,150.0,28,28,1,1084,825.3,73.0,Stage-II Pending,5.0,2,377.28,Low/Plains,0.37,0.61,2026-04-10,OCMS_Historical,Under Implementation,1,1
PAIMANA-SEC_ATOM-2016-1317,Pressurized Heavy Water Reactor Nuclear Power Unit (61x700 MWe) at Indore,DAE,Department of Atomic Energy,SEC_ATOM,Atomic Energy & Nuclear Power,Madhya Pradesh,Central,NPCIL,22.3959,78.6541,2193.96,2678.25,484.29,22.07,1228.76,45.9,72.1,2016-11-16,2019-07-16,2022-01-13,32,30,150.0,21,21,1,924,1151.1,64.7,Approved,4.9,0,0.0,Moderate/Plateau,0.42,0.72,2026-04-10,OCMS_Historical,Under Implementation,1,1
PAIMANA-SEC_INLAND-2014-1318,Fairway Development & River Ro-Ro Terminal Facility in Guntur,MoPSW,"Ministry of Ports, Shipping and Waterways",SEC_INLAND,National Waterways & River Ports,Andhra Pradesh,South,IWAI,15.7742,79.9671,854.79,1058.39,203.6,23.82,465.46,44.0,68.8,2014-01-22,2016-07-22,2018-08-21,30,25,150.0,29,29,1,771,1785.5,65.2,Approved,8.3,1,91.41,High/Himalayan/Riverine,0.6,0.47,2026-04-10,OCMS_Historical,Under Implementation,1,1
PAIMANA-SEC_CHEM-2015-1319,Petrochemical Derivative & Polymer Manufacturing Unit at Kolkata,MoCF,Ministry of Chemicals and Fertilizers,SEC_CHEM,Fertilizer Plants & Petrochemicals,West Bengal,East,HURL,23.1642,87.4669,1561.75,1676.4,114.65,7.34,1074.01,64.1,100.0,2015-10-18,2018-09-16,2018-09-16,35,0,150.0,33,33,0,0,1029.8,94.4,Exempted,9.5,0,0.0,Low/Plains,0.2,0.85,2026-04-10,OCMS_Historical,Commissioned,0,0
PAIMANA-SEC_RLY-2020-1320,Dedicated Freight Corridor (Western/Eastern Phase-4) near Chennai,MoR,Ministry of Railways,SEC_RLY,Railways & High-Speed Rail,Tamil Nadu,South,DFCCIL,10.6027,78.7056,1014.32,1180.66,166.34,16.4,542.96,46.0,76.5,2020-11-07,2023-04-07,2025-03-06,29,23,150.0,36,36,1,680,761.6,73.5,Approved,6.6,0,0.0,Low/Plains,0.71,0.86,2026-04-10,PAIMANA_Live,Under Implementation,1,1
PAIMANA-SEC_AIR-2021-1321,Air Cargo Hub & Aircraft Maintenance Repair Overhaul (MRO) at Mopa,MoCA,Ministry of Civil Aviation,SEC_AIR,Regional & Greenfield Airports,Goa,West,AAI,14.7436,73.6939,1258.6,1528.8,270.2,21.47,639.23,41.8,70.6,2021-09-27,2024-09-25,2027-12-24,36,39,150.0,13,13,1,1205,478.3,80.9,Stage-II Pending,3.9,3,470.47,Low/Plains,0.48,0.23,2026-04-10,PAIMANA_Live,Under Implementation,1,1
PAIMANA-SEC_INLAND-2014-1322,National Waterway NW-18 Multimodal Navigation Terminal at Ahmedabad,MoPSW,"Ministry of Ports, Shipping and Waterways",SEC_INLAND,National Waterways & River Ports,Gujarat,West,IWAI,22.2553,71.5514,2020.31,2361.52,341.21,16.89,1196.04,50.6,77.3,2014-08-20,2017-01-17,2018-08-17,29,19,150.0,27,27,1,566,878.5,72.8,Stage-II Pending,9.2,0,0.0,Low/Plains,0.14,0.67,2026-04-10,OCMS_Historical,Under Implementation,1,1
PAIMANA-SEC_METRO-2015-1323,Metro Rail Project Phase-3 (Elevated & Underground Corridor Gorakhpur-Kanpur),MoHUA,Ministry of Housing and Urban Affairs,SEC_METRO,Metro Rail & Urban Transit,Uttar Pradesh,North,Metro Rail Corp,27.1558,80.5479,527.58,598.04,70.46,13.36,294.99,49.3,82.7,2015-04-14,2017-06-12,2018-08-11,26,14,150.0,37,37,1,458,1471.7,86.7,Approved,6.8,0,0.0,High/Himalayan/Riverine,0.48,0.38,2026-04-10,OCMS_Historical,Under Implementation,1,1
PAIMANA-SEC_TEL-2022-1324,National 5G High-Density Core Network Infrastructure in Patna,DoT,Department of Telecommunications,SEC_TEL,Telecommunication & BharatNet Fiber,Bihar,East,BSNL,24.6484,84.8848,8378.08,9192.5,814.42,9.72,2439.69,26.5,45.9,2022-03-15,2029-05-11,2031-02-08,86,21,57.1,14,5,3,616,50.7,85.7,Approved,9.6,1,22.85,Low/Plains,0.84,0.41,2026-04-10,PAIMANA_Live,Under Implementation,0,1
PAIMANA-SEC_PORT-2022-1325,Port Connectivity Dedicated Rail-Sea Multimodal Corridor at Kozhikode,MoPSW,"Ministry of Ports, Shipping and Waterways",SEC_PORT,Major Ports & Maritime Channels,Kerala,South,Sagarmala Dev,10.3915,76.3073,441.37,598.92,157.55,35.7,238.41,39.8,65.9,2022-08-14,2024-06-12,2026-11-10,22,29,150.0,23,23,1,900,1110.5,80.8,Approved,5.1,3,891.68,Moderate/Plateau,0.17,0.27,2026-04-10,PAIMANA_Live,Under Implementation,1,1
PAIMANA-SEC_PWR_TR-2023-1326,765kV High Voltage Direct Current (HVDC) Inter-Regional Grid (Kanpur-Ayodhya),MoP,Ministry of Power,SEC_PWR_TR,Power Transmission & Grid,Uttar Pradesh,North,PGCIL,27.0205,80.6883,362.17,413.38,51.21,14.14,191.38,46.3,70.9,2023-06-28,2026-01-25,2027-05-26,31,16,108.5,44,36,5,468,1762.0,98.6,Approved,6.0,0,0.0,Low/Plains,0.88,0.78,2026-04-10,PAIMANA_Live,Under Implementation,1,1
PAIMANA-SEC_WATER-2018-1327,Comprehensive Sewage Treatment & River Cleaning Mission at Dibrugarh,MoHUA,Ministry of Housing and Urban Affairs,SEC_WATER,Water Supply & Urban Sanitation,Assam,North-East,NMCG,26.4128,92.7284,3448.9,3616.28,167.38,4.85,2214.37,61.2,98.0,2018-06-20,2022-11-17,2023-03-18,53,4,150.0,14,14,1,115,104.6,96.6,Approved,9.7,0,0.0,Moderate/Plateau,0.91,0.37,2026-04-10,OCMS_Historical,Nearing Completion,0,0
PAIMANA-SEC_PWR_TR-2019-1328,Green Energy Corridor Intra-State Transmission Scheme Phase-2 in Guntur,MoP,Ministry of Power,SEC_PWR_TR,Power Transmission & Grid,Andhra Pradesh,South,POWERGRID,15.8589,79.6048,2434.96,2635.31,200.35,8.23,1674.51,63.5,100.0,2019-04-04,2022-06-02,2022-06-02,38,0,150.0,38,38,0,0,1280.0,87.7,Approved,7.0,0,0.0,High/Himalayan/Riverine,0.54,0.45,2026-04-10,OCMS_Historical,Commissioned,0,0
PAIMANA-SEC_PWR_GEN-2021-1329,Pumped Storage Hydroelectric Power Facility (32 MW) in Nashik,MoP,Ministry of Power,SEC_PWR_GEN,Thermal & Hydro Power Generation,Maharashtra,West,NHPC,20.2152,75.8383,2076.67,2377.68,301.01,14.49,1142.24,48.0,80.2,2021-12-07,2025-03-06,2026-11-04,39,20,134.2,29,29,1,629,519.9,49.1,Stage-I,6.4,0,0.0,Low/Plains,0.5,0.69,2026-04-10,PAIMANA_Live,Under Implementation,1,1
PAIMANA-SEC_INLAND-2023-1330,Fairway Development & River Ro-Ro Terminal Facility in Vadodara,MoPSW,"Ministry of Ports, Shipping and Waterways",SEC_INLAND,National Waterways & River Ports,Gujarat,West,IWAI,22.1798,70.8593,2085.02,2364.83,279.81,13.42,976.08,41.3,60.9,2023-03-19,2026-12-16,2028-08-15,45,20,82.1,26,21,4,640,123.9,93.0,Exempted,9.4,0,0.0,Moderate/Plateau,0.49,0.58,2026-04-10,PAIMANA_Live,Under Implementation,1,1
PAIMANA-SEC_LOG-2016-1331,Central Freight Logistics & Cold Chain Infrastructure Hub at Visakhapatnam,MoRTH,Ministry of Road Transport and Highways,SEC_LOG,Multimodal Logistics Parks (MMLP),Andhra Pradesh,South,CONCOR,16.2166,79.9718,1134.53,1290.55,156.02,13.75,649.23,50.3,76.0,2016-10-01,2019-07-31,2021-06-29,34,23,150.0,14,14,1,702,703.1,93.5,Stage-I,7.4,0,0.0,Low/Plains,0.17,0.57,2026-04-10,OCMS_Historical,Under Implementation,1,1
PAIMANA-SEC_WATER-2017-1332,Urban 24x7 Water Supply & Advanced Smart Grid Pipeline in Haldia,MoHUA,Ministry of Housing and Urban Affairs,SEC_WATER,Water Supply & Urban Sanitation,West Bengal,East,Jal Nigam,23.4358,87.7414,489.42,538.62,49.2,10.05,284.04,52.7,82.5,2017-03-12,2019-03-11,2020-02-08,24,11,150.0,27,27,1,345,206.1,58.6,Approved,9.6,0,0.0,Moderate/Plateau,0.12,0.77,2026-04-10,OCMS_Historical,Under Implementation,0,1
PAIMANA-SEC_TEL-2021-1333,BharatNet Rural Optical Fiber Network Phase-3 across Kandla,DoT,Department of Telecommunications,SEC_TEL,Telecommunication & BharatNet Fiber,Gujarat,West,BBNL,22.7774,71.2101,1233.51,1415.77,182.26,14.78,653.79,46.2,68.0,2021-12-21,2023-09-20,2025-08-19,21,23,150.0,16,16,1,693,157.8,79.8,Approved,7.8,1,150.51,Low/Plains,0.28,0.67,2026-04-10,PAIMANA_Live,Under Implementation,1,1
PAIMANA-SEC_SMART-2019-1334,Industrial Smart City & Integrated Manufacturing Node at Prayagraj,MoHUA,Ministry of Housing and Urban Affairs,SEC_SMART,Smart Cities & Industrial Corridors,Uttar Pradesh,North,NICDC,26.383,80.9204,603.23,646.47,43.24,7.17,327.51,50.7,82.8,2019-01-04,2021-05-04,2022-02-01,28,9,150.0,35,35,1,278,1095.0,96.3,Approved,6.8,0,0.0,Low/Plains,0.71,0.34,2026-04-10,OCMS_Historical,Under Implementation,0,1
PAIMANA-SEC_LOG-2017-1335,Multimodal Logistics Park (MMLP) with Inland Container Depot at Belagavi,MoRTH,Ministry of Road Transport and Highways,SEC_LOG,Multimodal Logistics Parks (MMLP),Karnataka,South,NHLML,15.4624,76.0738,2898.56,3143.74,245.18,8.46,1615.12,51.4,79.9,2017-12-25,2021-06-23,2022-10-22,42,16,150.0,32,32,1,482,777.6,87.3,Stage-I,7.6,0,0.0,Low/Plains,0.28,0.22,2026-04-10,OCMS_Historical,Under Implementation,0,1
PAIMANA-SEC_PET-2017-1336,Crude Oil Pipeline Augmented Pumping Infrastructure at Coimbatore,MoPNG,Ministry of Petroleum and Natural Gas,SEC_PET,Petroleum Pipelines & Refineries,Tamil Nadu,South,HPCL,11.6906,78.7066,998.15,1111.3,113.15,11.34,463.51,41.7,68.8,2017-08-03,2019-05-03,2020-11-30,21,19,150.0,37,37,1,561,448.2,73.8,Approved,7.5,0,0.0,Low/Plains,0.32,0.66,2026-04-10,OCMS_Historical,Under Implementation,1,1
PAIMANA-SEC_PWR_GEN-2021-1337,Subansiri/Tehri Stage-II Hydroelectric Dam & Powerhouse (Kota),MoP,Ministry of Power,SEC_PWR_GEN,Thermal & Hydro Power Generation,Rajasthan,North,SJVN,27.1358,74.4541,523.94,613.68,89.74,17.13,299.63,48.8,77.7,2021-06-14,2023-12-13,2025-09-11,30,21,150.0,13,13,1,670,815.0,51.8,Approved,4.7,0,0.0,Moderate/Plateau,0.88,0.46,2026-04-10,PAIMANA_Live,Under Implementation,1,1
PAIMANA-SEC_HEALTH-2021-1338,National Centre for Disease Control & Bio-Safety Level 4 Lab at Bengaluru,MoHFW,Ministry of Health and Family Welfare,SEC_HEALTH,AIIMS & Super-Specialty Medical Infra,Karnataka,South,MoHFW,15.4597,75.3068,845.81,935.66,89.85,10.62,504.61,53.9,78.8,2021-08-10,2024-08-08,2026-01-06,36,17,150.0,20,20,1,545,1514.1,68.8,Approved,8.9,0,0.0,Low/Plains,0.67,0.21,2026-04-10,PAIMANA_Live,Under Implementation,0,1
PAIMANA-SEC_HEALTH-2018-1339,National Centre for Disease Control & Bio-Safety Level 4 Lab at Ujjain,MoHFW,Ministry of Health and Family Welfare,SEC_HEALTH,AIIMS & Super-Specialty Medical Infra,Madhya Pradesh,Central,MoHFW,22.9115,79.2275,1699.16,1969.83,270.67,15.93,818.27,41.5,69.2,2018-03-06,2020-08-03,2022-09-02,29,25,150.0,22,22,1,771,650.2,91.0,Stage-I,6.0,3,647.27,Moderate/Plateau,0.19,0.48,2026-04-10,OCMS_Historical,Under Implementation,1,1
PAIMANA-SEC_HEALTH-2018-1340,National Centre for Disease Control & Bio-Safety Level 4 Lab at Asansol,MoHFW,Ministry of Health and Family Welfare,SEC_HEALTH,AIIMS & Super-Specialty Medical Infra,West Bengal,East,MoHFW,23.2611,88.3618,671.87,863.39,191.52,28.51,346.31,40.1,61.3,2018-02-01,2020-07-01,2023-10-30,29,40,150.0,43,43,1,1194,1556.9,70.5,Stage-II Pending,4.0,0,0.0,High/Himalayan/Riverine,0.45,0.43,2026-04-10,OCMS_Historical,Under Implementation,1,1
PAIMANA-SEC_STEEL-2015-1341,Specialty Alloy & Hot Rolled Coil Expansion Facility at Manali,MoSteel,Ministry of Steel,SEC_STEEL,Steel Plants & Metallurgy Units,Himachal Pradesh,North,RINL,31.2346,76.8076,525.58,538.88,13.3,2.53,356.31,66.1,100.0,2015-12-16,2017-06-15,2017-06-15,18,0,150.0,20,20,0,0,1514.6,90.7,Approved,8.4,0,0.0,Moderate/Plateau,0.58,0.71,2026-04-10,OCMS_Historical,Commissioned,0,0
PAIMANA-SEC_MINE-2017-1342,Strategic Rare Earth & Bauxite Mining Complex at Jharsuguda,MoMines,Ministry of Mines,SEC_MINE,Strategic Mineral Extraction,Odisha,East,NALCO,21.0778,85.6306,1446.8,1530.79,83.99,5.81,950.12,62.1,100.0,2017-05-07,2019-04-06,2019-04-06,23,0,150.0,17,17,0,0,1074.4,83.2,Approved,4.7,0,0.0,Moderate/Plateau,0.77,0.45,2026-04-10,OCMS_Historical,Commissioned,0,0
PAIMANA-SEC_SMART-2019-1343,Special Investment Region Trunk Infrastructure & Utilities at Bengaluru,MoHUA,Ministry of Housing and Urban Affairs,SEC_SMART,Smart Cities & Industrial Corridors,Karnataka,South,Dholera/DMIC,14.9138,75.9875,1448.56,1602.85,154.29,10.65,955.84,59.6,89.0,2019-07-05,2022-07-03,2023-01-31,36,7,150.0,35,35,1,217,385.8,87.9,Approved,8.3,0,0.0,Moderate/Plateau,0.9,0.49,2026-04-10,OCMS_Historical,Nearing Completion,0,1
PAIMANA-SEC_WATER-2020-1344,Urban 24x7 Water Supply & Advanced Smart Grid Pipeline in Kakinada,MoHUA,Ministry of Housing and Urban Affairs,SEC_WATER,Water Supply & Urban Sanitation,Andhra Pradesh,South,Jal Nigam,16.4102,79.6374,709.11,846.41,137.3,19.36,403.73,47.7,72.0,2020-03-27,2023-02-24,2025-09-23,35,31,150.0,17,17,1,970,1153.5,72.9,Stage-II Pending,8.1,1,52.98,Moderate/Plateau,0.53,0.83,2026-04-10,PAIMANA_Live,Under Implementation,1,1
PAIMANA-SEC_HEALTH-2021-1345,National Centre for Disease Control & Bio-Safety Level 4 Lab at Aurangabad,MoHFW,Ministry of Health and Family Welfare,SEC_HEALTH,AIIMS & Super-Specialty Medical Infra,Maharashtra,West,MoHFW,19.1837,75.1168,733.71,878.79,145.08,19.77,345.33,39.3,65.1,2021-12-19,2023-09-18,2026-02-15,21,29,150.0,24,24,1,890,1486.1,83.9,Stage-I,3.3,0,0.0,Moderate/Plateau,0.88,0.69,2026-04-10,PAIMANA_Live,Under Implementation,1,1
PAIMANA-SEC_PORT-2018-1346,Greenfield Deep-Water Major Port & Container Terminal Phase-3 at Kalaburagi,MoPSW,"Ministry of Ports, Shipping and Waterways",SEC_PORT,Major Ports & Maritime Channels,Karnataka,South,Port Authority,15.9105,75.194,1430.89,1515.61,84.72,5.92,984.01,64.9,100.0,2018-11-27,2022-01-25,2022-01-25,38,0,150.0,19,19,0,0,52.2,91.3,Stage-I,6.6,0,0.0,Moderate/Plateau,0.72,0.83,2026-04-10,OCMS_Historical,Commissioned,0,0
PAIMANA-SEC_TEL-2023-1347,National 5G High-Density Core Network Infrastructure in Pan-India Grid,DoT,Department of Telecommunications,SEC_TEL,Telecommunication & BharatNet Fiber,Multi-State / National,National,BSNL,21.7836,79.454,290.01,310.34,20.33,7.01,192.46,62.0,100.0,2023-08-19,2025-11-16,2025-11-16,27,0,118.3,28,25,0,0,416.5,94.6,Stage-II Pending,5.3,1,77.95,Moderate/Plateau,0.39,0.35,2026-04-10,PAIMANA_Live,Commissioned,0,0
PAIMANA-SEC_PWR_GEN-2019-1348,Ultra Mega Supercritical Thermal Power Project (73x800 MW) at Gorakhpur,MoP,Ministry of Power,SEC_PWR_GEN,Thermal & Hydro Power Generation,Uttar Pradesh,North,NTPC,26.6338,80.7257,301.42,349.19,47.77,15.85,145.34,41.6,70.5,2019-03-02,2020-12-29,2022-07-29,22,19,150.0,35,35,1,573,1628.4,60.2,Stage-I,9.6,0,0.0,Moderate/Plateau,0.23,0.68,2026-04-10,OCMS_Historical,Under Implementation,1,1
PAIMANA-SEC_SMART-2018-1349,Industrial Smart City & Integrated Manufacturing Node at Cuttack,MoHUA,Ministry of Housing and Urban Affairs,SEC_SMART,Smart Cities & Industrial Corridors,Odisha,East,NICDC,20.9558,85.4964,580.03,783.02,202.99,35.0,295.21,37.7,60.6,2018-05-22,2020-08-19,2024-02-16,27,42,150.0,18,18,1,1245,1607.0,86.1,Approved,5.3,4,954.25,Low/Plains,0.38,0.64,2026-04-10,OCMS_Historical,Under Implementation,1,1
PAIMANA-SEC_HEALTH-2023-1350,All India Institute of Medical Sciences (AIIMS) 750-Bed Super-Specialty Campus at Mumbai,MoHFW,Ministry of Health and Family Welfare,SEC_HEALTH,AIIMS & Super-Specialty Medical Infra,Maharashtra,West,MoHFW/HSCC,19.5254,75.549,937.14,984.51,47.37,5.05,451.66,45.9,70.6,2023-12-27,2026-11-25,2026-11-25,35,0,78.9,46,24,0,0,837.5,95.8,Stage-I,6.6,0,0.0,Low/Plains,0.16,0.3,2026-04-10,PAIMANA_Live,Under Implementation,0,0
PAIMANA-SEC_IRR-2023-1351,National River Interlinking Canal & Barrage System (Silchar-Dibrugarh),DoWR,"Department of Water Resources, RD & GR",SEC_IRR,National River Link & Irrigation,Assam,North-East,NWDA,26.4296,93.2784,1542.21,1823.36,281.15,18.23,646.92,35.5,54.3,2023-09-25,2026-07-24,2028-08-22,34,25,90.3,23,18,1,749,1366.7,62.8,Approved,3.5,1,275.59,Moderate/Plateau,0.4,0.39,2026-04-10,PAIMANA_Live,Under Implementation,1,1
PAIMANA-SEC_PET-2014-1352,Cross-Country Natural Gas Pipeline Grid (Barauni to Patna),MoPNG,Ministry of Petroleum and Natural Gas,SEC_PET,Petroleum Pipelines & Refineries,Bihar,East,GAIL,25.5775,84.9348,4661.98,5285.27,623.29,13.37,2699.79,51.1,85.3,2014-08-25,2019-10-22,2021-01-20,62,15,150.0,14,14,1,465,1574.2,91.7,Approved,6.6,1,266.02,High/Himalayan/Riverine,0.16,0.24,2026-04-10,OCMS_Historical,Nearing Completion,1,1
PAIMANA-SEC_TEL-2014-1353,BharatNet Rural Optical Fiber Network Phase-3 across Jaipur,DoT,Department of Telecommunications,SEC_TEL,Telecommunication & BharatNet Fiber,Rajasthan,North,BBNL,27.5058,74.2625,2592.51,3249.84,657.33,25.35,1417.22,43.6,70.6,2014-02-05,2017-06-05,2020-10-03,40,40,150.0,34,34,1,1217,1126.1,73.9,Approved,5.2,2,78.48,High/Himalayan/Riverine,0.32,0.62,2026-04-10,OCMS_Historical,Under Implementation,1,1
PAIMANA-SEC_PWR_TR-2017-1354,765kV High Voltage Direct Current (HVDC) Inter-Regional Grid (Muzaffarpur-Darbhanga),MoP,Ministry of Power,SEC_PWR_TR,Power Transmission & Grid,Bihar,East,PGCIL,24.6315,85.8946,986.01,1149.97,163.96,16.63,534.21,46.5,75.5,2017-09-28,2020-07-27,2023-01-25,34,30,150.0,35,35,1,928,775.3,60.2,Approved,3.4,1,270.28,Low/Plains,0.81,0.22,2026-04-10,OCMS_Historical,Under Implementation,1,1
PAIMANA-SEC_PWR_TR-2021-1355,765kV High Voltage Direct Current (HVDC) Inter-Regional Grid (Madurai-Tiruchirappalli),MoP,Ministry of Power,SEC_PWR_TR,Power Transmission & Grid,Tamil Nadu,South,PGCIL,11.2476,78.4313,1127.26,1233.59,106.33,9.43,750.99,60.9,100.0,2021-02-17,2023-03-19,2023-03-19,25,0,150.0,43,43,0,0,832.7,87.6,Approved,9.3,0,0.0,High/Himalayan/Riverine,0.22,0.27,2026-04-10,PAIMANA_Live,Commissioned,0,0
PAIMANA-SEC_IRR-2017-1356,Lift Irrigation & Pressurized Piped Distribution Network in Anand Vihar,DoWR,"Department of Water Resources, RD & GR",SEC_IRR,National River Link & Irrigation,Delhi NCR,North,WRD,28.2761,76.9832,442.84,537.14,94.3,21.29,250.81,46.7,70.2,2017-09-14,2019-09-13,2021-11-11,24,26,150.0,39,39,1,825,999.2,66.0,Stage-I,3.7,1,69.92,High/Himalayan/Riverine,0.36,0.52,2026-04-10,OCMS_Historical,Under Implementation,1,1
PAIMANA-SEC_LOG-2015-1357,Central Freight Logistics & Cold Chain Infrastructure Hub at Varanasi,MoRTH,Ministry of Road Transport and Highways,SEC_LOG,Multimodal Logistics Parks (MMLP),Uttar Pradesh,North,CONCOR,27.1659,81.0586,1127.79,1207.73,79.94,7.09,775.57,64.2,100.0,2015-12-06,2017-11-04,2017-11-04,23,0,150.0,35,35,0,0,1347.9,91.1,Approved,6.0,0,0.0,Low/Plains,0.85,0.82,2026-04-10,OCMS_Historical,Commissioned,0,0
PAIMANA-SEC_INLAND-2020-1358,National Waterway NW-67 Multimodal Navigation Terminal at Paradip,MoPSW,"Ministry of Ports, Shipping and Waterways",SEC_INLAND,National Waterways & River Ports,Odisha,East,IWAI,21.1654,85.665,872.52,976.4,103.88,11.91,446.82,45.8,74.5,2020-06-16,2022-12-15,2024-06-14,30,18,150.0,43,43,1,531,203.5,71.1,Approved,5.7,0,0.0,Low/Plains,0.7,0.37,2026-04-10,PAIMANA_Live,Under Implementation,1,1
PAIMANA-SEC_ATOM-2023-1359,Fast Breeder Reactor & Reprocessing Facility at Surat,DAE,Department of Atomic Energy,SEC_ATOM,Atomic Energy & Nuclear Power,Gujarat,West,BHAVINI,22.071,71.624,1559.61,1941.44,381.83,24.48,787.22,40.5,63.0,2023-11-11,2026-03-11,2028-09-08,28,30,104.1,31,31,1,927,95.0,79.7,Approved,3.4,2,38.72,High/Himalayan/Riverine,0.52,0.44,2026-04-10,PAIMANA_Live,Under Implementation,1,1
PAIMANA-SEC_HEALTH-2014-1360,All India Institute of Medical Sciences (AIIMS) 750-Bed Super-Specialty Campus at Thane,MoHFW,Ministry of Health and Family Welfare,SEC_HEALTH,AIIMS & Super-Specialty Medical Infra,Maharashtra,West,MoHFW/HSCC,19.5265,75.5808,523.08,635.68,112.6,21.53,223.18,35.1,54.7,2014-01-14,2015-08-14,2019-03-13,19,43,150.0,36,36,1,1304,1067.5,84.4,Stage-I,3.2,3,210.35,Low/Plains,0.32,0.23,2026-04-10,OCMS_Historical,Under Implementation,1,1
PAIMANA-SEC_PWR_TR-2023-1361,Substation Automation & GIS Grid Augmentation at Pan-India Grid,MoP,Ministry of Power,SEC_PWR_TR,Power Transmission & Grid,Multi-State / National,National,PGCIL,21.4737,79.1086,1879.92,2182.09,302.17,16.07,504.62,23.1,38.4,2023-11-16,2027-07-15,2030-06-13,44,35,65.9,46,25,18,1089,601.6,63.1,Approved,3.3,0,0.0,Low/Plains,0.47,0.36,2026-04-10,PAIMANA_Live,Stalled/Delayed,1,1
PAIMANA-SEC_PWR_GEN-2019-1362,Pumped Storage Hydroelectric Power Facility (35 MW) in Madurai,MoP,Ministry of Power,SEC_PWR_GEN,Thermal & Hydro Power Generation,Tamil Nadu,South,NHPC,10.8086,78.4314,4923.17,5409.91,486.74,9.89,3385.63,62.6,100.0,2019-06-26,2025-03-23,2025-03-23,69,0,118.5,13,10,0,0,1695.9,92.8,Approved,8.0,0,0.0,High/Himalayan/Riverine,0.39,0.59,2026-04-10,OCMS_Historical,Commissioned,0,0
PAIMANA-SEC_PET-2015-1363,Cross-Country Natural Gas Pipeline Grid (Salem to Madurai),MoPNG,Ministry of Petroleum and Natural Gas,SEC_PET,Petroleum Pipelines & Refineries,Tamil Nadu,South,GAIL,10.9804,78.5253,1035.13,1225.18,190.05,18.36,572.02,46.7,74.6,2015-05-04,2017-11-01,2019-10-31,30,24,150.0,22,22,1,734,773.6,58.5,Approved,8.9,1,162.24,Low/Plains,0.49,0.77,2026-04-10,OCMS_Historical,Under Implementation,1,1
PAIMANA-SEC_LOG-2015-1364,Multimodal Logistics Park (MMLP) with Inland Container Depot at Rohtak,MoRTH,Ministry of Road Transport and Highways,SEC_LOG,Multimodal Logistics Parks (MMLP),Haryana,North,NHLML,28.8156,76.1738,1681.15,1989.2,308.05,18.32,843.83,42.4,71.0,2015-08-04,2018-03-03,2020-05-01,31,26,150.0,33,33,1,804,914.5,58.0,Approved,6.0,0,0.0,Low/Plains,0.27,0.24,2026-04-10,OCMS_Historical,Under Implementation,1,1
PAIMANA-SEC_METRO-2023-1365,Urban Light Rail Transit / MetroLite System for Thane Smart City,MoHUA,Ministry of Housing and Urban Affairs,SEC_METRO,Metro Rail & Urban Transit,Maharashtra,West,Metro Rail Corp,19.9476,75.4899,2211.1,2799.94,588.84,26.63,621.75,22.2,38.7,2023-12-03,2027-10-31,2031-07-30,47,45,60.5,18,8,2,1371,1147.7,94.4,Stage-II Pending,3.4,3,941.53,Low/Plains,0.56,0.66,2026-04-10,PAIMANA_Live,Stalled/Delayed,1,1
PAIMANA-SEC_WATER-2020-1366,Comprehensive Sewage Treatment & River Cleaning Mission at Paradip,MoHUA,Ministry of Housing and Urban Affairs,SEC_WATER,Water Supply & Urban Sanitation,Odisha,East,NMCG,21.2236,84.5704,784.03,913.0,128.97,16.45,463.85,50.8,80.1,2020-05-20,2023-03-19,2024-10-16,34,19,150.0,41,41,1,595,128.3,37.1,Approved,8.6,0,0.0,Low/Plains,0.44,0.31,2026-04-10,PAIMANA_Live,Under Implementation,1,1
PAIMANA-SEC_COAL-2019-1367,Mechanized Coal Washery & Pithead Rail Dispatch Facility (Dibrugarh),MoCoal,Ministry of Coal,SEC_COAL,Coal Mining & Washeries,Assam,North-East,BCCL,26.4248,92.621,1420.12,1664.37,244.25,17.2,702.53,42.2,71.9,2019-08-05,2022-02-02,2024-02-01,30,24,150.0,21,21,1,731,822.7,55.5,Approved,9.0,1,89.08,Low/Plains,0.78,0.23,2026-04-10,OCMS_Historical,Under Implementation,1,1
PAIMANA-SEC_METRO-2015-1368,Metro Rail Project Phase-2 (Elevated & Underground Corridor Varanasi-Lucknow),MoHUA,Ministry of Housing and Urban Affairs,SEC_METRO,Metro Rail & Urban Transit,Uttar Pradesh,North,Metro Rail Corp,26.5568,81.3104,1161.62,1401.53,239.91,20.65,589.98,42.1,66.2,2015-03-07,2016-12-04,2019-04-04,21,28,150.0,27,27,1,856,1443.1,72.3,Approved,3.5,0,0.0,High/Himalayan/Riverine,0.2,0.28,2026-04-10,OCMS_Historical,Under Implementation,1,1
PAIMANA-SEC_SMART-2022-1369,Industrial Smart City & Integrated Manufacturing Node at Cuttack,MoHUA,Ministry of Housing and Urban Affairs,SEC_SMART,Smart Cities & Industrial Corridors,Odisha,East,NICDC,20.486,85.3799,1259.41,1534.69,275.28,21.86,688.74,44.9,68.4,2022-03-21,2024-02-18,2026-05-18,23,27,150.0,43,43,1,815,1296.1,71.2,Stage-I,4.3,2,545.4,Low/Plains,0.39,0.38,2026-04-10,PAIMANA_Live,Under Implementation,1,1
PAIMANA-SEC_PWR_TR-2022-1370,Substation Automation & GIS Grid Augmentation at Kakinada,MoP,Ministry of Power,SEC_PWR_TR,Power Transmission & Grid,Andhra Pradesh,South,PGCIL,15.486,79.3502,550.73,646.88,96.15,17.46,287.84,44.5,72.8,2022-11-27,2025-09-25,2027-08-25,34,23,119.6,45,40,2,713,1074.2,97.8,Stage-II Pending,4.3,0,0.0,Moderate/Plateau,0.72,0.85,2026-04-10,PAIMANA_Live,Under Implementation,1,1
PAIMANA-SEC_PORT-2021-1371,Port Connectivity Dedicated Rail-Sea Multimodal Corridor at Pasighat,MoPSW,"Ministry of Ports, Shipping and Waterways",SEC_PORT,Major Ports & Maritime Channels,Arunachal Pradesh,North-East,Sagarmala Dev,27.6433,95.288,1174.84,1479.16,304.32,25.9,601.82,40.7,69.3,2021-07-09,2024-10-06,2028-04-04,39,42,146.9,15,14,1,1265,160.7,49.0,Approved,3.5,2,241.01,Low/Plains,0.5,0.62,2026-04-10,PAIMANA_Live,Under Implementation,1,1
PAIMANA-SEC_HEAVY-2014-1372,Heavy Electrical Equipment & Gas Turbine Manufacturing Facility at Ahmedabad,MHI,Ministry of Heavy Industries,SEC_HEAVY,Heavy Engineering & Capital Goods,Gujarat,West,BHEL,22.7504,71.064,1842.18,2250.28,408.1,22.15,987.89,43.9,67.8,2014-12-22,2017-03-21,2020-07-19,27,40,150.0,27,27,1,1225,107.4,92.1,Approved,4.2,3,806.26,Moderate/Plateau,0.7,0.34,2026-04-10,OCMS_Historical,Under Implementation,1,1
PAIMANA-SEC_PORT-2018-1373,Greenfield Deep-Water Major Port & Container Terminal Phase-4 at Patna,MoPSW,"Ministry of Ports, Shipping and Waterways",SEC_PORT,Major Ports & Maritime Channels,Bihar,East,Port Authority,24.9917,85.7225,4555.97,5155.23,599.26,13.15,2813.56,54.6,84.4,2018-02-27,2022-09-26,2024-02-24,55,17,150.0,31,31,1,535,434.5,74.4,Stage-I,8.7,1,91.52,Low/Plains,0.37,0.28,2026-04-10,OCMS_Historical,Under Implementation,1,1
PAIMANA-SEC_WATER-2015-1374,Urban 24x7 Water Supply & Advanced Smart Grid Pipeline in Coimbatore,MoHUA,Ministry of Housing and Urban Affairs,SEC_WATER,Water Supply & Urban Sanitation,Tamil Nadu,South,Jal Nigam,11.2811,78.4334,2855.25,3357.64,502.39,17.6,1717.32,51.1,80.3,2015-03-23,2018-09-19,2020-08-18,42,23,150.0,44,43,1,704,846.8,80.3,Approved,9.3,1,136.85,Moderate/Plateau,0.32,0.69,2026-04-10,OCMS_Historical,Under Implementation,1,1
PAIMANA-SEC_PET-2015-1375,Strategic Petroleum Reserve Underground Rock Caverns at Rohtak,MoPNG,Ministry of Petroleum and Natural Gas,SEC_PET,Petroleum Pipelines & Refineries,Haryana,North,ISPRL,28.9562,75.7039,8876.21,10566.04,1689.83,19.04,5586.09,52.9,87.7,2015-03-08,2023-06-03,2025-07-02,99,25,134.8,20,20,1,763,834.3,66.2,Approved,7.3,0,0.0,Moderate/Plateau,0.82,0.76,2026-04-10,OCMS_Historical,Nearing Completion,1,1
PAIMANA-SEC_ATOM-2023-1376,Fast Breeder Reactor & Reprocessing Facility at Salem,DAE,Department of Atomic Energy,SEC_ATOM,Atomic Energy & Nuclear Power,Tamil Nadu,South,BHAVINI,11.6767,78.261,553.7,641.22,87.52,15.81,250.41,39.1,65.3,2023-04-01,2024-09-29,2026-06-29,18,21,150.0,47,47,1,644,760.6,51.3,Approved,7.4,0,0.0,Moderate/Plateau,0.18,0.39,2026-04-10,PAIMANA_Live,Under Implementation,1,1
PAIMANA-SEC_LOG-2015-1377,Central Freight Logistics & Cold Chain Infrastructure Hub at Hubballi,MoRTH,Ministry of Road Transport and Highways,SEC_LOG,Multimodal Logistics Parks (MMLP),Karnataka,South,CONCOR,15.7449,75.834,2628.87,3226.6,597.73,22.74,1485.78,46.0,70.1,2015-01-23,2019-02-20,2022-08-19,49,42,150.0,39,39,1,1252,1752.8,74.5,Stage-I,3.4,2,122.9,Low/Plains,0.25,0.87,2026-04-10,OCMS_Historical,Under Implementation,1,1
PAIMANA-SEC_AIR-2017-1378,Greenfield International Airport Terminal-45 & Parallel Runway at Jorhat,MoCA,Ministry of Civil Aviation,SEC_AIR,Regional & Greenfield Airports,Assam,North-East,AAI,26.7699,92.8147,1366.19,1695.84,329.65,24.13,732.92,43.2,69.6,2017-07-06,2020-06-04,2023-05-04,35,35,150.0,21,21,1,1074,745.9,89.2,Approved,4.9,3,215.61,High/Himalayan/Riverine,0.11,0.54,2026-04-10,OCMS_Historical,Under Implementation,1,1
PAIMANA-SEC_COAL-2020-1379,Coal Bed Methane & Deep Underground Extraction Unit at Ujjain,MoCoal,Ministry of Coal,SEC_COAL,Coal Mining & Washeries,Madhya Pradesh,Central,NCDC,22.9789,78.514,9190.44,11056.74,1866.3,20.31,3537.9,32.0,52.6,2020-12-14,2028-09-10,2031-07-10,93,34,68.9,16,7,1,1026,1048.7,42.0,Stage-II Pending,4.8,1,211.04,Low/Plains,0.51,0.42,2026-04-10,PAIMANA_Live,Under Implementation,1,1
PAIMANA-SEC_ATOM-2019-1380,Fast Breeder Reactor & Reprocessing Facility at Tuticorin,DAE,Department of Atomic Energy,SEC_ATOM,Atomic Energy & Nuclear Power,Tamil Nadu,South,BHAVINI,10.903,79.2311,532.57,670.98,138.41,25.99,225.66,33.6,59.1,2019-03-18,2020-09-15,2023-08-15,18,35,150.0,23,23,1,1094,234.6,54.5,Approved,9.0,2,327.02,Low/Plains,0.93,0.57,2026-04-10,OCMS_Historical,Under Implementation,1,1
PAIMANA-SEC_CHEM-2018-1381,Petrochemical Derivative & Polymer Manufacturing Unit at Nashik,MoCF,Ministry of Chemicals and Fertilizers,SEC_CHEM,Fertilizer Plants & Petrochemicals,Maharashtra,West,HURL,19.217,75.3337,516.91,682.3,165.39,32.0,257.99,37.8,64.9,2018-12-12,2021-05-11,2024-06-08,29,37,150.0,30,30,1,1128,384.3,64.5,Approved,3.5,2,434.94,Low/Plains,0.52,0.72,2026-04-10,OCMS_Historical,Under Implementation,1,1
PAIMANA-SEC_CHEM-2018-1382,Coal-Gasification Based Urea & Fertilizer Complex at Guntur,MoCF,Ministry of Chemicals and Fertilizers,SEC_CHEM,Fertilizer Plants & Petrochemicals,Andhra Pradesh,South,FCIL,15.5574,79.4809,649.49,751.13,101.64,15.65,333.22,44.4,70.4,2018-03-23,2020-10-20,2023-02-18,31,28,150.0,39,39,1,853,584.1,91.5,Stage-I,4.8,0,0.0,Low/Plains,0.63,0.28,2026-04-10,OCMS_Historical,Under Implementation,1,1
PAIMANA-SEC_REN-2022-1383,Ultra Mega Solar Park (46 MW) with Battery Storage at Rajkot,MNRE,Ministry of New and Renewable Energy,SEC_REN,Solar & Renewable Green Energy,Gujarat,West,SECI,21.6899,71.41,157.0,169.09,12.09,7.7,107.97,63.9,100.0,2022-05-19,2024-12-16,2024-12-16,31,0,150.0,25,25,0,0,50.4,81.3,Exempted,5.7,1,36.28,Low/Plains,0.92,0.58,2026-04-10,PAIMANA_Live,Commissioned,0,0
PAIMANA-SEC_SMART-2015-1384,Industrial Smart City & Integrated Manufacturing Node at Prayagraj,MoHUA,Ministry of Housing and Urban Affairs,SEC_SMART,Smart Cities & Industrial Corridors,Uttar Pradesh,North,NICDC,26.9935,80.8899,696.55,770.39,73.84,10.6,415.69,54.0,84.4,2015-07-12,2018-06-10,2019-06-09,35,12,150.0,18,18,1,350,1281.2,67.7,Approved,9.3,0,0.0,Moderate/Plateau,0.8,0.27,2026-04-10,OCMS_Historical,Under Implementation,0,1
PAIMANA-SEC_LOG-2016-1385,Central Freight Logistics & Cold Chain Infrastructure Hub at Dibrugarh,MoRTH,Ministry of Road Transport and Highways,SEC_LOG,Multimodal Logistics Parks (MMLP),Assam,North-East,CONCOR,25.7961,93.273,558.04,601.99,43.95,7.88,293.92,48.8,76.3,2016-04-28,2017-10-27,2019-01-26,18,15,150.0,30,30,1,470,367.2,93.7,Exempted,4.0,0,0.0,Moderate/Plateau,0.41,0.24,2026-04-10,OCMS_Historical,Under Implementation,0,1
PAIMANA-SEC_AIR-2016-1386,Regional Airport Modernization & Runway Extension under UDAN at Jabalpur,MoCA,Ministry of Civil Aviation,SEC_AIR,Regional & Greenfield Airports,Madhya Pradesh,Central,AAI,23.0938,78.1652,1324.09,1538.83,214.74,16.22,747.42,48.6,77.1,2016-02-10,2019-03-10,2021-04-08,37,25,150.0,39,39,1,757,390.9,67.0,Approved,5.1,0,0.0,Low/Plains,0.18,0.2,2026-04-10,OCMS_Historical,Under Implementation,1,1
PAIMANA-SEC_WATER-2019-1387,Urban 24x7 Water Supply & Advanced Smart Grid Pipeline in Nashik,MoHUA,Ministry of Housing and Urban Affairs,SEC_WATER,Water Supply & Urban Sanitation,Maharashtra,West,Jal Nigam,19.2465,76.0758,1588.07,1930.48,342.41,21.56,878.92,45.5,71.4,2019-10-06,2022-11-03,2025-12-01,37,37,150.0,39,39,1,1124,1792.7,90.5,Approved,5.6,2,294.64,Low/Plains,0.28,0.46,2026-04-10,OCMS_Historical,Under Implementation,1,1
PAIMANA-SEC_AIR-2016-1388,Greenfield International Airport Terminal-49 & Parallel Runway at Muzaffarpur,MoCA,Ministry of Civil Aviation,SEC_AIR,Regional & Greenfield Airports,Bihar,East,AAI,24.8019,84.8112,6822.42,7641.08,818.66,12.0,3748.75,49.1,81.2,2016-03-22,2022-06-19,2024-08-17,75,26,150.0,27,27,1,800,556.8,66.3,Stage-I,4.9,0,0.0,Low/Plains,0.23,0.32,2026-04-10,OCMS_Historical,Under Implementation,1,1
PAIMANA-SEC_MINE-2014-1389,Copper Ore Underground Mine Expansion Project in Solapur,MoMines,Ministry of Mines,SEC_MINE,Strategic Mineral Extraction,Maharashtra,West,HCL,19.4048,75.2078,2831.35,3474.51,643.16,22.72,1540.83,44.3,74.0,2014-02-24,2018-02-22,2021-01-21,48,35,150.0,23,23,1,1040,1026.2,41.9,Approved,8.0,2,159.03,Low/Plains,0.86,0.44,2026-04-10,OCMS_Historical,Under Implementation,1,1
PAIMANA-SEC_HEAVY-2018-1390,Heavy Machine Tools & Engineering Foundry Unit in Kalaburagi,MHI,Ministry of Heavy Industries,SEC_HEAVY,Heavy Engineering & Capital Goods,Karnataka,South,HMT,15.5259,75.9423,663.51,749.16,85.65,12.91,360.5,48.1,73.4,2018-11-04,2021-05-04,2023-01-02,30,20,150.0,46,46,1,585,270.2,94.7,Stage-I,7.1,0,0.0,Moderate/Plateau,0.77,0.64,2026-04-10,OCMS_Historical,Under Implementation,1,1
PAIMANA-SEC_ATOM-2018-1391,Pressurized Heavy Water Reactor Nuclear Power Unit (63x700 MWe) at Warangal,DAE,Department of Atomic Energy,SEC_ATOM,Atomic Energy & Nuclear Power,Telangana,South,NPCIL,17.6902,78.9256,488.88,610.72,121.84,24.92,240.23,39.3,67.9,2018-02-05,2019-09-05,2021-02-02,19,17,150.0,12,12,1,549,1235.3,93.4,Approved,7.1,2,564.53,High/Himalayan/Riverine,0.93,0.21,2026-04-10,OCMS_Historical,Under Implementation,1,1
PAIMANA-SEC_PWR_TR-2016-1392,765kV High Voltage Direct Current (HVDC) Inter-Regional Grid (Gwalior-Indore),MoP,Ministry of Power,SEC_PWR_TR,Power Transmission & Grid,Madhya Pradesh,Central,PGCIL,23.2579,78.7719,1831.57,2248.81,417.24,22.78,959.62,42.7,70.4,2016-03-24,2019-07-23,2022-06-21,40,35,150.0,43,43,1,1047,1554.7,72.5,Approved,4.4,1,22.37,Moderate/Plateau,0.11,0.66,2026-04-10,OCMS_Historical,Under Implementation,1,1
PAIMANA-SEC_HEALTH-2018-1393,National Centre for Disease Control & Bio-Safety Level 4 Lab at Jharsuguda,MoHFW,Ministry of Health and Family Welfare,SEC_HEALTH,AIIMS & Super-Specialty Medical Infra,Odisha,East,MoHFW,20.9454,85.6253,327.47,377.18,49.71,15.18,158.33,42.0,65.4,2018-01-16,2020-03-16,2022-07-15,26,28,150.0,43,43,1,870,1268.1,73.9,Approved,6.0,0,0.0,Low/Plains,0.93,0.81,2026-04-10,OCMS_Historical,Under Implementation,1,1
PAIMANA-SEC_TEL-2021-1394,National 5G High-Density Core Network Infrastructure in Kharagpur,DoT,Department of Telecommunications,SEC_TEL,Telecommunication & BharatNet Fiber,West Bengal,East,BSNL,23.2405,88.4068,6538.69,7413.37,874.68,13.38,2752.84,37.1,57.0,2021-12-14,2027-04-12,2029-05-11,64,25,81.4,22,17,4,757,1532.8,86.7,Approved,4.4,1,296.88,Moderate/Plateau,0.65,0.22,2026-04-10,PAIMANA_Live,Under Implementation,1,1
PAIMANA-SEC_SMART-2019-1395,Special Investment Region Trunk Infrastructure & Utilities at Jorhat,MoHUA,Ministry of Housing and Urban Affairs,SEC_SMART,Smart Cities & Industrial Corridors,Assam,North-East,Dholera/DMIC,25.6571,92.3594,3519.5,3767.47,247.97,7.05,2075.04,55.1,84.8,2019-08-26,2023-05-25,2024-05-23,45,12,150.0,25,25,1,353,503.3,86.2,Approved,6.6,0,0.0,Low/Plains,0.61,0.48,2026-04-10,OCMS_Historical,Under Implementation,0,1
PAIMANA-SEC_PORT-2019-1396,Port Connectivity Dedicated Rail-Sea Multimodal Corridor at Korba,MoPSW,"Ministry of Ports, Shipping and Waterways",SEC_PORT,Major Ports & Maritime Channels,Chhattisgarh,Central,Sagarmala Dev,20.9997,81.4475,735.01,806.03,71.02,9.66,391.57,48.6,74.6,2019-11-06,2021-09-04,2022-10-04,22,13,150.0,44,44,1,402,1356.8,90.0,Approved,6.1,0,0.0,Low/Plains,0.87,0.8,2026-04-10,OCMS_Historical,Under Implementation,0,1
PAIMANA-SEC_MINE-2023-1397,Strategic Rare Earth & Bauxite Mining Complex at Kollam,MoMines,Ministry of Mines,SEC_MINE,Strategic Mineral Extraction,Kerala,South,NALCO,11.3437,75.8595,225.46,257.59,32.13,14.25,123.85,48.1,70.9,2023-11-04,2025-05-04,2026-11-02,18,18,150.0,40,40,1,575,1134.0,60.9,Exempted,6.4,0,0.0,Moderate/Plateau,0.57,0.33,2026-04-10,PAIMANA_Live,Under Implementation,1,1
PAIMANA-SEC_AIR-2021-1398,Regional Airport Modernization & Runway Extension under UDAN at Aizawl,MoCA,Ministry of Civil Aviation,SEC_AIR,Regional & Greenfield Airports,Mizoram,North-East,AAI,22.77,92.6568,4153.83,5103.68,949.85,22.87,2231.08,43.7,71.9,2021-09-16,2025-09-14,2029-06-13,48,45,114.6,21,20,1,1342,1367.7,78.2,Stage-II Pending,3.5,2,397.43,Low/Plains,0.37,0.4,2026-04-10,PAIMANA_Live,Under Implementation,1,1
PAIMANA-SEC_WATER-2019-1399,Comprehensive Sewage Treatment & River Cleaning Mission at Nashik,MoHUA,Ministry of Housing and Urban Affairs,SEC_WATER,Water Supply & Urban Sanitation,Maharashtra,West,NMCG,19.6826,76.0381,1029.46,1089.59,60.13,5.84,680.28,62.4,100.0,2019-11-22,2022-02-19,2022-02-19,27,0,150.0,21,21,0,0,327.4,81.4,Approved,8.2,0,0.0,Moderate/Plateau,0.2,0.31,2026-04-10,OCMS_Historical,Commissioned,0,0
PAIMANA-SEC_MINE-2015-1400,Strategic Rare Earth & Bauxite Mining Complex at Kalaburagi,MoMines,Ministry of Mines,SEC_MINE,Strategic Mineral Extraction,Karnataka,South,NALCO,15.1997,75.9309,3720.2,3749.44,29.24,0.79,2463.09,65.7,100.0,2015-02-11,2019-05-11,2019-05-11,51,0,150.0,37,37,0,0,1351.2,90.3,Approved,6.0,0,0.0,Moderate/Plateau,0.82,0.38,2026-04-10,OCMS_Historical,Commissioned,0,0
PAIMANA-SEC_HEALTH-2018-1401,National Centre for Disease Control & Bio-Safety Level 4 Lab at Pan-India Grid,MoHFW,Ministry of Health and Family Welfare,SEC_HEALTH,AIIMS & Super-Specialty Medical Infra,Multi-State / National,National,MoHFW,21.5011,79.0449,252.37,316.85,64.48,25.55,144.04,45.5,70.5,2018-12-24,2020-12-22,2022-10-21,24,22,150.0,34,34,1,689,633.2,74.6,Exempted,7.9,1,250.87,Low/Plains,0.48,0.8,2026-04-10,OCMS_Historical,Under Implementation,1,1
PAIMANA-SEC_ATOM-2016-1402,Pressurized Heavy Water Reactor Nuclear Power Unit (68x700 MWe) at Kakinada,DAE,Department of Atomic Energy,SEC_ATOM,Atomic Energy & Nuclear Power,Andhra Pradesh,South,NPCIL,15.4454,79.2119,649.5,710.67,61.17,9.42,357.88,50.4,73.6,2016-09-18,2018-11-17,2020-09-15,26,22,150.0,25,25,1,693,1680.2,94.9,Approved,4.8,0,0.0,Low/Plains,0.93,0.45,2026-04-10,OCMS_Historical,Under Implementation,0,1
PAIMANA-SEC_TEL-2018-1403,BharatNet Rural Optical Fiber Network Phase-3 across Gorakhpur,DoT,Department of Telecommunications,SEC_TEL,Telecommunication & BharatNet Fiber,Uttar Pradesh,North,BBNL,27.047,81.3243,1153.54,1248.87,95.33,8.26,618.4,49.5,78.2,2018-11-17,2021-07-16,2023-02-13,32,19,150.0,19,19,1,574,133.9,74.0,Approved,4.9,0,0.0,Low/Plains,0.36,0.28,2026-04-10,OCMS_Historical,Under Implementation,0,1
PAIMANA-SEC_LOG-2016-1404,Multimodal Logistics Park (MMLP) with Inland Container Depot at Rajkot,MoRTH,Ministry of Road Transport and Highways,SEC_LOG,Multimodal Logistics Parks (MMLP),Gujarat,West,NHLML,22.7249,71.1639,1200.19,1386.18,185.99,15.5,626.02,45.2,75.4,2016-12-13,2020-01-11,2022-07-11,37,30,150.0,27,27,1,937,278.1,89.2,Exempted,4.8,0,0.0,Moderate/Plateau,0.45,0.39,2026-04-10,OCMS_Historical,Under Implementation,1,1
PAIMANA-SEC_IRR-2015-1405,Lift Irrigation & Pressurized Piped Distribution Network in Cuttack,DoWR,"Department of Water Resources, RD & GR",SEC_IRR,National River Link & Irrigation,Odisha,East,WRD,20.5042,85.3519,748.48,908.51,160.03,21.38,383.66,42.2,69.0,2015-06-22,2018-03-21,2020-10-18,33,31,150.0,37,37,1,970,778.4,60.1,Approved,8.4,1,53.53,Moderate/Plateau,0.48,0.86,2026-04-10,OCMS_Historical,Under Implementation,1,1
PAIMANA-SEC_PWR_GEN-2022-1406,Pumped Storage Hydroelectric Power Facility (70 MW) in Bhubaneswar,MoP,Ministry of Power,SEC_PWR_GEN,Thermal & Hydro Power Generation,Odisha,East,NHPC,20.5357,84.9443,2074.17,2395.01,320.84,15.47,1193.82,49.8,75.2,2022-09-04,2025-07-03,2028-01-01,34,30,127.7,41,34,5,908,718.5,80.8,Approved,8.5,4,398.57,Low/Plains,0.54,0.41,2026-04-10,PAIMANA_Live,Under Implementation,1,1
PAIMANA-SEC_TEL-2018-1407,BharatNet Rural Optical Fiber Network Phase-3 across Tuticorin,DoT,Department of Telecommunications,SEC_TEL,Telecommunication & BharatNet Fiber,Tamil Nadu,South,BBNL,11.5716,78.558,416.28,531.61,115.33,27.7,207.52,39.0,67.2,2018-05-16,2019-11-14,2022-02-11,18,27,150.0,21,21,1,854,543.4,78.1,Approved,7.5,1,335.33,Low/Plains,0.31,0.85,2026-04-10,OCMS_Historical,Under Implementation,1,1
PAIMANA-SEC_LOG-2018-1408,Central Freight Logistics & Cold Chain Infrastructure Hub at Karimnagar,MoRTH,Ministry of Road Transport and Highways,SEC_LOG,Multimodal Logistics Parks (MMLP),Telangana,South,CONCOR,17.9027,79.3791,1002.59,1077.13,74.54,7.43,689.47,64.0,100.0,2018-10-15,2021-04-14,2021-04-14,30,0,150.0,36,36,0,0,1390.1,94.9,Stage-II Pending,4.1,0,0.0,Low/Plains,0.93,0.9,2026-04-10,OCMS_Historical,Commissioned,0,0
PAIMANA-SEC_SMART-2023-1409,Special Investment Region Trunk Infrastructure & Utilities at Varanasi,MoHUA,Ministry of Housing and Urban Affairs,SEC_SMART,Smart Cities & Industrial Corridors,Uttar Pradesh,North,Dholera/DMIC,26.9179,80.5771,1286.77,1409.16,122.39,9.51,717.66,50.9,82.8,2023-07-13,2025-12-10,2026-08-10,29,8,114.3,37,37,1,272,603.2,91.9,Approved,8.0,0,0.0,High/Himalayan/Riverine,0.34,0.33,2026-04-10,PAIMANA_Live,Under Implementation,0,1
PAIMANA-SEC_HEAVY-2022-1410,Heavy Electrical Equipment & Gas Turbine Manufacturing Facility at Nizamabad,MHI,Ministry of Heavy Industries,SEC_HEAVY,Heavy Engineering & Capital Goods,Telangana,South,BHEL,18.2406,78.9015,1871.18,2186.39,315.21,16.85,1039.91,47.6,70.7,2022-10-25,2025-01-22,2027-05-23,27,28,150.0,48,48,1,832,1254.1,74.1,Approved,6.0,0,0.0,Low/Plains,0.12,0.51,2026-04-10,PAIMANA_Live,Under Implementation,1,1
PAIMANA-SEC_RLY-2021-1411,New Broad Gauge Rail Link Gaya to Muzaffarpur with Major Bridges,MoR,Ministry of Railways,SEC_RLY,Railways & High-Speed Rail,Bihar,East,RVNL,24.6812,85.8557,2256.66,2610.6,353.94,15.68,1129.69,43.3,72.9,2021-01-11,2024-08-10,2027-03-10,43,31,146.9,23,23,1,939,1161.5,75.9,Approved,5.3,0,0.0,Low/Plains,0.85,0.61,2026-04-10,PAIMANA_Live,Under Implementation,1,1
PAIMANA-SEC_SMART-2016-1412,Industrial Smart City & Integrated Manufacturing Node at Silchar,MoHUA,Ministry of Housing and Urban Affairs,SEC_SMART,Smart Cities & Industrial Corridors,Assam,North-East,NICDC,26.5032,93.0408,394.33,464.17,69.84,17.71,199.16,42.9,64.1,2016-01-20,2018-02-18,2020-08-18,25,30,150.0,23,23,1,909,1203.5,57.9,Approved,3.8,2,90.99,Moderate/Plateau,0.45,0.48,2026-04-10,OCMS_Historical,Under Implementation,1,1
PAIMANA-SEC_CHEM-2022-1413,Coal-Gasification Based Urea & Fertilizer Complex at Mumbai,MoCF,Ministry of Chemicals and Fertilizers,SEC_CHEM,Fertilizer Plants & Petrochemicals,Maharashtra,West,FCIL,19.8334,75.6491,267.25,315.28,48.03,17.97,129.37,41.0,68.3,2022-09-13,2024-03-13,2025-11-11,18,20,150.0,29,29,1,589,1089.0,84.8,Stage-I,9.0,0,0.0,High/Himalayan/Riverine,0.86,0.51,2026-04-10,PAIMANA_Live,Under Implementation,1,1
PAIMANA-SEC_INLAND-2022-1414,Fairway Development & River Ro-Ro Terminal Facility in Bengaluru,MoPSW,"Ministry of Ports, Shipping and Waterways",SEC_INLAND,National Waterways & River Ports,Karnataka,South,IWAI,14.7895,76.2201,3863.77,4609.65,745.88,19.3,2160.1,46.9,74.7,2022-04-26,2026-02-22,2027-12-22,46,22,103.7,35,26,4,679,728.6,74.2,Stage-I,4.3,0,0.0,Low/Plains,0.75,0.82,2026-04-10,PAIMANA_Live,Under Implementation,1,1
PAIMANA-SEC_PORT-2023-1415,Port Connectivity Dedicated Rail-Sea Multimodal Corridor at Vijayawada,MoPSW,"Ministry of Ports, Shipping and Waterways",SEC_PORT,Major Ports & Maritime Channels,Andhra Pradesh,South,Sagarmala Dev,15.4605,79.3076,1573.89,1701.46,127.57,8.11,886.53,52.1,82.9,2023-05-27,2026-05-25,2026-05-25,36,0,96.3,34,25,0,0,873.1,76.1,Stage-II Pending,3.3,0,0.0,Moderate/Plateau,0.56,0.57,2026-04-10,PAIMANA_Live,Under Implementation,0,0
PAIMANA-SEC_HEALTH-2018-1416,National Centre for Disease Control & Bio-Safety Level 4 Lab at Barmer,MoHFW,Ministry of Health and Family Welfare,SEC_HEALTH,AIIMS & Super-Specialty Medical Infra,Rajasthan,North,MoHFW,26.6765,74.7687,563.71,605.7,41.99,7.45,387.66,64.0,100.0,2018-07-07,2021-03-05,2021-03-05,32,0,150.0,32,32,0,0,1196.9,80.8,Approved,5.9,1,98.71,Moderate/Plateau,0.85,0.49,2026-04-10,OCMS_Historical,Commissioned,0,0
PAIMANA-SEC_STEEL-2014-1417,Integrated Steel Plant Modernization & Pelletization Unit at Inter-State Hub,MoSteel,Ministry of Steel,SEC_STEEL,Steel Plants & Metallurgy Units,Multi-State / National,National,SAIL,21.9342,78.5481,5010.05,5578.36,568.31,11.34,3228.18,57.9,90.8,2014-12-05,2019-04-03,2020-02-01,52,10,150.0,42,42,1,311,235.7,82.3,Approved,7.2,0,0.0,Low/Plains,0.68,0.67,2026-04-10,OCMS_Historical,Nearing Completion,1,1
PAIMANA-SEC_ATOM-2023-1418,Fast Breeder Reactor & Reprocessing Facility at Solapur,DAE,Department of Atomic Energy,SEC_ATOM,Atomic Energy & Nuclear Power,Maharashtra,West,BHAVINI,19.9018,76.084,1281.13,1613.9,332.77,25.97,636.06,39.4,61.8,2023-06-13,2025-09-10,2028-09-08,27,36,126.5,12,12,1,1093,766.2,40.2,Approved,7.2,2,314.75,Low/Plains,0.33,0.58,2026-04-10,PAIMANA_Live,Under Implementation,1,1
PAIMANA-SEC_METRO-2017-1419,Urban Light Rail Transit / MetroLite System for Gwalior Smart City,MoHUA,Ministry of Housing and Urban Affairs,SEC_METRO,Metro Rail & Urban Transit,Madhya Pradesh,Central,Metro Rail Corp,22.6059,78.9435,3519.02,3882.16,363.14,10.32,2077.91,53.5,87.8,2017-08-12,2021-01-09,2022-04-10,41,15,150.0,29,29,1,447,209.5,89.2,Approved,7.1,0,0.0,Low/Plains,0.27,0.31,2026-04-10,OCMS_Historical,Nearing Completion,0,1
PAIMANA-SEC_SMART-2023-1420,Industrial Smart City & Integrated Manufacturing Node at Gwalior,MoHUA,Ministry of Housing and Urban Affairs,SEC_SMART,Smart Cities & Industrial Corridors,Madhya Pradesh,Central,NICDC,23.0455,78.6016,1223.84,1495.14,271.3,22.17,636.63,42.6,68.7,2023-10-06,2025-09-04,2027-11-03,23,26,131.9,20,19,1,824,771.2,36.3,Stage-I,4.4,0,0.0,High/Himalayan/Riverine,0.22,0.55,2026-04-10,PAIMANA_Live,Under Implementation,1,1
PAIMANA-SEC_WATER-2014-1421,Comprehensive Sewage Treatment & River Cleaning Mission at Pune,MoHUA,Ministry of Housing and Urban Affairs,SEC_WATER,Water Supply & Urban Sanitation,Maharashtra,West,NMCG,19.1577,75.3474,8130.01,9445.61,1315.6,16.18,5359.43,56.7,86.3,2014-06-14,2021-12-10,2023-12-09,90,24,150.0,29,29,1,736,619.6,75.5,Approved,8.5,0,0.0,Low/Plains,0.6,0.42,2026-04-10,OCMS_Historical,Nearing Completion,1,1
PAIMANA-SEC_PET-2023-1422,Green Hydrogen & Bio-Ethanol Mega Plant at Chennai,MoPNG,Ministry of Petroleum and Natural Gas,SEC_PET,Petroleum Pipelines & Refineries,Tamil Nadu,South,BPCL,10.8237,78.6252,6082.56,7016.85,934.29,15.36,1829.93,26.1,39.1,2023-01-24,2028-08-21,2030-12-20,67,28,57.8,39,22,7,835,379.1,96.0,Approved,7.2,3,637.42,Low/Plains,0.59,0.85,2026-04-10,PAIMANA_Live,Stalled/Delayed,1,1
PAIMANA-SEC_STEEL-2014-1423,Specialty Alloy & Hot Rolled Coil Expansion Facility at Ahmedabad,MoSteel,Ministry of Steel,SEC_STEEL,Steel Plants & Metallurgy Units,Gujarat,West,RINL,22.7616,71.1227,906.05,1096.44,190.39,21.01,480.31,43.8,65.6,2014-06-17,2016-08-15,2019-06-14,26,34,150.0,16,16,1,1045,465.2,64.7,Approved,8.0,2,223.96,Moderate/Plateau,0.46,0.82,2026-04-10,OCMS_Historical,Under Implementation,1,1
PAIMANA-SEC_AIR-2023-1424,Air Cargo Hub & Aircraft Maintenance Repair Overhaul (MRO) at Jodhpur,MoCA,Ministry of Civil Aviation,SEC_AIR,Regional & Greenfield Airports,Rajasthan,North,AAI,26.9809,74.1316,2888.81,3192.96,304.15,10.53,1132.34,35.5,51.8,2023-11-14,2026-12-12,2028-08-11,37,20,78.6,18,10,5,639,1260.1,97.2,Approved,5.8,2,515.36,Moderate/Plateau,0.28,0.45,2026-04-10,PAIMANA_Live,Under Implementation,0,1
PAIMANA-SEC_HEAVY-2023-1425,Heavy Electrical Equipment & Gas Turbine Manufacturing Facility at Prayagraj,MHI,Ministry of Heavy Industries,SEC_HEAVY,Heavy Engineering & Capital Goods,Uttar Pradesh,North,BHEL,26.7519,81.2157,2119.03,2143.94,24.91,1.18,1343.43,62.7,100.0,2023-02-11,2025-06-11,2025-06-11,28,0,136.2,41,41,0,0,1350.8,89.5,Approved,3.8,1,215.79,Moderate/Plateau,0.47,0.24,2026-04-10,PAIMANA_Live,Commissioned,0,0
PAIMANA-SEC_IRR-2016-1426,Lift Irrigation & Pressurized Piped Distribution Network in Guntur,DoWR,"Department of Water Resources, RD & GR",SEC_IRR,National River Link & Irrigation,Andhra Pradesh,South,WRD,15.9341,79.9292,4212.48,4908.43,695.95,16.52,2302.1,46.9,78.5,2016-04-05,2020-02-02,2022-05-02,46,27,150.0,15,14,1,814,311.7,83.7,Approved,9.5,2,184.43,Low/Plains,0.28,0.54,2026-04-10,OCMS_Historical,Under Implementation,1,1
PAIMANA-SEC_PWR_GEN-2014-1427,Subansiri/Tehri Stage-II Hydroelectric Dam & Powerhouse (Barauni),MoP,Ministry of Power,SEC_PWR_GEN,Thermal & Hydro Power Generation,Bihar,East,SJVN,25.1754,85.1159,458.94,531.19,72.25,15.74,255.87,48.2,78.2,2014-04-17,2016-12-14,2018-11-13,32,23,150.0,15,15,1,715,965.5,65.6,Approved,4.9,0,0.0,Low/Plains,0.91,0.29,2026-04-10,OCMS_Historical,Under Implementation,1,1
PAIMANA-SEC_AIR-2020-1428,Air Cargo Hub & Aircraft Maintenance Repair Overhaul (MRO) at Tuticorin,MoCA,Ministry of Civil Aviation,SEC_AIR,Regional & Greenfield Airports,Tamil Nadu,South,AAI,10.7829,78.6338,2202.52,2338.32,135.8,6.17,1514.66,64.8,100.0,2020-06-06,2023-02-03,2023-02-03,32,0,150.0,41,41,0,0,1402.5,79.4,Stage-I,6.9,0,0.0,Moderate/Plateau,0.17,0.67,2026-04-10,PAIMANA_Live,Commissioned,0,0
PAIMANA-SEC_STEEL-2020-1429,Specialty Alloy & Hot Rolled Coil Expansion Facility at Solapur,MoSteel,Ministry of Steel,SEC_STEEL,Steel Plants & Metallurgy Units,Maharashtra,West,RINL,19.3889,75.3229,3137.28,3632.51,495.23,15.79,1796.25,49.4,79.2,2020-04-13,2023-10-11,2025-09-09,42,23,150.0,12,12,1,676,296.1,52.2,Approved,4.0,0,0.0,Low/Plains,0.51,0.89,2026-04-10,PAIMANA_Live,Under Implementation,1,1
PAIMANA-SEC_PORT-2016-1430,LNG Import Terminal & Marine Jetty Infrastructure at Faridabad,MoPSW,"Ministry of Ports, Shipping and Waterways",SEC_PORT,Major Ports & Maritime Channels,Haryana,North,Petronet,28.8249,75.7738,215.9,250.15,34.25,15.86,129.99,52.0,79.0,2016-06-28,2018-12-27,2020-02-25,30,14,150.0,27,27,1,458,776.0,82.4,Approved,7.5,1,211.37,Moderate/Plateau,0.59,0.44,2026-04-10,OCMS_Historical,Under Implementation,1,1
PAIMANA-SEC_TEL-2016-1431,BharatNet Rural Optical Fiber Network Phase-3 across Inter-State Hub,DoT,Department of Telecommunications,SEC_TEL,Telecommunication & BharatNet Fiber,Multi-State / National,National,BBNL,21.7932,78.4639,372.97,409.76,36.79,9.86,202.57,49.4,78.8,2016-09-26,2018-12-25,2020-03-25,27,15,150.0,16,16,1,447,272.6,95.3,Approved,5.5,0,0.0,Low/Plains,0.9,0.23,2026-04-10,OCMS_Historical,Under Implementation,0,1
PAIMANA-SEC_PORT-2016-1432,Port Connectivity Dedicated Rail-Sea Multimodal Corridor at Siliguri,MoPSW,"Ministry of Ports, Shipping and Waterways",SEC_PORT,Major Ports & Maritime Channels,West Bengal,East,Sagarmala Dev,23.0095,87.4698,165.39,201.91,36.52,22.08,113.74,56.3,100.0,2016-09-19,2019-01-18,2019-01-18,28,0,150.0,25,25,0,0,1660.3,87.2,Stage-II Pending,3.3,1,327.59,Moderate/Plateau,0.47,0.23,2026-04-10,OCMS_Historical,Commissioned,1,0
PAIMANA-SEC_TEL-2022-1433,BharatNet Rural Optical Fiber Network Phase-4 across Vijayawada,DoT,Department of Telecommunications,SEC_TEL,Telecommunication & BharatNet Fiber,Andhra Pradesh,South,BBNL,15.9985,80.2626,888.62,1063.56,174.94,19.69,427.94,40.2,67.7,2022-12-16,2025-10-14,2028-05-13,34,31,117.7,42,32,10,956,100.7,52.2,Approved,7.0,1,184.42,Moderate/Plateau,0.83,0.63,2026-04-10,PAIMANA_Live,Under Implementation,1,1
PAIMANA-SEC_TEL-2018-1434,National 5G High-Density Core Network Infrastructure in Ramagundam,DoT,Department of Telecommunications,SEC_TEL,Telecommunication & BharatNet Fiber,Telangana,South,BSNL,18.4778,78.7997,2269.4,2594.09,324.69,14.31,1257.76,48.5,75.2,2018-09-03,2021-07-02,2023-08-01,34,25,150.0,17,17,1,749,781.5,81.1,Approved,7.6,0,0.0,Low/Plains,0.18,0.43,2026-04-10,OCMS_Historical,Under Implementation,1,1
PAIMANA-SEC_ATOM-2014-1435,Pressurized Heavy Water Reactor Nuclear Power Unit (50x700 MWe) at Madurai,DAE,Department of Atomic Energy,SEC_ATOM,Atomic Energy & Nuclear Power,Tamil Nadu,South,NPCIL,10.573,78.2973,4783.11,5662.66,879.55,18.39,3013.06,53.2,83.9,2014-03-15,2018-12-11,2021-02-08,57,26,150.0,28,28,1,783,1074.0,63.7,Stage-I,8.0,1,119.18,Low/Plains,0.33,0.78,2026-04-10,OCMS_Historical,Under Implementation,1,1
PAIMANA-SEC_COAL-2019-1436,Coal Bed Methane & Deep Underground Extraction Unit at Guntur,MoCoal,Ministry of Coal,SEC_COAL,Coal Mining & Washeries,Andhra Pradesh,South,NCDC,15.9281,80.0534,1231.51,1451.22,219.71,17.84,660.76,45.5,74.4,2019-05-10,2021-10-07,2023-11-06,29,25,150.0,24,24,1,735,67.0,87.6,Exempted,5.6,2,552.95,Moderate/Plateau,0.62,0.64,2026-04-10,OCMS_Historical,Under Implementation,1,1
PAIMANA-SEC_PWR_GEN-2020-1437,Ultra Mega Supercritical Thermal Power Project (75x800 MW) at Angul,MoP,Ministry of Power,SEC_PWR_GEN,Thermal & Hydro Power Generation,Odisha,East,NTPC,20.3878,84.6652,5392.65,6345.01,952.36,17.66,3044.52,48.0,80.1,2020-04-08,2025-05-06,2028-05-04,61,36,118.6,42,42,1,1086,1019.0,68.3,Approved,6.6,2,327.33,Low/Plains,0.55,0.23,2026-04-10,PAIMANA_Live,Under Implementation,1,1
PAIMANA-SEC_PWR_GEN-2018-1438,Subansiri/Tehri Stage-II Hydroelectric Dam & Powerhouse (Panipat),MoP,Ministry of Power,SEC_PWR_GEN,Thermal & Hydro Power Generation,Haryana,North,SJVN,28.6432,76.6288,309.36,390.32,80.96,26.17,175.74,45.0,72.0,2018-12-01,2021-04-30,2023-09-28,29,29,150.0,34,34,1,898,325.6,61.7,Exempted,5.8,0,0.0,High/Himalayan/Riverine,0.62,0.65,2026-04-10,OCMS_Historical,Under Implementation,1,1
PAIMANA-SEC_STEEL-2023-1439,Specialty Alloy & Hot Rolled Coil Expansion Facility at Anantnag,MoSteel,Ministry of Steel,SEC_STEEL,Steel Plants & Metallurgy Units,Jammu & Kashmir,North,RINL,33.9881,76.1894,227.56,318.78,91.22,40.09,99.64,31.3,56.9,2023-11-26,2026-06-25,2028-09-22,31,27,92.5,37,26,7,799,731.2,96.4,Exempted,5.2,2,553.62,High/Himalayan/Riverine,0.31,0.6,2026-04-10,PAIMANA_Live,Under Implementation,1,1
PAIMANA-SEC_HEAVY-2021-1440,Heavy Electrical Equipment & Gas Turbine Manufacturing Facility at Gurugram,MHI,Ministry of Heavy Industries,SEC_HEAVY,Heavy Engineering & Capital Goods,Haryana,North,BHEL,28.9281,76.6731,1088.81,1364.01,275.2,25.28,466.94,34.2,60.2,2021-01-06,2023-03-07,2026-11-03,26,44,150.0,16,16,1,1318,59.3,49.8,Stage-II Pending,7.2,2,207.28,Moderate/Plateau,0.48,0.21,2026-04-10,PAIMANA_Live,Under Implementation,1,1
PAIMANA-SEC_PWR_GEN-2022-1441,Subansiri/Tehri Stage-II Hydroelectric Dam & Powerhouse (Muzaffarpur),MoP,Ministry of Power,SEC_PWR_GEN,Thermal & Hydro Power Generation,Bihar,East,SJVN,25.3562,85.2638,1653.2,1943.25,290.05,17.54,866.33,44.6,68.8,2022-07-16,2024-10-13,2026-11-12,27,25,150.0,36,36,1,790,1085.9,49.7,Approved,5.0,0,0.0,Low/Plains,0.38,0.7,2026-04-10,PAIMANA_Live,Under Implementation,1,1
PAIMANA-SEC_COAL-2014-1442,Open Cast Coal Mining Project (48 MTPA) with High-Capacity Conveyors at Ahmedabad,MoCoal,Ministry of Coal,SEC_COAL,Coal Mining & Washeries,Gujarat,West,CIL,22.4991,71.4464,1112.7,1392.89,280.19,25.18,540.38,38.8,63.7,2014-03-15,2016-01-12,2018-12-11,22,35,150.0,37,37,1,1093,1371.0,71.6,Stage-I,5.7,3,867.07,Low/Plains,0.31,0.34,2026-04-10,OCMS_Historical,Under Implementation,1,1
PAIMANA-SEC_AIR-2020-1443,Greenfield International Airport Terminal-84 & Parallel Runway at Guntur,MoCA,Ministry of Civil Aviation,SEC_AIR,Regional & Greenfield Airports,Andhra Pradesh,South,AAI,15.9582,79.94,161.02,179.6,18.58,11.54,82.65,46.0,71.0,2020-10-27,2022-04-27,2024-01-25,18,21,150.0,38,38,1,639,568.1,69.2,Exempted,9.2,0,0.0,Low/Plains,0.64,0.44,2026-04-10,PAIMANA_Live,Under Implementation,1,1
PAIMANA-SEC_PET-2017-1444,Crude Oil Pipeline Augmented Pumping Infrastructure at Asansol,MoPNG,Ministry of Petroleum and Natural Gas,SEC_PET,Petroleum Pipelines & Refineries,West Bengal,East,HPCL,22.4746,88.0884,1054.63,1205.06,150.43,14.26,614.25,51.0,81.1,2017-08-14,2020-09-11,2022-05-12,37,20,150.0,19,19,1,617,921.7,55.4,Approved,4.9,0,0.0,Moderate/Plateau,0.13,0.66,2026-04-10,OCMS_Historical,Under Implementation,1,1
PAIMANA-SEC_IRR-2020-1445,Lift Irrigation & Pressurized Piped Distribution Network in Korba,DoWR,"Department of Water Resources, RD & GR",SEC_IRR,National River Link & Irrigation,Chhattisgarh,Central,WRD,21.4671,82.1224,332.41,347.94,15.53,4.67,222.11,63.8,95.5,2020-06-24,2022-08-23,2022-11-22,26,3,150.0,24,24,1,82,898.7,95.0,Approved,9.8,0,0.0,Moderate/Plateau,0.41,0.78,2026-04-10,PAIMANA_Live,Nearing Completion,0,0
PAIMANA-SEC_IRR-2016-1446,Lift Irrigation & Pressurized Piped Distribution Network in Hyderabad,DoWR,"Department of Water Resources, RD & GR",SEC_IRR,National River Link & Irrigation,Telangana,South,WRD,17.7259,79.2766,2168.51,2388.06,219.55,10.12,1325.32,55.5,87.7,2016-08-27,2019-09-25,2020-05-25,37,8,150.0,22,22,1,236,238.0,63.0,Approved,9.6,0,0.0,Low/Plains,0.44,0.6,2026-04-10,OCMS_Historical,Nearing Completion,0,1
PAIMANA-SEC_SMART-2022-1447,Industrial Smart City & Integrated Manufacturing Node at Tirupati,MoHUA,Ministry of Housing and Urban Affairs,SEC_SMART,Smart Cities & Industrial Corridors,Andhra Pradesh,South,NICDC,16.2334,80.2546,1625.99,1787.8,161.81,9.95,1118.18,62.5,100.0,2022-04-15,2024-06-13,2024-06-13,26,0,150.0,45,45,0,0,1483.4,75.3,Exempted,8.9,0,0.0,Low/Plains,0.88,0.8,2026-04-10,PAIMANA_Live,Commissioned,0,0
PAIMANA-SEC_TEL-2017-1448,BharatNet Rural Optical Fiber Network Phase-4 across Bengaluru,DoT,Department of Telecommunications,SEC_TEL,Telecommunication & BharatNet Fiber,Karnataka,South,BBNL,14.8465,75.5065,469.99,544.38,74.39,15.83,241.94,44.4,73.5,2017-04-03,2018-10-02,2019-10-01,18,12,150.0,38,38,1,397,932.7,70.2,Approved,9.1,1,156.66,Low/Plains,0.41,0.72,2026-04-10,OCMS_Historical,Under Implementation,1,1
PAIMANA-SEC_HEALTH-2017-1449,National Centre for Disease Control & Bio-Safety Level 4 Lab at Jamshedpur,MoHFW,Ministry of Health and Family Welfare,SEC_HEALTH,AIIMS & Super-Specialty Medical Infra,Jharkhand,East,MoHFW,23.2655,84.944,704.46,769.13,64.67,9.18,484.45,63.0,100.0,2017-10-07,2020-08-05,2020-08-05,34,0,150.0,37,37,0,0,1314.6,89.5,Stage-I,5.4,0,0.0,High/Himalayan/Riverine,0.29,0.63,2026-04-10,OCMS_Historical,Commissioned,0,0
PAIMANA-SEC_SMART-2018-1450,Industrial Smart City & Integrated Manufacturing Node at Solapur,MoHUA,Ministry of Housing and Urban Affairs,SEC_SMART,Smart Cities & Industrial Corridors,Maharashtra,West,NICDC,19.5407,75.8709,419.62,477.02,57.4,13.68,258.81,54.3,80.2,2018-11-20,2021-01-18,2022-04-19,26,15,150.0,14,14,1,454,903.8,55.9,Approved,9.4,0,0.0,Moderate/Plateau,0.38,0.7,2026-04-10,OCMS_Historical,Under Implementation,1,1
PAIMANA-SEC_ATOM-2016-1451,Pressurized Heavy Water Reactor Nuclear Power Unit (43x700 MWe) at Bhavnagar,DAE,Department of Atomic Energy,SEC_ATOM,Atomic Energy & Nuclear Power,Gujarat,West,NPCIL,21.9424,71.1066,1081.45,1263.31,181.86,16.82,634.72,50.2,80.1,2016-06-06,2018-12-05,2020-03-05,30,15,150.0,42,42,1,459,303.2,50.5,Approved,6.8,0,0.0,Low/Plains,0.61,0.89,2026-04-10,OCMS_Historical,Under Implementation,1,1
PAIMANA-SEC_METRO-2023-1452,Urban Light Rail Transit / MetroLite System for Patiala Smart City,MoHUA,Ministry of Housing and Urban Affairs,SEC_METRO,Metro Rail & Urban Transit,Punjab,North,Metro Rail Corp,30.9281,75.6856,2844.07,3341.01,496.94,17.47,1464.09,43.8,65.2,2023-02-02,2026-04-02,2027-12-31,38,21,101.1,35,30,2,639,1606.0,92.1,Exempted,5.9,1,252.78,High/Himalayan/Riverine,0.31,0.72,2026-04-10,PAIMANA_Live,Under Implementation,1,1
PAIMANA-SEC_RLY-2022-1453,Modern Multimodal Railway Terminal & Station Redevelopment at Surat,MoR,Ministry of Railways,SEC_RLY,Railways & High-Speed Rail,Gujarat,West,RLDA,22.0447,71.1232,449.96,500.77,50.81,11.29,234.56,46.8,68.3,2022-07-21,2024-07-19,2026-06-18,24,23,150.0,13,13,1,690,1409.1,77.1,Approved,5.9,0,0.0,Low/Plains,0.72,0.49,2026-04-10,PAIMANA_Live,Under Implementation,1,1
PAIMANA-SEC_HWY-2015-1454,Greenfield Coastal Corridor Expressway (Mysuru-Hubballi Phase 4),MoRTH,Ministry of Road Transport and Highways,SEC_HWY,Highways & Expressways,Karnataka,South,NHAI,15.2778,75.3109,1852.8,2147.28,294.48,15.89,1017.96,47.4,71.6,2015-08-03,2018-04-01,2020-02-29,32,23,150.0,15,15,1,683,766.1,60.2,Approved,4.3,0,0.0,Moderate/Plateau,0.66,0.48,2026-04-10,OCMS_Historical,Under Implementation,1,1
PAIMANA-SEC_COAL-2017-1455,Mechanized Coal Washery & Pithead Rail Dispatch Facility (Rourkela),MoCoal,Ministry of Coal,SEC_COAL,Coal Mining & Washeries,Odisha,East,BCCL,20.8589,85.2298,693.58,793.16,99.58,14.36,379.91,47.9,70.6,2017-07-06,2019-07-05,2021-11-02,24,28,150.0,31,31,1,842,1396.0,83.6,Approved,5.0,0,0.0,Moderate/Plateau,0.13,0.25,2026-04-10,OCMS_Historical,Under Implementation,1,1
PAIMANA-SEC_WATER-2016-1456,Comprehensive Sewage Treatment & River Cleaning Mission at Salem,MoHUA,Ministry of Housing and Urban Affairs,SEC_WATER,Water Supply & Urban Sanitation,Tamil Nadu,South,NMCG,10.927,78.9147,540.44,644.3,103.86,19.22,278.93,43.3,69.8,2016-08-01,2018-11-30,2021-07-29,28,32,150.0,39,39,1,980,455.8,64.2,Approved,4.0,1,250.2,Moderate/Plateau,0.72,0.2,2026-04-10,OCMS_Historical,Under Implementation,1,1
PAIMANA-SEC_COAL-2016-1457,Mechanized Coal Washery & Pithead Rail Dispatch Facility (Jorhat),MoCoal,Ministry of Coal,SEC_COAL,Coal Mining & Washeries,Assam,North-East,BCCL,26.7856,92.4231,1036.83,1115.04,78.21,7.54,713.02,63.9,100.0,2016-04-01,2017-11-30,2017-11-30,20,0,150.0,44,44,0,0,1632.0,77.8,Exempted,7.7,1,331.79,Moderate/Plateau,0.61,0.53,2026-04-10,OCMS_Historical,Commissioned,0,0
PAIMANA-SEC_RLY-2015-1458,Railway Doubling & Electrification of Mumbai-Thane Section (35 km),MoR,Ministry of Railways,SEC_RLY,Railways & High-Speed Rail,Maharashtra,West,CORE,19.7248,76.2197,429.29,512.85,83.56,19.46,210.51,41.0,67.2,2015-07-19,2017-03-18,2019-06-16,20,27,150.0,24,24,1,827,927.0,69.2,Exempted,3.6,0,0.0,Low/Plains,0.56,0.84,2026-04-10,OCMS_Historical,Under Implementation,1,1
PAIMANA-SEC_TEL-2014-1459,BharatNet Rural Optical Fiber Network Phase-1 across Ayodhya,DoT,Department of Telecommunications,SEC_TEL,Telecommunication & BharatNet Fiber,Uttar Pradesh,North,BBNL,27.02,81.4465,678.33,742.11,63.78,9.4,462.86,62.4,100.0,2014-12-22,2016-09-20,2016-09-20,21,0,150.0,28,28,0,0,212.8,86.2,Approved,8.1,0,0.0,High/Himalayan/Riverine,0.49,0.71,2026-04-10,OCMS_Historical,Commissioned,0,0
PAIMANA-SEC_ATOM-2023-1460,Fast Breeder Reactor & Reprocessing Facility at Nashik,DAE,Department of Atomic Energy,SEC_ATOM,Atomic Energy & Nuclear Power,Maharashtra,West,BHAVINI,19.9149,76.0459,367.83,423.51,55.68,15.14,186.19,44.0,67.7,2023-02-17,2024-10-17,2026-07-17,20,21,150.0,39,39,1,659,225.9,89.3,Stage-I,7.8,0,0.0,Low/Plains,0.48,0.34,2026-04-10,PAIMANA_Live,Under Implementation,1,1
PAIMANA-SEC_TEL-2016-1461,National 5G High-Density Core Network Infrastructure in Mumbai,DoT,Department of Telecommunications,SEC_TEL,Telecommunication & BharatNet Fiber,Maharashtra,West,BSNL,19.4975,75.631,7421.2,7738.55,317.35,4.28,5068.15,65.5,100.0,2016-05-24,2022-10-20,2022-10-20,77,0,150.0,37,37,0,0,1158.7,75.6,Approved,4.3,1,58.45,Low/Plains,0.53,0.68,2026-04-10,OCMS_Historical,Commissioned,0,0
PAIMANA-SEC_REN-2019-1462,Ultra Mega Solar Park (28 MW) with Battery Storage at Dibrugarh,MNRE,Ministry of New and Renewable Energy,SEC_REN,Solar & Renewable Green Energy,Assam,North-East,SECI,25.9118,93.4203,1186.91,1286.37,99.46,8.38,816.23,63.5,100.0,2019-03-23,2021-04-21,2021-04-21,25,0,150.0,24,24,0,0,128.3,84.6,Approved,6.6,1,142.67,High/Himalayan/Riverine,0.39,0.4,2026-04-10,OCMS_Historical,Commissioned,0,0
PAIMANA-SEC_WATER-2021-1463,Urban 24x7 Water Supply & Advanced Smart Grid Pipeline in Nashik,MoHUA,Ministry of Housing and Urban Affairs,SEC_WATER,Water Supply & Urban Sanitation,Maharashtra,West,Jal Nigam,20.0537,75.1226,590.44,699.14,108.7,18.41,287.46,41.1,64.7,2021-11-20,2023-06-20,2025-06-18,19,24,150.0,22,22,1,712,189.6,75.8,Stage-II Pending,8.0,1,289.8,Low/Plains,0.29,0.56,2026-04-10,PAIMANA_Live,Under Implementation,1,1
PAIMANA-SEC_LOG-2014-1464,Central Freight Logistics & Cold Chain Infrastructure Hub at Kota,MoRTH,Ministry of Road Transport and Highways,SEC_LOG,Multimodal Logistics Parks (MMLP),Rajasthan,North,CONCOR,27.2219,74.072,1406.54,1707.28,300.74,21.38,750.25,43.9,69.9,2014-02-07,2017-05-07,2020-08-04,39,39,150.0,12,12,1,1214,1038.9,84.2,Stage-II Pending,6.5,1,61.55,Low/Plains,0.72,0.32,2026-04-10,OCMS_Historical,Under Implementation,1,1
PAIMANA-SEC_RLY-2019-1465,High-Speed Rail Bullet Train Section 15 (Tuticorin-Coimbatore),MoR,Ministry of Railways,SEC_RLY,Railways & High-Speed Rail,Tamil Nadu,South,NHSRCL,11.0229,78.2824,1031.63,1335.82,304.19,29.49,480.7,36.0,61.7,2019-06-26,2021-05-25,2024-12-22,23,43,150.0,12,12,1,1276,662.3,48.3,Stage-II Pending,5.6,1,258.01,Low/Plains,0.85,0.63,2026-04-10,OCMS_Historical,Under Implementation,1,1
PAIMANA-SEC_INLAND-2019-1466,Fairway Development & River Ro-Ro Terminal Facility in Varanasi,MoPSW,"Ministry of Ports, Shipping and Waterways",SEC_INLAND,National Waterways & River Ports,Uttar Pradesh,North,IWAI,26.7085,81.0748,930.47,1053.8,123.33,13.25,528.09,50.1,77.6,2019-01-21,2021-07-21,2023-02-18,30,19,150.0,14,14,1,569,1699.0,72.7,Stage-I,8.3,0,0.0,Moderate/Plateau,0.28,0.64,2026-04-10,OCMS_Historical,Under Implementation,1,1
PAIMANA-SEC_PWR_GEN-2022-1467,Ultra Mega Supercritical Thermal Power Project (35x800 MW) at Surat,MoP,Ministry of Power,SEC_PWR_GEN,Thermal & Hydro Power Generation,Gujarat,West,NTPC,21.9127,71.4963,2057.13,2369.54,312.41,15.19,1079.43,45.6,67.9,2022-10-26,2026-06-24,2027-12-23,44,18,94.8,14,10,3,578,856.7,33.9,Approved,9.8,1,304.41,Moderate/Plateau,0.83,0.28,2026-04-10,PAIMANA_Live,Under Implementation,1,1
PAIMANA-SEC_SMART-2015-1468,Special Investment Region Trunk Infrastructure & Utilities at Raipur,MoHUA,Ministry of Housing and Urban Affairs,SEC_SMART,Smart Cities & Industrial Corridors,Chhattisgarh,Central,Dholera/DMIC,21.7968,82.1857,2357.22,2768.59,411.37,17.45,1235.07,44.6,69.3,2015-02-14,2017-08-14,2019-12-13,30,28,150.0,22,22,1,874,402.9,74.2,Stage-II Pending,7.7,0,0.0,Low/Plains,0.26,0.4,2026-04-10,OCMS_Historical,Under Implementation,1,1
PAIMANA-SEC_HEAVY-2015-1469,Heavy Electrical Equipment & Gas Turbine Manufacturing Facility at Kota,MHI,Ministry of Heavy Industries,SEC_HEAVY,Heavy Engineering & Capital Goods,Rajasthan,North,BHEL,27.4478,74.7628,693.42,838.58,145.16,20.93,353.88,42.2,72.2,2015-11-11,2018-04-10,2020-02-07,29,22,150.0,36,36,1,659,1459.8,65.2,Approved,9.0,0,0.0,High/Himalayan/Riverine,0.45,0.81,2026-04-10,OCMS_Historical,Under Implementation,1,1
PAIMANA-SEC_LOG-2014-1470,Multimodal Logistics Park (MMLP) with Inland Container Depot at Pune,MoRTH,Ministry of Road Transport and Highways,SEC_LOG,Multimodal Logistics Parks (MMLP),Maharashtra,West,NHLML,19.7975,75.6666,664.2,838.55,174.35,26.25,391.16,46.6,72.2,2014-05-02,2017-03-31,2020-02-28,35,35,150.0,46,46,1,1055,576.1,74.8,Stage-II Pending,5.0,0,0.0,High/Himalayan/Riverine,0.95,0.36,2026-04-10,OCMS_Historical,Under Implementation,1,1
PAIMANA-SEC_PWR_GEN-2018-1471,Pumped Storage Hydroelectric Power Facility (41 MW) in Hubballi,MoP,Ministry of Power,SEC_PWR_GEN,Thermal & Hydro Power Generation,Karnataka,South,NHPC,15.5623,75.566,883.87,1040.41,156.54,17.71,479.88,46.1,71.6,2018-04-16,2021-01-13,2023-04-13,33,27,150.0,21,21,1,833,64.2,52.4,Stage-I,5.1,1,115.81,Low/Plains,0.45,0.36,2026-04-10,OCMS_Historical,Under Implementation,1,1
PAIMANA-SEC_STEEL-2016-1472,Specialty Alloy & Hot Rolled Coil Expansion Facility at Coimbatore,MoSteel,Ministry of Steel,SEC_STEEL,Steel Plants & Metallurgy Units,Tamil Nadu,South,RINL,11.0952,78.4749,157.0,208.31,51.31,32.68,78.6,37.7,61.4,2016-12-07,2018-08-07,2021-06-05,20,34,150.0,15,15,1,1051,939.7,29.1,Approved,3.7,1,103.58,Low/Plains,0.54,0.85,2026-04-10,OCMS_Historical,Under Implementation,1,1
PAIMANA-SEC_ATOM-2020-1473,Fast Breeder Reactor & Reprocessing Facility at Kolkata,DAE,Department of Atomic Energy,SEC_ATOM,Atomic Energy & Nuclear Power,West Bengal,East,BHAVINI,23.2219,87.6043,272.1,324.49,52.39,19.25,140.2,43.2,68.4,2020-02-17,2022-01-16,2023-10-16,23,21,150.0,30,30,1,621,752.9,85.8,Approved,8.7,2,156.54,Moderate/Plateau,0.35,0.41,2026-04-10,PAIMANA_Live,Under Implementation,1,1
PAIMANA-SEC_PWR_GEN-2017-1474,Pumped Storage Hydroelectric Power Facility (10 MW) in Hyderabad,MoP,Ministry of Power,SEC_PWR_GEN,Thermal & Hydro Power Generation,Telangana,South,NHPC,17.6532,79.0378,4205.45,4855.96,650.51,15.47,2859.61,58.9,90.0,2017-04-26,2021-07-24,2022-10-23,51,15,150.0,12,12,1,459,452.2,87.6,Approved,5.7,0,0.0,High/Himalayan/Riverine,0.71,0.43,2026-04-10,OCMS_Historical,Nearing Completion,1,1
PAIMANA-SEC_STEEL-2023-1475,Integrated Steel Plant Modernization & Pelletization Unit at Singrauli,MoSteel,Ministry of Steel,SEC_STEEL,Steel Plants & Metallurgy Units,Madhya Pradesh,Central,SAIL,23.1322,78.591,5477.07,6268.98,791.91,14.46,1302.47,20.8,35.4,2023-07-05,2029-01-30,2030-07-31,67,18,49.9,27,11,13,556,1145.9,79.2,Approved,9.0,1,129.47,Moderate/Plateau,0.12,0.71,2026-04-10,PAIMANA_Live,Under Implementation,1,1
PAIMANA-SEC_HWY-2015-1476,Trans-Himalayan Highway Multi-Lane Tunnel & Approach Roads near Guwahati,MoRTH,Ministry of Road Transport and Highways,SEC_HWY,Highways & Expressways,Assam,North-East,NHIDCL,26.2863,92.4569,905.98,1208.41,302.43,33.38,456.96,37.8,63.5,2015-02-03,2016-12-02,2019-12-01,22,36,150.0,43,43,1,1066,1720.6,64.8,Approved,7.8,2,168.68,High/Himalayan/Riverine,0.79,0.89,2026-04-10,OCMS_Historical,Under Implementation,1,1
PAIMANA-SEC_PET-2022-1477,Crude Oil Pipeline Augmented Pumping Infrastructure at Kandla,MoPNG,Ministry of Petroleum and Natural Gas,SEC_PET,Petroleum Pipelines & Refineries,Gujarat,West,HPCL,22.7358,70.8092,1984.92,2140.08,155.16,7.82,1365.02,63.8,100.0,2022-03-13,2024-06-10,2024-06-10,27,0,150.0,37,37,0,0,235.4,75.6,Stage-II Pending,7.3,0,0.0,Low/Plains,0.41,0.55,2026-04-10,PAIMANA_Live,Commissioned,0,0
PAIMANA-SEC_HEAVY-2016-1478,Heavy Electrical Equipment & Gas Turbine Manufacturing Facility at Bengaluru,MHI,Ministry of Heavy Industries,SEC_HEAVY,Heavy Engineering & Capital Goods,Karnataka,South,BHEL,15.8768,75.3198,1542.71,1751.63,208.92,13.54,894.92,51.1,76.6,2016-01-18,2019-03-18,2020-11-15,38,20,150.0,32,32,1,626,363.6,74.7,Exempted,4.6,0,0.0,Low/Plains,0.89,0.46,2026-04-10,OCMS_Historical,Under Implementation,1,1
PAIMANA-SEC_SMART-2014-1479,Industrial Smart City & Integrated Manufacturing Node at Nagpur,MoHUA,Ministry of Housing and Urban Affairs,SEC_SMART,Smart Cities & Industrial Corridors,Maharashtra,West,NICDC,19.1956,75.2839,21387.1,25716.29,4329.19,20.24,14231.31,55.3,89.3,2014-04-10,2024-04-05,2026-08-04,120,28,120.3,45,43,2,833,1115.7,41.5,Approved,7.8,1,78.32,Low/Plains,0.71,0.57,2026-04-10,OCMS_Historical,Nearing Completion,1,1
PAIMANA-SEC_COAL-2016-1480,Open Cast Coal Mining Project (92 MTPA) with High-Capacity Conveyors at Rajkot,MoCoal,Ministry of Coal,SEC_COAL,Coal Mining & Washeries,Gujarat,West,CIL,21.8306,70.8369,3324.93,4313.74,988.81,29.74,1782.78,41.3,64.4,2016-10-18,2020-06-16,2025-02-12,44,56,150.0,34,34,1,1700,1118.2,79.0,Stage-II Pending,3.8,4,1331.75,Low/Plains,0.89,0.45,2026-04-10,OCMS_Historical,Under Implementation,1,1
PAIMANA-SEC_INLAND-2018-1481,Fairway Development & River Ro-Ro Terminal Facility in Bhopal,MoPSW,"Ministry of Ports, Shipping and Waterways",SEC_INLAND,National Waterways & River Ports,Madhya Pradesh,Central,IWAI,22.6704,78.3811,1016.46,1063.37,46.91,4.62,669.24,62.9,100.0,2018-11-23,2021-01-21,2021-01-21,26,0,150.0,35,35,0,0,821.5,93.3,Approved,6.3,0,0.0,Low/Plains,0.13,0.53,2026-04-10,OCMS_Historical,Commissioned,0,0
PAIMANA-SEC_HEALTH-2015-1482,All India Institute of Medical Sciences (AIIMS) 750-Bed Super-Specialty Campus at Gorakhpur,MoHFW,Ministry of Health and Family Welfare,SEC_HEALTH,AIIMS & Super-Specialty Medical Infra,Uttar Pradesh,North,MoHFW/HSCC,26.7011,80.4722,463.05,570.47,107.42,23.2,271.76,47.6,73.7,2015-11-18,2018-03-18,2019-11-16,28,20,150.0,16,16,1,643,1706.0,64.7,Approved,6.5,1,211.58,High/Himalayan/Riverine,0.16,0.68,2026-04-10,OCMS_Historical,Under Implementation,1,1
PAIMANA-SEC_PWR_TR-2016-1483,765kV High Voltage Direct Current (HVDC) Inter-Regional Grid (Hubballi-Belagavi),MoP,Ministry of Power,SEC_PWR_TR,Power Transmission & Grid,Karnataka,South,PGCIL,15.4281,75.4248,249.51,284.25,34.74,13.92,109.0,38.3,65.1,2016-09-24,2018-07-24,2020-10-21,22,27,150.0,43,43,1,830,645.5,86.6,Approved,3.9,0,0.0,Low/Plains,0.39,0.7,2026-04-10,OCMS_Historical,Under Implementation,1,1
PAIMANA-SEC_SMART-2022-1484,Special Investment Region Trunk Infrastructure & Utilities at Pune,MoHUA,Ministry of Housing and Urban Affairs,SEC_SMART,Smart Cities & Industrial Corridors,Maharashtra,West,Dholera/DMIC,20.335,76.0721,1392.56,1574.62,182.06,13.07,846.01,53.7,82.3,2022-12-05,2025-03-04,2026-04-03,27,13,149.6,21,21,1,433,437.0,94.2,Exempted,8.5,0,0.0,Low/Plains,0.77,0.56,2026-04-10,PAIMANA_Live,Under Implementation,1,1
PAIMANA-SEC_MINE-2018-1485,Strategic Rare Earth & Bauxite Mining Complex at Kochi,MoMines,Ministry of Mines,SEC_MINE,Strategic Mineral Extraction,Kerala,South,NALCO,11.1426,76.3361,559.52,639.73,80.21,14.34,341.59,53.4,83.0,2018-05-14,2021-01-10,2022-04-11,32,15,150.0,26,26,1,461,744.6,81.4,Approved,5.8,0,0.0,Low/Plains,0.14,0.66,2026-04-10,OCMS_Historical,Under Implementation,1,1
PAIMANA-SEC_CHEM-2014-1486,Petrochemical Derivative & Polymer Manufacturing Unit at Guwahati,MoCF,Ministry of Chemicals and Fertilizers,SEC_CHEM,Fertilizer Plants & Petrochemicals,Assam,North-East,HURL,26.139,92.5398,297.22,513.65,216.43,72.82,162.77,31.7,55.3,2014-07-22,2017-01-19,2022-05-18,30,64,150.0,20,20,1,1930,913.6,42.0,Stage-II Pending,3.9,4,1212.73,High/Himalayan/Riverine,0.9,0.71,2026-04-10,OCMS_Historical,Under Implementation,1,1
PAIMANA-SEC_MINE-2017-1487,Strategic Rare Earth & Bauxite Mining Complex at Singrauli,MoMines,Ministry of Mines,SEC_MINE,Strategic Mineral Extraction,Madhya Pradesh,Central,NALCO,22.7257,78.3126,621.02,649.45,28.43,4.58,356.69,54.9,88.1,2017-03-03,2019-06-01,2019-11-30,27,6,150.0,20,20,1,196,175.1,91.2,Approved,9.0,0,0.0,Low/Plains,0.69,0.27,2026-04-10,OCMS_Historical,Nearing Completion,0,1
PAIMANA-SEC_INLAND-2023-1488,Fairway Development & River Ro-Ro Terminal Facility in Rajkot,MoPSW,"Ministry of Ports, Shipping and Waterways",SEC_INLAND,National Waterways & River Ports,Gujarat,West,IWAI,22.0167,70.721,410.81,435.37,24.56,5.98,282.51,64.9,100.0,2023-07-07,2025-07-05,2025-07-05,24,0,139.0,44,44,0,0,398.1,87.3,Approved,6.5,0,0.0,Low/Plains,0.67,0.75,2026-04-10,PAIMANA_Live,Commissioned,0,0
PAIMANA-SEC_TEL-2016-1489,BharatNet Rural Optical Fiber Network Phase-2 across Durgapur,DoT,Department of Telecommunications,SEC_TEL,Telecommunication & BharatNet Fiber,West Bengal,East,BBNL,22.8612,87.6141,5700.97,6575.0,874.03,15.33,3122.91,47.5,79.4,2016-07-12,2021-04-09,2023-10-08,57,30,150.0,18,18,1,918,401.1,84.0,Approved,6.9,3,241.55,Moderate/Plateau,0.79,0.59,2026-04-10,OCMS_Historical,Under Implementation,1,1
PAIMANA-SEC_WATER-2016-1490,Urban 24x7 Water Supply & Advanced Smart Grid Pipeline in Tuticorin,MoHUA,Ministry of Housing and Urban Affairs,SEC_WATER,Water Supply & Urban Sanitation,Tamil Nadu,South,Jal Nigam,10.6875,78.5622,2652.25,3120.84,468.59,17.67,1456.87,46.7,76.1,2016-09-26,2020-02-24,2022-03-25,41,25,150.0,18,18,1,743,118.7,64.8,Approved,7.8,0,0.0,Low/Plains,0.59,0.86,2026-04-10,OCMS_Historical,Under Implementation,1,1
PAIMANA-SEC_STEEL-2014-1491,Specialty Alloy & Hot Rolled Coil Expansion Facility at Vijayawada,MoSteel,Ministry of Steel,SEC_STEEL,Steel Plants & Metallurgy Units,Andhra Pradesh,South,RINL,15.4446,79.2695,1139.14,1376.87,237.73,20.87,628.05,45.6,71.7,2014-03-22,2016-06-19,2018-06-18,27,24,150.0,42,42,1,731,625.6,69.4,Approved,5.2,0,0.0,High/Himalayan/Riverine,0.47,0.48,2026-04-10,OCMS_Historical,Under Implementation,1,1
PAIMANA-SEC_HWY-2016-1492,Trans-Himalayan Highway Multi-Lane Tunnel & Approach Roads near Ujjain,MoRTH,Ministry of Road Transport and Highways,SEC_HWY,Highways & Expressways,Madhya Pradesh,Central,NHIDCL,22.9565,78.97,4682.34,4924.78,242.44,5.18,3158.0,64.1,100.0,2016-03-12,2021-08-09,2021-08-09,65,0,150.0,12,12,0,0,1016.0,77.4,Stage-I,4.6,1,283.02,Low/Plains,0.25,0.2,2026-04-10,OCMS_Historical,Commissioned,0,0
PAIMANA-SEC_METRO-2023-1493,Urban Light Rail Transit / MetroLite System for Kalaburagi Smart City,MoHUA,Ministry of Housing and Urban Affairs,SEC_METRO,Metro Rail & Urban Transit,Karnataka,South,Metro Rail Corp,15.9084,75.8233,1235.35,1399.8,164.45,13.31,589.87,42.1,69.4,2023-03-24,2026-04-21,2027-05-21,37,13,99.5,23,19,3,419,1021.1,91.0,Approved,6.5,0,0.0,Low/Plains,0.71,0.74,2026-04-10,PAIMANA_Live,Under Implementation,1,1
PAIMANA-SEC_INLAND-2016-1494,Fairway Development & River Ro-Ro Terminal Facility in Ramagundam,MoPSW,"Ministry of Ports, Shipping and Waterways",SEC_INLAND,National Waterways & River Ports,Telangana,South,IWAI,18.0237,78.4929,506.43,551.02,44.59,8.8,273.35,49.6,72.5,2016-04-04,2017-12-03,2019-01-02,20,13,150.0,37,36,1,402,1337.9,89.0,Approved,8.1,0,0.0,Moderate/Plateau,0.61,0.68,2026-04-10,OCMS_Historical,Under Implementation,0,1
PAIMANA-SEC_WATER-2014-1495,Comprehensive Sewage Treatment & River Cleaning Mission at Ahmedabad,MoHUA,Ministry of Housing and Urban Affairs,SEC_WATER,Water Supply & Urban Sanitation,Gujarat,West,NMCG,21.9949,71.3202,4878.41,5424.75,546.34,11.2,2643.45,48.7,81.2,2014-05-04,2019-04-01,2021-03-30,59,24,150.0,35,35,1,720,1166.2,90.1,Stage-I,5.2,0,0.0,Low/Plains,0.19,0.54,2026-04-10,OCMS_Historical,Under Implementation,1,1
PAIMANA-SEC_WATER-2016-1496,Comprehensive Sewage Treatment & River Cleaning Mission at Tuticorin,MoHUA,Ministry of Housing and Urban Affairs,SEC_WATER,Water Supply & Urban Sanitation,Tamil Nadu,South,NMCG,11.2283,78.1616,1915.19,2262.12,346.93,18.11,1119.17,49.5,81.1,2016-05-16,2019-07-15,2021-01-12,38,18,150.0,33,33,1,568,521.6,76.5,Exempted,9.5,2,173.75,Moderate/Plateau,0.75,0.89,2026-04-10,OCMS_Historical,Under Implementation,1,1
PAIMANA-SEC_PWR_TR-2016-1497,Green Energy Corridor Intra-State Transmission Scheme Phase-2 in Deoghar,MoP,Ministry of Power,SEC_PWR_TR,Power Transmission & Grid,Jharkhand,East,POWERGRID,23.8751,84.7325,428.47,469.91,41.44,9.67,240.48,51.2,74.4,2016-11-24,2018-05-25,2019-06-24,18,13,150.0,14,14,1,420,642.9,63.0,Approved,9.8,0,0.0,Low/Plains,0.43,0.69,2026-04-10,OCMS_Historical,Under Implementation,0,1
PAIMANA-SEC_COAL-2020-1498,Mechanized Coal Washery & Pithead Rail Dispatch Facility (Bikaner),MoCoal,Ministry of Coal,SEC_COAL,Coal Mining & Washeries,Rajasthan,North,BCCL,27.1428,74.4539,957.94,1025.57,67.63,7.06,658.77,64.2,100.0,2020-09-23,2022-12-22,2022-12-22,27,0,150.0,47,47,0,0,1394.7,77.4,Approved,6.6,0,0.0,Moderate/Plateau,0.59,0.85,2026-04-10,PAIMANA_Live,Commissioned,0,0
PAIMANA-SEC_PWR_GEN-2018-1499,Pumped Storage Hydroelectric Power Facility (55 MW) in Jabalpur,MoP,Ministry of Power,SEC_PWR_GEN,Thermal & Hydro Power Generation,Madhya Pradesh,Central,NHPC,23.1021,78.3052,499.58,629.96,130.38,26.1,228.45,36.3,63.7,2018-01-19,2019-07-20,2021-11-17,18,28,150.0,24,24,1,868,1678.1,54.4,Approved,8.4,1,224.45,High/Himalayan/Riverine,0.55,0.28,2026-04-10,OCMS_Historical,Under Implementation,1,1
PAIMANA-SEC_HWY-2016-1500,Economic Corridor NH-25 6-Lane Access Controlled Highway (Coimbatore),MoRTH,Ministry of Road Transport and Highways,SEC_HWY,Highways & Expressways,Tamil Nadu,South,NHAI,10.7958,78.6972,308.57,400.36,91.79,29.75,161.97,40.5,69.1,2016-10-07,2019-06-06,2022-08-04,32,38,150.0,12,12,1,1157,1410.3,51.9,Approved,5.5,1,266.68,Moderate/Plateau,0.27,0.55,2026-04-10,OCMS_Historical,Under Implementation,1,1
PAIMANA-SEC_AIR-2014-1501,Regional Airport Modernization & Runway Extension under UDAN at Kakinada,MoCA,Ministry of Civil Aviation,SEC_AIR,Regional & Greenfield Airports,Andhra Pradesh,South,AAI,15.4732,80.218,2766.88,2892.38,125.5,4.54,1786.99,61.8,92.5,2014-11-05,2018-05-04,2018-09-02,42,4,150.0,20,20,1,157,989.1,94.4,Approved,9.8,0,0.0,Moderate/Plateau,0.31,0.71,2026-04-10,OCMS_Historical,Nearing Completion,0,0
PAIMANA-SEC_AIR-2019-1502,Air Cargo Hub & Aircraft Maintenance Repair Overhaul (MRO) at Patiala,MoCA,Ministry of Civil Aviation,SEC_AIR,Regional & Greenfield Airports,Punjab,North,AAI,31.3083,75.4023,7041.33,8166.04,1124.71,15.97,4604.34,56.4,84.6,2019-01-21,2024-09-18,2027-05-18,68,32,127.8,34,34,1,961,1785.3,92.6,Stage-II Pending,5.6,1,183.76,Moderate/Plateau,0.93,0.24,2026-04-10,OCMS_Historical,Under Implementation,1,1
PAIMANA-SEC_IRR-2017-1503,National River Interlinking Canal & Barrage System (Bathinda-Ludhiana),DoWR,"Department of Water Resources, RD & GR",SEC_IRR,National River Link & Irrigation,Punjab,North,NWDA,30.7636,75.0797,303.98,453.53,149.55,49.2,150.61,33.2,57.9,2017-06-09,2019-02-07,2022-04-07,20,38,150.0,37,37,1,1148,892.4,95.3,Stage-II Pending,6.6,3,855.05,High/Himalayan/Riverine,0.1,0.5,2026-04-10,OCMS_Historical,Under Implementation,1,1
PAIMANA-SEC_AIR-2016-1504,Air Cargo Hub & Aircraft Maintenance Repair Overhaul (MRO) at Haldwani,MoCA,Ministry of Civil Aviation,SEC_AIR,Regional & Greenfield Airports,Uttarakhand,North,AAI,29.9276,78.5513,1959.47,2297.61,338.14,17.26,1166.54,50.8,82.2,2016-03-27,2019-06-25,2020-10-23,39,16,150.0,24,24,1,480,355.5,96.8,Approved,3.8,0,0.0,High/Himalayan/Riverine,0.57,0.5,2026-04-10,OCMS_Historical,Under Implementation,1,1
PAIMANA-SEC_HWY-2014-1505,Bharatmala Pariyojana 4/6-Lane Corridor from Kalaburagi to Bengaluru,MoRTH,Ministry of Road Transport and Highways,SEC_HWY,Highways & Expressways,Karnataka,South,NHAI,15.7882,76.0925,618.62,733.67,115.05,18.6,285.85,39.0,63.9,2014-03-08,2015-09-06,2017-07-05,18,22,150.0,29,29,1,695,1688.3,58.4,Approved,5.2,1,43.23,Moderate/Plateau,0.71,0.71,2026-04-10,OCMS_Historical,Under Implementation,1,1
PAIMANA-SEC_AIR-2019-1506,Greenfield International Airport Terminal-7 & Parallel Runway at Karimnagar,MoCA,Ministry of Civil Aviation,SEC_AIR,Regional & Greenfield Airports,Telangana,South,AAI,17.7844,78.8818,722.59,837.7,115.11,15.93,340.96,40.7,66.6,2019-08-05,2021-08-03,2024-08-01,24,36,150.0,15,15,1,1066,1239.7,91.8,Stage-II Pending,5.8,2,30.16,Low/Plains,0.13,0.43,2026-04-10,OCMS_Historical,Under Implementation,1,1
PAIMANA-SEC_TEL-2018-1507,National 5G High-Density Core Network Infrastructure in Nagpur,DoT,Department of Telecommunications,SEC_TEL,Telecommunication & BharatNet Fiber,Maharashtra,West,BSNL,19.3328,75.6283,653.82,711.63,57.81,8.84,378.51,53.2,87.2,2018-04-22,2020-09-19,2021-08-19,29,11,150.0,19,19,1,321,1111.2,95.0,Approved,7.3,0,0.0,Low/Plains,0.95,0.78,2026-04-10,OCMS_Historical,Nearing Completion,0,1
PAIMANA-SEC_STEEL-2023-1508,Integrated Steel Plant Modernization & Pelletization Unit at Panipat,MoSteel,Ministry of Steel,SEC_STEEL,Steel Plants & Metallurgy Units,Haryana,North,SAIL,28.6347,75.6629,505.13,607.41,102.28,20.25,259.03,42.6,68.6,2023-03-22,2025-08-19,2028-11-16,29,39,127.1,21,20,1,1177,230.3,77.5,Stage-II Pending,8.1,3,99.17,Low/Plains,0.66,0.4,2026-04-10,PAIMANA_Live,Under Implementation,1,1
PAIMANA-SEC_IRR-2021-1509,Lift Irrigation & Pressurized Piped Distribution Network in Vadodara,DoWR,"Department of Water Resources, RD & GR",SEC_IRR,National River Link & Irrigation,Gujarat,West,WRD,22.8261,71.3145,1201.95,1403.12,201.17,16.74,673.34,48.0,73.5,2021-02-04,2024-05-04,2026-09-02,39,28,150.0,39,39,1,830,522.1,45.0,Approved,4.9,0,0.0,Moderate/Plateau,0.74,0.67,2026-04-10,PAIMANA_Live,Under Implementation,1,1
PAIMANA-SEC_INLAND-2019-1510,National Waterway NW-50 Multimodal Navigation Terminal at Kharagpur,MoPSW,"Ministry of Ports, Shipping and Waterways",SEC_INLAND,National Waterways & River Ports,West Bengal,East,IWAI,22.3902,88.4477,521.24,641.86,120.62,23.14,230.52,35.9,62.5,2019-03-26,2021-02-22,2024-05-22,23,39,150.0,36,36,1,1189,1048.7,60.4,Stage-I,3.9,1,60.52,Low/Plains,0.93,0.87,2026-04-10,OCMS_Historical,Under Implementation,1,1
PAIMANA-SEC_HWY-2019-1511,Greenfield Coastal Corridor Expressway (Jabalpur-Bhopal Phase 2),MoRTH,Ministry of Road Transport and Highways,SEC_HWY,Highways & Expressways,Madhya Pradesh,Central,NHAI,23.3668,78.1239,1484.07,1724.76,240.69,16.22,767.71,44.5,74.6,2019-09-16,2021-12-14,2023-12-13,27,24,150.0,19,19,1,759,375.9,96.8,Approved,9.2,2,404.02,Low/Plains,0.35,0.22,2026-04-10,OCMS_Historical,Under Implementation,1,1
PAIMANA-SEC_PWR_GEN-2015-1512,Ultra Mega Supercritical Thermal Power Project (7x800 MW) at Indore,MoP,Ministry of Power,SEC_PWR_GEN,Thermal & Hydro Power Generation,Madhya Pradesh,Central,NTPC,22.5497,78.2264,1094.31,1131.01,36.7,3.35,706.02,62.4,100.0,2015-12-23,2017-12-21,2017-12-21,24,0,150.0,36,36,0,0,619.0,82.5,Stage-II Pending,9.4,0,0.0,Low/Plains,0.38,0.32,2026-04-10,OCMS_Historical,Commissioned,0,0
PAIMANA-SEC_METRO-2015-1513,Urban Light Rail Transit / MetroLite System for Tirupati Smart City,MoHUA,Ministry of Housing and Urban Affairs,SEC_METRO,Metro Rail & Urban Transit,Andhra Pradesh,South,Metro Rail Corp,15.5,80.1974,914.71,1184.23,269.52,29.47,459.41,38.8,64.5,2015-01-19,2017-09-17,2021-08-15,32,47,150.0,21,21,1,1442,1565.0,64.7,Stage-II Pending,8.0,3,379.32,Low/Plains,0.11,0.2,2026-04-10,OCMS_Historical,Under Implementation,1,1
PAIMANA-SEC_RLY-2023-1514,New Broad Gauge Rail Link Nagpur to Thane with Major Bridges,MoR,Ministry of Railways,SEC_RLY,Railways & High-Speed Rail,Maharashtra,West,RVNL,20.3192,75.7397,484.65,621.89,137.24,28.32,254.07,40.9,66.7,2023-03-17,2024-11-14,2027-03-15,20,28,150.0,12,12,1,860,505.4,71.2,Approved,9.7,2,629.72,Moderate/Plateau,0.39,0.83,2026-04-10,PAIMANA_Live,Under Implementation,1,1
PAIMANA-SEC_PWR_GEN-2017-1515,Pumped Storage Hydroelectric Power Facility (38 MW) in Jodhpur,MoP,Ministry of Power,SEC_PWR_GEN,Thermal & Hydro Power Generation,Rajasthan,North,NHPC,26.5539,73.7113,663.6,784.34,120.74,18.19,382.23,48.7,74.5,2017-07-20,2019-01-18,2020-01-17,18,12,150.0,26,26,1,375,224.5,81.4,Stage-I,7.3,0,0.0,High/Himalayan/Riverine,0.94,0.77,2026-04-10,OCMS_Historical,Under Implementation,1,1
PAIMANA-SEC_HEAVY-2019-1516,Heavy Electrical Equipment & Gas Turbine Manufacturing Facility at Udhampur,MHI,Ministry of Heavy Industries,SEC_HEAVY,Heavy Engineering & Capital Goods,Jammu & Kashmir,North,BHEL,33.2802,76.6603,2352.49,2497.2,144.71,6.15,1617.79,64.8,100.0,2019-01-08,2022-04-07,2022-04-07,39,0,150.0,22,22,0,0,767.2,90.7,Approved,4.9,0,0.0,Low/Plains,0.23,0.66,2026-04-10,OCMS_Historical,Commissioned,0,0
PAIMANA-SEC_RLY-2023-1517,Modern Multimodal Railway Terminal & Station Redevelopment at Kozhikode,MoR,Ministry of Railways,SEC_RLY,Railways & High-Speed Rail,Kerala,South,RLDA,11.0601,76.0687,1847.3,2346.85,499.55,27.04,1019.06,43.4,71.5,2023-08-02,2025-10-30,2028-02-28,27,28,120.4,32,32,1,847,931.3,56.5,Approved,4.5,0,0.0,High/Himalayan/Riverine,0.6,0.59,2026-04-10,PAIMANA_Live,Under Implementation,1,1
PAIMANA-SEC_MINE-2015-1518,Strategic Rare Earth & Bauxite Mining Complex at Tirupati,MoMines,Ministry of Mines,SEC_MINE,Strategic Mineral Extraction,Andhra Pradesh,South,NALCO,15.4248,80.0022,453.47,478.62,25.15,5.55,311.85,65.2,100.0,2015-09-26,2017-04-25,2017-04-25,19,0,150.0,13,13,0,0,106.1,79.7,Approved,4.7,0,0.0,Moderate/Plateau,0.8,0.47,2026-04-10,OCMS_Historical,Commissioned,0,0
PAIMANA-SEC_COAL-2016-1519,Mechanized Coal Washery & Pithead Rail Dispatch Facility (Ramagundam),MoCoal,Ministry of Coal,SEC_COAL,Coal Mining & Washeries,Telangana,South,BCCL,18.5395,78.9364,1261.39,1306.69,45.3,3.59,867.29,66.4,100.0,2016-12-06,2020-02-04,2020-02-04,38,0,150.0,45,45,0,0,472.1,80.6,Approved,4.9,0,0.0,Low/Plains,0.32,0.23,2026-04-10,OCMS_Historical,Commissioned,0,0
PAIMANA-SEC_SMART-2020-1520,Industrial Smart City & Integrated Manufacturing Node at Visakhapatnam,MoHUA,Ministry of Housing and Urban Affairs,SEC_SMART,Smart Cities & Industrial Corridors,Andhra Pradesh,South,NICDC,16.4338,79.3338,2343.56,2814.56,471.0,20.1,1167.65,41.5,68.7,2020-04-07,2022-12-05,2025-03-04,32,27,150.0,21,21,1,846,214.9,71.0,Approved,9.1,1,39.44,Moderate/Plateau,0.52,0.79,2026-04-10,PAIMANA_Live,Under Implementation,1,1
PAIMANA-SEC_PORT-2023-1521,LNG Import Terminal & Marine Jetty Infrastructure at Gaya,MoPSW,"Ministry of Ports, Shipping and Waterways",SEC_PORT,Major Ports & Maritime Channels,Bihar,East,Petronet,25.5269,85.1942,235.02,298.17,63.15,26.87,116.97,39.2,65.0,2023-06-12,2024-12-10,2027-09-09,18,33,150.0,16,16,1,1005,1788.6,94.6,Approved,4.0,1,205.0,Low/Plains,0.13,0.53,2026-04-10,PAIMANA_Live,Under Implementation,1,1
PAIMANA-SEC_HEAVY-2016-1522,Heavy Electrical Equipment & Gas Turbine Manufacturing Facility at Kalaburagi,MHI,Ministry of Heavy Industries,SEC_HEAVY,Heavy Engineering & Capital Goods,Karnataka,South,BHEL,15.741,75.4627,1923.3,2025.66,102.36,5.32,1286.18,63.5,100.0,2016-08-12,2020-03-11,2020-03-11,43,0,150.0,32,32,0,0,1143.6,76.1,Approved,9.1,0,0.0,Low/Plains,0.78,0.49,2026-04-10,OCMS_Historical,Commissioned,0,0
PAIMANA-SEC_REN-2023-1523,Ultra Mega Solar Park (54 MW) with Battery Storage at Salem,MNRE,Ministry of New and Renewable Energy,SEC_REN,Solar & Renewable Green Energy,Tamil Nadu,South,SECI,11.449,78.2963,611.62,708.21,96.59,15.79,317.84,44.9,66.7,2023-07-28,2025-01-25,2026-11-24,18,22,150.0,26,26,1,667,1627.4,65.3,Approved,9.2,0,0.0,Low/Plains,0.52,0.52,2026-04-10,PAIMANA_Live,Under Implementation,1,1
PAIMANA-SEC_STEEL-2015-1524,Integrated Steel Plant Modernization & Pelletization Unit at Gorakhpur,MoSteel,Ministry of Steel,SEC_STEEL,Steel Plants & Metallurgy Units,Uttar Pradesh,North,SAIL,26.2843,81.0675,1973.72,2057.7,83.98,4.25,1277.42,62.1,100.0,2015-06-11,2018-12-08,2018-12-08,42,0,150.0,25,25,0,0,948.0,82.9,Approved,7.3,1,242.57,Moderate/Plateau,0.43,0.46,2026-04-10,OCMS_Historical,Commissioned,0,0
PAIMANA-SEC_ATOM-2014-1525,Pressurized Heavy Water Reactor Nuclear Power Unit (55x700 MWe) at Vijayawada,DAE,Department of Atomic Energy,SEC_ATOM,Atomic Energy & Nuclear Power,Andhra Pradesh,South,NPCIL,15.411,80.1885,555.86,718.37,162.51,29.24,289.66,40.3,69.3,2014-06-26,2016-11-23,2019-10-23,29,35,150.0,42,42,1,1095,1536.0,66.9,Approved,3.3,2,182.02,High/Himalayan/Riverine,0.71,0.73,2026-04-10,OCMS_Historical,Under Implementation,1,1
PAIMANA-SEC_IRR-2020-1526,National River Interlinking Canal & Barrage System (Madurai-Coimbatore),DoWR,"Department of Water Resources, RD & GR",SEC_IRR,National River Link & Irrigation,Tamil Nadu,South,NWDA,11.0977,78.8835,206.64,222.22,15.58,7.54,141.14,63.5,100.0,2020-09-07,2022-06-07,2022-06-07,21,0,150.0,23,23,0,0,962.2,78.3,Approved,8.4,0,0.0,Moderate/Plateau,0.93,0.43,2026-04-10,PAIMANA_Live,Commissioned,0,0
PAIMANA-SEC_REN-2020-1527,Ultra Mega Solar Park (22 MW) with Battery Storage at Kharagpur,MNRE,Ministry of New and Renewable Energy,SEC_REN,Solar & Renewable Green Energy,West Bengal,East,SECI,22.9861,87.6347,244.56,311.49,66.93,27.37,142.06,45.6,77.1,2020-06-23,2023-01-21,2024-10-20,31,21,150.0,36,36,1,661,1636.1,67.7,Approved,7.7,1,338.29,Low/Plains,0.12,0.58,2026-04-10,PAIMANA_Live,Under Implementation,1,1
PAIMANA-SEC_SMART-2020-1528,Industrial Smart City & Integrated Manufacturing Node at Bongaigaon,MoHUA,Ministry of Housing and Urban Affairs,SEC_SMART,Smart Cities & Industrial Corridors,Assam,North-East,NICDC,26.4363,93.2669,1201.45,1278.56,77.11,6.42,826.23,64.6,100.0,2020-05-17,2022-02-14,2022-02-14,21,0,150.0,40,40,0,0,389.0,96.0,Approved,8.5,1,273.99,Moderate/Plateau,0.81,0.39,2026-04-10,PAIMANA_Live,Commissioned,0,0
PAIMANA-SEC_HEAVY-2020-1529,Heavy Machine Tools & Engineering Foundry Unit in Chennai,MHI,Ministry of Heavy Industries,SEC_HEAVY,Heavy Engineering & Capital Goods,Tamil Nadu,South,HMT,11.1261,79.2558,1469.01,1489.77,20.76,1.41,980.98,65.8,100.0,2020-04-12,2022-09-10,2022-09-10,29,0,150.0,24,24,0,0,882.2,84.4,Stage-I,9.7,0,0.0,Low/Plains,0.13,0.48,2026-04-10,PAIMANA_Live,Commissioned,0,0
PAIMANA-SEC_WATER-2020-1530,Comprehensive Sewage Treatment & River Cleaning Mission at Aurangabad,MoHUA,Ministry of Housing and Urban Affairs,SEC_WATER,Water Supply & Urban Sanitation,Maharashtra,West,NMCG,19.9778,75.6389,486.14,643.55,157.41,32.38,247.16,38.4,67.4,2020-06-12,2023-02-09,2025-10-08,32,32,150.0,39,39,1,1004,1078.8,85.5,Stage-I,7.6,3,872.2,Low/Plains,0.5,0.48,2026-04-10,PAIMANA_Live,Under Implementation,1,1
PAIMANA-SEC_AIR-2023-1531,Air Cargo Hub & Aircraft Maintenance Repair Overhaul (MRO) at Singrauli,MoCA,Ministry of Civil Aviation,SEC_AIR,Regional & Greenfield Airports,Madhya Pradesh,Central,AAI,22.6276,78.9892,2105.42,2513.53,408.11,19.38,1126.93,44.8,71.5,2023-02-03,2025-09-02,2028-05-01,31,32,123.9,17,17,1,976,722.3,82.6,Approved,7.3,2,271.51,Low/Plains,0.45,0.46,2026-04-10,PAIMANA_Live,Under Implementation,1,1
PAIMANA-SEC_HEALTH-2020-1532,All India Institute of Medical Sciences (AIIMS) 750-Bed Super-Specialty Campus at Gurugram,MoHFW,Ministry of Health and Family Welfare,SEC_HEALTH,AIIMS & Super-Specialty Medical Infra,Haryana,North,MoHFW/HSCC,29.5143,75.803,236.79,292.63,55.84,23.58,138.94,47.5,74.9,2020-02-07,2022-06-07,2024-06-05,28,24,150.0,19,19,1,763,240.7,89.6,Approved,6.6,0,0.0,High/Himalayan/Riverine,0.51,0.88,2026-04-10,PAIMANA_Live,Under Implementation,1,1
PAIMANA-SEC_WATER-2017-1533,Urban 24x7 Water Supply & Advanced Smart Grid Pipeline in Belagavi,MoHUA,Ministry of Housing and Urban Affairs,SEC_WATER,Water Supply & Urban Sanitation,Karnataka,South,Jal Nigam,15.2322,76.2412,1077.97,1211.05,133.08,12.35,533.98,44.1,69.7,2017-01-14,2018-10-14,2020-04-13,21,18,150.0,12,12,1,546,129.6,76.4,Stage-I,9.2,0,0.0,Low/Plains,0.93,0.4,2026-04-10,OCMS_Historical,Under Implementation,1,1
PAIMANA-SEC_ATOM-2016-1534,Fast Breeder Reactor & Reprocessing Facility at Thane,DAE,Department of Atomic Energy,SEC_ATOM,Atomic Energy & Nuclear Power,Maharashtra,West,BHAVINI,19.396,75.2258,363.27,429.52,66.25,18.24,185.85,43.3,70.3,2016-07-11,2019-01-09,2021-01-07,30,24,150.0,22,22,1,737,1291.2,13.0,Approved,6.8,0,0.0,Low/Plains,0.27,0.37,2026-04-10,OCMS_Historical,Under Implementation,1,1
PAIMANA-SEC_WATER-2014-1535,Urban 24x7 Water Supply & Advanced Smart Grid Pipeline in Tuticorin,MoHUA,Ministry of Housing and Urban Affairs,SEC_WATER,Water Supply & Urban Sanitation,Tamil Nadu,South,Jal Nigam,10.7597,79.0654,617.92,712.34,94.42,15.28,346.95,48.7,77.7,2014-11-25,2017-09-23,2019-08-23,34,23,150.0,21,21,1,676,909.9,74.0,Stage-I,4.3,1,98.77,Low/Plains,0.4,0.8,2026-04-10,OCMS_Historical,Under Implementation,1,1
PAIMANA-SEC_ATOM-2018-1536,Pressurized Heavy Water Reactor Nuclear Power Unit (67x700 MWe) at Asansol,DAE,Department of Atomic Energy,SEC_ATOM,Atomic Energy & Nuclear Power,West Bengal,East,NPCIL,23.4003,88.3503,1200.67,1358.6,157.93,13.15,662.93,48.8,81.1,2018-11-02,2021-04-01,2022-05-01,29,13,150.0,17,17,1,382,298.6,70.2,Exempted,6.6,0,0.0,Moderate/Plateau,0.19,0.77,2026-04-10,OCMS_Historical,Under Implementation,1,1
PAIMANA-SEC_COAL-2020-1537,Open Cast Coal Mining Project (26 MTPA) with High-Capacity Conveyors at Nashik,MoCoal,Ministry of Coal,SEC_COAL,Coal Mining & Washeries,Maharashtra,West,CIL,19.9431,75.8714,506.85,598.7,91.85,18.12,247.6,41.4,64.5,2020-02-16,2021-08-16,2023-09-15,18,25,150.0,38,38,1,778,1425.8,77.8,Stage-II Pending,9.5,2,31.43,Low/Plains,0.8,0.46,2026-04-10,PAIMANA_Live,Under Implementation,1,1
PAIMANA-SEC_RLY-2015-1538,New Broad Gauge Rail Link Haldia to Kharagpur with Major Bridges,MoR,Ministry of Railways,SEC_RLY,Railways & High-Speed Rail,West Bengal,East,RVNL,23.4651,87.2904,796.54,987.65,191.11,23.99,403.41,40.8,66.1,2015-06-12,2018-03-11,2021-02-07,33,35,150.0,46,46,1,1094,688.8,88.6,Stage-II Pending,8.3,1,252.19,Low/Plains,0.83,0.83,2026-04-10,OCMS_Historical,Under Implementation,1,1
PAIMANA-SEC_PWR_GEN-2017-1539,Pumped Storage Hydroelectric Power Facility (28 MW) in Noida,MoP,Ministry of Power,SEC_PWR_GEN,Thermal & Hydro Power Generation,Uttar Pradesh,North,NHPC,26.5468,80.5837,2985.69,3459.15,473.46,15.86,1748.24,50.5,80.7,2017-02-24,2020-05-24,2022-02-21,39,21,150.0,29,29,1,637,1757.3,37.2,Approved,8.1,0,0.0,Moderate/Plateau,0.52,0.32,2026-04-10,OCMS_Historical,Under Implementation,1,1
PAIMANA-SEC_PORT-2020-1540,LNG Import Terminal & Marine Jetty Infrastructure at Noida,MoPSW,"Ministry of Ports, Shipping and Waterways",SEC_PORT,Major Ports & Maritime Channels,Uttar Pradesh,North,Petronet,26.4864,80.7697,663.52,795.39,131.87,19.87,398.39,50.1,78.1,2020-02-19,2023-01-18,2025-02-16,35,25,150.0,31,31,1,762,392.4,88.1,Approved,4.2,1,278.04,Low/Plains,0.35,0.86,2026-04-10,PAIMANA_Live,Under Implementation,1,1
PAIMANA-SEC_INLAND-2015-1541,National Waterway NW-45 Multimodal Navigation Terminal at Nizamabad,MoPSW,"Ministry of Ports, Shipping and Waterways",SEC_INLAND,National Waterways & River Ports,Telangana,South,IWAI,18.0277,78.6424,2538.97,2969.61,430.64,16.96,1472.38,49.6,74.0,2015-08-06,2018-05-05,2020-11-02,33,30,150.0,44,44,1,923,193.9,91.3,Approved,5.4,1,296.55,Low/Plains,0.81,0.27,2026-04-10,OCMS_Historical,Under Implementation,1,1
PAIMANA-SEC_METRO-2015-1542,Regional Rapid Transit System (RRTS) Semi High-Speed Line (Kanpur-Prayagraj),MoHUA,Ministry of Housing and Urban Affairs,SEC_METRO,Metro Rail & Urban Transit,Uttar Pradesh,North,NCRTC,26.587,80.6008,392.44,467.26,74.82,19.07,199.95,42.8,70.4,2015-04-22,2017-06-20,2019-05-20,26,23,150.0,35,35,1,675,195.1,70.2,Approved,6.5,0,0.0,High/Himalayan/Riverine,0.75,0.8,2026-04-10,OCMS_Historical,Under Implementation,1,1
PAIMANA-SEC_COAL-2015-1543,Open Cast Coal Mining Project (19 MTPA) with High-Capacity Conveyors at Salem,MoCoal,Ministry of Coal,SEC_COAL,Coal Mining & Washeries,Tamil Nadu,South,CIL,10.676,78.2623,1898.69,2197.72,299.03,15.75,952.87,43.4,73.6,2015-09-09,2018-02-06,2020-05-06,29,27,150.0,48,48,1,815,1303.2,82.9,Stage-I,9.5,2,634.94,Moderate/Plateau,0.49,0.38,2026-04-10,OCMS_Historical,Under Implementation,1,1
PAIMANA-SEC_STEEL-2023-1544,Integrated Steel Plant Modernization & Pelletization Unit at Aurangabad,MoSteel,Ministry of Steel,SEC_STEEL,Steel Plants & Metallurgy Units,Maharashtra,West,SAIL,19.7154,76.1097,4514.71,5137.52,622.81,13.8,1031.24,20.1,35.7,2023-07-08,2029-01-03,2030-02-02,66,13,50.4,13,6,4,393,967.0,85.1,Approved,5.6,0,0.0,Moderate/Plateau,0.55,0.6,2026-04-10,PAIMANA_Live,Under Implementation,1,1
PAIMANA-SEC_WATER-2018-1545,Comprehensive Sewage Treatment & River Cleaning Mission at Jorhat,MoHUA,Ministry of Housing and Urban Affairs,SEC_WATER,Water Supply & Urban Sanitation,Assam,North-East,NMCG,25.658,92.3501,157.0,180.95,23.95,15.25,84.31,46.6,68.4,2018-05-11,2020-05-09,2022-02-06,24,21,150.0,37,37,1,654,281.4,96.1,Approved,5.5,0,0.0,High/Himalayan/Riverine,0.31,0.23,2026-04-10,OCMS_Historical,Under Implementation,1,1
PAIMANA-SEC_PWR_TR-2019-1546,Green Energy Corridor Intra-State Transmission Scheme Phase-1 in Thane,MoP,Ministry of Power,SEC_PWR_TR,Power Transmission & Grid,Maharashtra,West,POWERGRID,20.2881,75.204,538.38,637.42,99.04,18.4,318.41,50.0,75.4,2019-12-24,2022-05-23,2024-06-21,29,25,150.0,26,25,1,787,1689.9,90.0,Approved,4.1,1,70.79,Low/Plains,0.6,0.41,2026-04-10,OCMS_Historical,Under Implementation,1,1
PAIMANA-SEC_STEEL-2023-1547,Specialty Alloy & Hot Rolled Coil Expansion Facility at Nashik,MoSteel,Ministry of Steel,SEC_STEEL,Steel Plants & Metallurgy Units,Maharashtra,West,RINL,19.725,75.702,1985.9,2320.29,334.39,16.84,1077.77,46.4,69.7,2023-07-09,2026-03-07,2028-01-04,32,22,104.0,20,17,1,665,96.1,58.8,Approved,6.6,1,106.62,Low/Plains,0.57,0.43,2026-04-10,PAIMANA_Live,Under Implementation,1,1
PAIMANA-SEC_PORT-2019-1548,LNG Import Terminal & Marine Jetty Infrastructure at Angul,MoPSW,"Ministry of Ports, Shipping and Waterways",SEC_PORT,Major Ports & Maritime Channels,Odisha,East,Petronet,20.424,84.5143,946.45,1185.06,238.61,25.21,503.31,42.5,67.8,2019-12-16,2022-02-13,2024-09-12,26,31,150.0,17,17,1,937,914.7,51.4,Approved,7.7,2,319.62,Low/Plains,0.75,0.61,2026-04-10,OCMS_Historical,Under Implementation,1,1
PAIMANA-SEC_COAL-2021-1549,Open Cast Coal Mining Project (53 MTPA) with High-Capacity Conveyors at Anantnag,MoCoal,Ministry of Coal,SEC_COAL,Coal Mining & Washeries,Jammu & Kashmir,North,CIL,34.3483,77.0176,1633.03,2016.58,383.55,23.49,944.36,46.8,74.7,2021-07-07,2024-11-04,2027-12-03,40,37,143.3,18,18,1,1143,103.9,80.3,Approved,3.8,1,175.48,Low/Plains,0.62,0.72,2026-04-10,PAIMANA_Live,Under Implementation,1,1
PAIMANA-SEC_MINE-2017-1550,Strategic Rare Earth & Bauxite Mining Complex at Srinagar,MoMines,Ministry of Mines,SEC_MINE,Strategic Mineral Extraction,Jammu & Kashmir,North,NALCO,33.9725,76.5194,646.66,774.85,128.19,19.82,294.22,38.0,65.0,2017-07-07,2019-02-04,2021-04-04,19,26,150.0,29,29,1,774,766.6,81.5,Approved,5.9,1,210.43,High/Himalayan/Riverine,0.53,0.27,2026-04-10,OCMS_Historical,Under Implementation,1,1
PAIMANA-SEC_PORT-2015-1551,Port Connectivity Dedicated Rail-Sea Multimodal Corridor at Ahmedabad,MoPSW,"Ministry of Ports, Shipping and Waterways",SEC_PORT,Major Ports & Maritime Channels,Gujarat,West,Sagarmala Dev,21.886,70.8044,1246.22,1497.94,251.72,20.2,645.28,43.1,70.7,2015-09-03,2018-05-02,2020-08-30,32,28,150.0,39,39,1,857,1749.8,75.1,Exempted,7.1,1,298.22,Low/Plains,0.4,0.83,2026-04-10,OCMS_Historical,Under Implementation,1,1
PAIMANA-SEC_PORT-2022-1552,Greenfield Deep-Water Major Port & Container Terminal Phase-1 at National Corridor,MoPSW,"Ministry of Ports, Shipping and Waterways",SEC_PORT,Major Ports & Maritime Channels,Multi-State / National,National,Port Authority,21.6718,79.1443,990.01,1077.11,87.1,8.8,585.48,54.4,89.3,2022-10-16,2025-09-14,2026-08-14,35,11,120.0,39,33,6,330,1628.2,86.2,Approved,6.9,0,0.0,Low/Plains,0.86,0.76,2026-04-10,PAIMANA_Live,Nearing Completion,0,1
PAIMANA-SEC_ATOM-2020-1553,Pressurized Heavy Water Reactor Nuclear Power Unit (98x700 MWe) at Ranchi,DAE,Department of Atomic Energy,SEC_ATOM,Atomic Energy & Nuclear Power,Jharkhand,East,NPCIL,23.3766,85.7679,3480.74,3979.99,499.25,14.34,2094.27,52.6,85.6,2020-07-04,2024-05-02,2025-08-31,46,16,150.0,29,29,1,487,1145.2,71.6,Approved,7.2,0,0.0,Low/Plains,0.28,0.66,2026-04-10,PAIMANA_Live,Nearing Completion,1,1
PAIMANA-SEC_METRO-2016-1554,Metro Rail Project Phase-3 (Elevated & Underground Corridor Hubballi-Bengaluru),MoHUA,Ministry of Housing and Urban Affairs,SEC_METRO,Metro Rail & Urban Transit,Karnataka,South,Metro Rail Corp,15.4171,75.6999,1461.63,1700.68,239.05,16.36,722.14,42.5,72.6,2016-06-22,2018-07-22,2020-06-20,25,23,150.0,22,22,1,675,413.6,72.0,Approved,8.2,0,0.0,Low/Plains,0.53,0.85,2026-04-10,OCMS_Historical,Under Implementation,1,1
PAIMANA-SEC_METRO-2021-1555,Urban Light Rail Transit / MetroLite System for Varanasi Smart City,MoHUA,Ministry of Housing and Urban Affairs,SEC_METRO,Metro Rail & Urban Transit,Uttar Pradesh,North,Metro Rail Corp,27.1285,81.534,1581.82,1913.88,332.06,20.99,837.98,43.8,67.7,2021-02-02,2023-02-01,2025-06-01,24,28,150.0,48,48,1,858,352.4,73.4,Exempted,7.5,2,381.89,Low/Plains,0.55,0.59,2026-04-10,PAIMANA_Live,Under Implementation,1,1
PAIMANA-SEC_PORT-2021-1556,Greenfield Deep-Water Major Port & Container Terminal Phase-1 at Tiruchirappalli,MoPSW,"Ministry of Ports, Shipping and Waterways",SEC_PORT,Major Ports & Maritime Channels,Tamil Nadu,South,Port Authority,11.7015,79.0844,776.13,942.02,165.89,21.37,436.7,46.4,71.1,2021-05-12,2024-01-09,2026-07-09,32,30,150.0,12,12,1,942,694.5,68.8,Stage-I,5.0,1,314.59,Low/Plains,0.9,0.35,2026-04-10,PAIMANA_Live,Under Implementation,1,1
PAIMANA-SEC_SMART-2016-1557,Special Investment Region Trunk Infrastructure & Utilities at Srinagar,MoHUA,Ministry of Housing and Urban Affairs,SEC_SMART,Smart Cities & Industrial Corridors,Jammu & Kashmir,North,Dholera/DMIC,33.9928,77.0553,722.26,757.1,34.84,4.82,478.49,63.2,100.0,2016-06-16,2017-12-15,2017-12-15,18,0,150.0,27,27,0,0,1533.4,78.0,Stage-II Pending,7.0,0,0.0,Moderate/Plateau,0.56,0.51,2026-04-10,OCMS_Historical,Commissioned,0,0
PAIMANA-SEC_IRR-2022-1558,Lift Irrigation & Pressurized Piped Distribution Network in Kakinada,DoWR,"Department of Water Resources, RD & GR",SEC_IRR,National River Link & Irrigation,Andhra Pradesh,South,WRD,15.4451,79.15,761.03,977.2,216.17,28.4,388.42,39.7,63.5,2022-03-09,2024-08-06,2027-10-05,29,38,150.0,33,33,1,1144,133.9,39.5,Approved,4.8,1,48.23,High/Himalayan/Riverine,0.28,0.34,2026-04-10,PAIMANA_Live,Under Implementation,1,1
PAIMANA-SEC_SMART-2016-1559,Special Investment Region Trunk Infrastructure & Utilities at Nagpur,MoHUA,Ministry of Housing and Urban Affairs,SEC_SMART,Smart Cities & Industrial Corridors,Maharashtra,West,Dholera/DMIC,19.4123,76.1045,1669.59,1768.8,99.21,5.94,1125.64,63.6,100.0,2016-08-22,2019-01-20,2019-01-20,29,0,150.0,45,45,0,0,1400.7,87.4,Approved,9.5,0,0.0,Low/Plains,0.35,0.52,2026-04-10,OCMS_Historical,Commissioned,0,0
PAIMANA-SEC_PWR_TR-2014-1560,765kV High Voltage Direct Current (HVDC) Inter-Regional Grid (Silchar-Dibrugarh),MoP,Ministry of Power,SEC_PWR_TR,Power Transmission & Grid,Assam,North-East,PGCIL,25.8367,93.0399,769.45,788.6,19.15,2.49,499.08,63.3,100.0,2014-08-10,2016-02-08,2016-02-08,18,0,150.0,39,39,0,0,475.8,80.1,Exempted,6.4,1,139.19,Low/Plains,0.48,0.32,2026-04-10,OCMS_Historical,Commissioned,0,0
PAIMANA-SEC_PET-2018-1561,Strategic Petroleum Reserve Underground Rock Caverns at Nagpur,MoPNG,Ministry of Petroleum and Natural Gas,SEC_PET,Petroleum Pipelines & Refineries,Maharashtra,West,ISPRL,20.2026,76.0792,1511.55,1984.29,472.74,31.28,826.72,41.7,71.9,2018-04-02,2021-06-30,2025-02-26,39,44,150.0,34,34,1,1330,1081.1,51.2,Approved,5.1,3,810.88,High/Himalayan/Riverine,0.13,0.4,2026-04-10,OCMS_Historical,Under Implementation,1,1
PAIMANA-SEC_PWR_GEN-2017-1562,Ultra Mega Supercritical Thermal Power Project (92x800 MW) at Nashik,MoP,Ministry of Power,SEC_PWR_GEN,Thermal & Hydro Power Generation,Maharashtra,West,NTPC,19.5274,76.2358,8243.97,9498.95,1254.98,15.22,5307.89,55.9,88.3,2017-05-05,2024-10-31,2026-09-30,90,23,119.4,47,47,1,694,474.1,72.9,Stage-I,5.8,0,0.0,Low/Plains,0.64,0.45,2026-04-10,OCMS_Historical,Nearing Completion,1,1
PAIMANA-SEC_TEL-2021-1563,BharatNet Rural Optical Fiber Network Phase-3 across Thiruvananthapuram,DoT,Department of Telecommunications,SEC_TEL,Telecommunication & BharatNet Fiber,Kerala,South,BBNL,10.9956,76.751,2625.89,3225.97,600.08,22.85,1485.0,46.0,75.7,2021-06-14,2025-05-12,2028-02-09,47,33,123.7,38,38,1,1033,1118.4,56.0,Approved,4.5,0,0.0,Low/Plains,0.55,0.52,2026-04-10,PAIMANA_Live,Under Implementation,1,1
PAIMANA-SEC_AIR-2014-1564,Regional Airport Modernization & Runway Extension under UDAN at Raipur,MoCA,Ministry of Civil Aviation,SEC_AIR,Regional & Greenfield Airports,Chhattisgarh,Central,AAI,20.7956,81.6148,842.09,885.21,43.12,5.12,579.1,65.4,100.0,2014-07-05,2017-01-02,2017-01-02,30,0,150.0,12,12,0,0,1568.6,75.8,Approved,7.5,0,0.0,Low/Plains,0.74,0.44,2026-04-10,OCMS_Historical,Commissioned,0,0
PAIMANA-SEC_CHEM-2019-1565,Coal-Gasification Based Urea & Fertilizer Complex at Pune,MoCF,Ministry of Chemicals and Fertilizers,SEC_CHEM,Fertilizer Plants & Petrochemicals,Maharashtra,West,FCIL,20.3385,75.1216,3593.06,4087.7,494.64,13.77,2178.49,53.3,84.2,2019-01-04,2023-11-02,2025-03-02,58,16,150.0,44,44,1,498,763.8,68.7,Approved,5.5,0,0.0,Low/Plains,0.69,0.5,2026-04-10,OCMS_Historical,Under Implementation,1,1
PAIMANA-SEC_CHEM-2023-1566,Coal-Gasification Based Urea & Fertilizer Complex at Salem,MoCF,Ministry of Chemicals and Fertilizers,SEC_CHEM,Fertilizer Plants & Petrochemicals,Tamil Nadu,South,FCIL,11.1076,78.2778,778.94,941.22,162.28,20.83,397.09,42.2,64.4,2023-12-07,2025-09-05,2027-11-04,21,26,134.8,16,14,1,780,60.2,64.1,Exempted,6.5,2,503.53,Moderate/Plateau,0.17,0.35,2026-04-10,PAIMANA_Live,Under Implementation,1,1
PAIMANA-SEC_METRO-2022-1567,Regional Rapid Transit System (RRTS) Semi High-Speed Line (Karimnagar-Warangal),MoHUA,Ministry of Housing and Urban Affairs,SEC_METRO,Metro Rail & Urban Transit,Telangana,South,NCRTC,18.3134,79.5702,165.57,185.99,20.42,12.33,91.84,49.4,81.1,2022-05-27,2024-08-24,2025-11-23,27,15,150.0,19,19,1,444,652.8,71.5,Approved,5.4,0,0.0,Moderate/Plateau,0.18,0.45,2026-04-10,PAIMANA_Live,Under Implementation,1,1
PAIMANA-SEC_CHEM-2019-1568,Petrochemical Derivative & Polymer Manufacturing Unit at Mumbai,MoCF,Ministry of Chemicals and Fertilizers,SEC_CHEM,Fertilizer Plants & Petrochemicals,Maharashtra,West,HURL,19.8481,75.1548,440.51,488.92,48.41,10.99,302.94,62.0,100.0,2019-11-09,2022-02-06,2022-02-06,27,0,150.0,36,36,0,0,1699.1,79.9,Stage-I,7.1,1,268.77,Low/Plains,0.81,0.69,2026-04-10,OCMS_Historical,Commissioned,1,0
PAIMANA-SEC_INLAND-2023-1569,Fairway Development & River Ro-Ro Terminal Facility in Anantnag,MoPSW,"Ministry of Ports, Shipping and Waterways",SEC_INLAND,National Waterways & River Ports,Jammu & Kashmir,North,IWAI,33.2535,76.7633,194.1,248.57,54.47,28.06,108.31,43.6,68.3,2023-08-02,2025-07-31,2028-06-29,24,35,135.4,20,20,1,1035,1275.5,79.8,Exempted,4.0,1,184.59,Low/Plains,0.89,0.8,2026-04-10,PAIMANA_Live,Under Implementation,1,1
PAIMANA-SEC_TEL-2023-1570,BharatNet Rural Optical Fiber Network Phase-3 across Salem,DoT,Department of Telecommunications,SEC_TEL,Telecommunication & BharatNet Fiber,Tamil Nadu,South,BBNL,11.3644,78.7635,821.94,995.19,173.25,21.08,435.7,43.8,72.0,2023-06-15,2025-04-13,2027-04-12,22,24,150.0,29,29,1,709,262.8,50.3,Approved,9.1,1,174.21,Moderate/Plateau,0.5,0.81,2026-04-10,PAIMANA_Live,Under Implementation,1,1
PAIMANA-SEC_LOG-2019-1571,Multimodal Logistics Park (MMLP) with Inland Container Depot at Lucknow,MoRTH,Ministry of Road Transport and Highways,SEC_LOG,Multimodal Logistics Parks (MMLP),Uttar Pradesh,North,NHLML,27.3177,81.2532,1168.07,1393.73,225.66,19.32,731.38,52.5,82.6,2019-10-20,2022-07-19,2023-10-18,33,15,150.0,16,16,1,441,1546.8,65.6,Approved,8.4,0,0.0,High/Himalayan/Riverine,0.21,0.77,2026-04-10,OCMS_Historical,Under Implementation,1,1
PAIMANA-SEC_WATER-2015-1572,Urban 24x7 Water Supply & Advanced Smart Grid Pipeline in Tawang,MoHUA,Ministry of Housing and Urban Affairs,SEC_WATER,Water Supply & Urban Sanitation,Arunachal Pradesh,North-East,Jal Nigam,28.8046,94.8163,5643.29,6200.82,557.53,9.88,3440.23,55.5,91.7,2015-01-20,2020-06-18,2021-03-18,65,9,150.0,19,19,1,303,644.2,86.7,Approved,8.2,0,0.0,Low/Plains,0.63,0.61,2026-04-10,OCMS_Historical,Nearing Completion,0,1
PAIMANA-SEC_COAL-2017-1573,Open Cast Coal Mining Project (4 MTPA) with High-Capacity Conveyors at Dehradun,MoCoal,Ministry of Coal,SEC_COAL,Coal Mining & Washeries,Uttarakhand,North,CIL,29.8983,78.9089,1565.86,1773.52,207.66,13.26,838.25,47.3,78.9,2017-05-16,2020-07-14,2022-04-13,38,21,150.0,30,30,1,667,582.2,90.1,Approved,3.7,0,0.0,Moderate/Plateau,0.69,0.24,2026-04-10,OCMS_Historical,Under Implementation,1,1
PAIMANA-SEC_HEALTH-2015-1574,National Centre for Disease Control & Bio-Safety Level 4 Lab at Faridabad,MoHFW,Ministry of Health and Family Welfare,SEC_HEALTH,AIIMS & Super-Specialty Medical Infra,Haryana,North,MoHFW,29.1418,75.6382,932.12,1099.09,166.97,17.91,515.84,46.9,74.4,2015-06-06,2018-05-05,2020-05-03,35,24,150.0,43,43,1,737,189.8,63.9,Approved,4.6,0,0.0,Moderate/Plateau,0.6,0.75,2026-04-10,OCMS_Historical,Under Implementation,1,1
PAIMANA-SEC_MINE-2018-1575,Strategic Rare Earth & Bauxite Mining Complex at Durgapur,MoMines,Ministry of Mines,SEC_MINE,Strategic Mineral Extraction,West Bengal,East,NALCO,23.0281,87.5447,2523.85,2867.83,343.98,13.63,1561.4,54.4,82.3,2018-02-04,2022-01-02,2024-01-01,47,24,150.0,26,26,1,719,770.6,48.1,Approved,7.5,0,0.0,Moderate/Plateau,0.17,0.27,2026-04-10,OCMS_Historical,Under Implementation,1,1
PAIMANA-SEC_MINE-2023-1576,Copper Ore Underground Mine Expansion Project in Asansol,MoMines,Ministry of Mines,SEC_MINE,Strategic Mineral Extraction,West Bengal,East,HCL,22.5539,87.9115,157.0,206.36,49.36,31.44,84.78,41.1,73.3,2023-09-10,2025-10-09,2027-11-08,25,25,124.7,15,14,1,794,531.1,95.2,Stage-I,4.6,2,311.59,Low/Plains,0.84,0.8,2026-04-10,PAIMANA_Live,Under Implementation,1,1
PAIMANA-SEC_STEEL-2014-1577,Integrated Steel Plant Modernization & Pelletization Unit at Chennai,MoSteel,Ministry of Steel,SEC_STEEL,Steel Plants & Metallurgy Units,Tamil Nadu,South,SAIL,10.8517,78.107,1435.75,1519.51,83.76,5.83,937.14,61.7,100.0,2014-04-16,2016-05-15,2016-05-15,25,0,150.0,48,48,0,0,1406.5,84.3,Approved,5.3,0,0.0,Low/Plains,0.89,0.36,2026-04-10,OCMS_Historical,Commissioned,0,0
PAIMANA-SEC_RLY-2021-1578,Railway Doubling & Electrification of Ayodhya-Prayagraj Section (10 km),MoR,Ministry of Railways,SEC_RLY,Railways & High-Speed Rail,Uttar Pradesh,North,CORE,26.7112,80.7989,2387.32,2755.04,367.72,15.4,1459.3,53.0,80.7,2021-09-08,2025-03-07,2026-06-06,42,15,131.7,39,36,1,494,1400.2,71.4,Approved,8.8,0,0.0,Moderate/Plateau,0.4,0.82,2026-04-10,PAIMANA_Live,Under Implementation,1,1
PAIMANA-SEC_PWR_GEN-2020-1579,Subansiri/Tehri Stage-II Hydroelectric Dam & Powerhouse (Gorakhpur),MoP,Ministry of Power,SEC_PWR_GEN,Thermal & Hydro Power Generation,Uttar Pradesh,North,SJVN,27.1437,81.4122,281.73,343.0,61.27,21.75,153.33,44.7,77.1,2020-12-14,2023-07-14,2024-11-11,31,16,150.0,20,20,1,487,1059.6,84.0,Approved,7.6,1,165.12,High/Himalayan/Riverine,0.73,0.52,2026-04-10,PAIMANA_Live,Under Implementation,1,1
PAIMANA-SEC_HEALTH-2023-1580,National Centre for Disease Control & Bio-Safety Level 4 Lab at Darbhanga,MoHFW,Ministry of Health and Family Welfare,SEC_HEALTH,AIIMS & Super-Specialty Medical Infra,Bihar,East,MoHFW,25.2852,85.501,3402.18,3973.09,570.91,16.78,1531.76,38.6,63.1,2023-01-26,2026-04-25,2028-07-23,39,27,99.2,27,22,1,803,1086.3,89.8,Approved,3.5,2,484.52,Moderate/Plateau,0.62,0.79,2026-04-10,PAIMANA_Live,Under Implementation,1,1
PAIMANA-SEC_PET-2018-1581,Integrated Petroleum Refinery Expansion & Polypropylene Unit at Bilaspur,MoPNG,Ministry of Petroleum and Natural Gas,SEC_PET,Petroleum Pipelines & Refineries,Chhattisgarh,Central,IOCL,21.516,81.8702,1583.16,1676.32,93.16,5.88,1066.92,63.6,100.0,2018-09-07,2021-12-05,2021-12-05,39,0,150.0,34,34,0,0,679.0,87.4,Approved,4.1,1,120.45,Low/Plains,0.91,0.65,2026-04-10,OCMS_Historical,Commissioned,0,0
PAIMANA-SEC_RLY-2019-1582,New Broad Gauge Rail Link Gaya to Patna with Major Bridges,MoR,Ministry of Railways,SEC_RLY,Railways & High-Speed Rail,Bihar,East,RVNL,24.5216,85.7167,773.62,908.51,134.89,17.44,431.92,47.5,77.3,2019-07-23,2022-04-21,2024-03-20,33,23,150.0,29,29,1,694,674.7,73.8,Stage-II Pending,9.3,1,326.97,Low/Plains,0.91,0.69,2026-04-10,OCMS_Historical,Under Implementation,1,1
PAIMANA-SEC_PORT-2018-1583,Greenfield Deep-Water Major Port & Container Terminal Phase-1 at Jammu,MoPSW,"Ministry of Ports, Shipping and Waterways",SEC_PORT,Major Ports & Maritime Channels,Jammu & Kashmir,North,Port Authority,33.5444,76.6261,2093.83,2502.11,408.28,19.5,1066.38,42.6,73.3,2018-10-13,2021-11-10,2024-11-08,37,36,150.0,17,17,1,1066,897.8,92.2,Stage-II Pending,3.3,0,0.0,Moderate/Plateau,0.72,0.76,2026-04-10,OCMS_Historical,Under Implementation,1,1
PAIMANA-SEC_TEL-2014-1584,National 5G High-Density Core Network Infrastructure in Haldia,DoT,Department of Telecommunications,SEC_TEL,Telecommunication & BharatNet Fiber,West Bengal,East,BSNL,22.8525,88.1206,9924.53,10615.17,690.64,6.96,6756.87,63.7,100.0,2014-10-25,2023-03-22,2023-03-22,101,0,136.5,28,27,0,0,495.6,76.5,Exempted,7.9,0,0.0,Low/Plains,0.43,0.48,2026-04-10,OCMS_Historical,Commissioned,0,0
PAIMANA-SEC_SMART-2018-1585,Industrial Smart City & Integrated Manufacturing Node at Nashik,MoHUA,Ministry of Housing and Urban Affairs,SEC_SMART,Smart Cities & Industrial Corridors,Maharashtra,West,NICDC,20.111,76.2551,1364.28,1395.27,30.99,2.27,921.67,66.1,100.0,2018-09-15,2021-08-14,2021-08-14,35,0,150.0,48,48,0,0,283.4,76.1,Approved,7.9,1,44.81,Moderate/Plateau,0.79,0.22,2026-04-10,OCMS_Historical,Commissioned,0,0
PAIMANA-SEC_PET-2017-1586,Cross-Country Natural Gas Pipeline Grid (Aurangabad to Mumbai),MoPNG,Ministry of Petroleum and Natural Gas,SEC_PET,Petroleum Pipelines & Refineries,Maharashtra,West,GAIL,20.1686,75.6465,1453.04,1665.22,212.18,14.6,836.31,50.2,76.0,2017-09-10,2020-06-09,2022-06-08,33,24,150.0,48,48,1,722,635.8,91.8,Approved,3.5,0,0.0,Low/Plains,0.33,0.29,2026-04-10,OCMS_Historical,Under Implementation,1,1
PAIMANA-SEC_HWY-2021-1587,Delhi-Mumbai Expressway Package 15 (Pan-India Grid-Inter-State Hub Section),MoRTH,Ministry of Road Transport and Highways,SEC_HWY,Highways & Expressways,Multi-State / National,National,NHAI,22.3192,78.7314,741.9,887.8,145.9,19.67,375.61,42.3,63.6,2021-01-15,2022-07-16,2024-12-13,18,29,150.0,34,34,1,858,626.7,48.6,Stage-II Pending,6.9,0,0.0,High/Himalayan/Riverine,0.78,0.23,2026-04-10,PAIMANA_Live,Under Implementation,1,1
PAIMANA-SEC_CHEM-2016-1588,Petrochemical Derivative & Polymer Manufacturing Unit at Vijayawada,MoCF,Ministry of Chemicals and Fertilizers,SEC_CHEM,Fertilizer Plants & Petrochemicals,Andhra Pradesh,South,HURL,16.4549,80.3304,511.96,548.92,36.96,7.22,352.07,64.1,100.0,2016-04-21,2018-01-19,2018-01-19,21,0,150.0,21,21,0,0,600.4,78.3,Approved,9.0,1,136.33,Moderate/Plateau,0.19,0.75,2026-04-10,OCMS_Historical,Commissioned,0,0
PAIMANA-SEC_PORT-2014-1589,Port Connectivity Dedicated Rail-Sea Multimodal Corridor at Surat,MoPSW,"Ministry of Ports, Shipping and Waterways",SEC_PORT,Major Ports & Maritime Channels,Gujarat,West,Sagarmala Dev,22.429,71.6434,2526.08,2930.11,404.03,15.99,1378.99,47.1,74.6,2014-11-28,2018-06-27,2020-07-26,43,25,150.0,46,46,1,741,1197.6,62.1,Exempted,6.7,1,162.17,Moderate/Plateau,0.27,0.46,2026-04-10,OCMS_Historical,Under Implementation,1,1
PAIMANA-SEC_PWR_GEN-2014-1590,Ultra Mega Supercritical Thermal Power Project (81x800 MW) at Mumbai,MoP,Ministry of Power,SEC_PWR_GEN,Thermal & Hydro Power Generation,Maharashtra,West,NTPC,19.4053,75.4896,508.94,595.11,86.17,16.93,262.18,44.1,73.8,2014-06-20,2016-09-17,2018-12-16,27,27,150.0,33,33,1,855,1314.3,66.8,Stage-I,5.1,0,0.0,Low/Plains,0.24,0.42,2026-04-10,OCMS_Historical,Under Implementation,1,1
PAIMANA-SEC_MINE-2023-1591,Copper Ore Underground Mine Expansion Project in Patna,MoMines,Ministry of Mines,SEC_MINE,Strategic Mineral Extraction,Bihar,East,HCL,25.4539,85.4416,1228.56,1431.71,203.15,16.54,597.97,41.8,64.6,2023-12-12,2026-03-11,2027-09-09,27,18,104.3,36,29,6,571,1775.5,66.8,Stage-II Pending,8.8,0,0.0,Low/Plains,0.45,0.78,2026-04-10,PAIMANA_Live,Under Implementation,1,1
PAIMANA-SEC_SMART-2022-1592,Industrial Smart City & Integrated Manufacturing Node at Anand Vihar,MoHUA,Ministry of Housing and Urban Affairs,SEC_SMART,Smart Cities & Industrial Corridors,Delhi NCR,North,NICDC,29.2532,76.9944,729.12,841.43,112.31,15.4,366.03,43.5,70.3,2022-09-15,2024-12-13,2026-11-12,27,23,150.0,29,29,1,696,364.4,95.9,Stage-II Pending,8.2,0,0.0,Low/Plains,0.28,0.54,2026-04-10,PAIMANA_Live,Under Implementation,1,1
PAIMANA-SEC_PET-2019-1593,Crude Oil Pipeline Augmented Pumping Infrastructure at Patiala,MoPNG,Ministry of Petroleum and Natural Gas,SEC_PET,Petroleum Pipelines & Refineries,Punjab,North,HPCL,31.2488,74.907,1809.2,2030.34,221.14,12.22,1244.17,61.3,100.0,2019-09-17,2022-01-15,2022-01-15,28,0,150.0,35,35,0,0,1306.5,80.5,Approved,9.6,1,25.31,High/Himalayan/Riverine,0.87,0.76,2026-04-10,OCMS_Historical,Commissioned,1,0
PAIMANA-SEC_PORT-2018-1594,Greenfield Deep-Water Major Port & Container Terminal Phase-1 at Gaya,MoPSW,"Ministry of Ports, Shipping and Waterways",SEC_PORT,Major Ports & Maritime Channels,Bihar,East,Port Authority,24.8122,85.3786,1575.91,1900.47,324.56,20.6,769.88,40.5,68.4,2018-06-11,2020-09-08,2023-03-09,27,30,150.0,17,17,1,921,1782.8,93.0,Approved,4.2,0,0.0,Low/Plains,0.33,0.78,2026-04-10,OCMS_Historical,Under Implementation,1,1
PAIMANA-SEC_CHEM-2015-1595,Coal-Gasification Based Urea & Fertilizer Complex at Guntur,MoCF,Ministry of Chemicals and Fertilizers,SEC_CHEM,Fertilizer Plants & Petrochemicals,Andhra Pradesh,South,FCIL,15.665,79.5442,3075.64,3536.08,460.44,14.97,1669.12,47.2,75.9,2015-03-28,2018-04-25,2020-05-24,37,25,150.0,39,39,1,743,1697.0,67.8,Stage-II Pending,9.2,1,91.49,Low/Plains,0.43,0.3,2026-04-10,OCMS_Historical,Under Implementation,1,1
PAIMANA-SEC_STEEL-2023-1596,Integrated Steel Plant Modernization & Pelletization Unit at Bhagalpur,MoSteel,Ministry of Steel,SEC_STEEL,Steel Plants & Metallurgy Units,Bihar,East,SAIL,25.5708,85.4254,707.04,810.03,102.99,14.57,360.69,44.5,66.5,2023-10-20,2025-06-19,2027-06-18,20,24,149.3,14,14,1,763,127.0,74.2,Approved,6.1,0,0.0,Moderate/Plateau,0.88,0.49,2026-04-10,PAIMANA_Live,Under Implementation,1,1
PAIMANA-SEC_TEL-2021-1597,National 5G High-Density Core Network Infrastructure in Karimnagar,DoT,Department of Telecommunications,SEC_TEL,Telecommunication & BharatNet Fiber,Telangana,South,BSNL,18.4212,79.5635,888.23,1024.21,135.98,15.31,481.27,47.0,73.7,2021-07-11,2024-04-09,2026-03-09,33,23,150.0,23,23,1,689,1699.9,44.8,Approved,7.3,0,0.0,Low/Plains,0.84,0.52,2026-04-10,PAIMANA_Live,Under Implementation,1,1
PAIMANA-SEC_RLY-2017-1598,Railway Doubling & Electrification of Madurai-Salem Section (25 km),MoR,Ministry of Railways,SEC_RLY,Railways & High-Speed Rail,Tamil Nadu,South,CORE,10.8733,79.1581,452.95,478.85,25.9,5.72,300.1,62.7,100.0,2017-07-17,2019-06-16,2019-06-16,23,0,150.0,48,48,0,0,1579.9,86.5,Approved,5.5,0,0.0,Low/Plains,0.71,0.83,2026-04-10,OCMS_Historical,Commissioned,0,0
PAIMANA-SEC_HEAVY-2015-1599,Heavy Electrical Equipment & Gas Turbine Manufacturing Facility at Kandla,MHI,Ministry of Heavy Industries,SEC_HEAVY,Heavy Engineering & Capital Goods,Gujarat,West,BHEL,21.9025,71.7226,752.6,905.54,152.94,20.32,392.21,43.3,65.5,2015-04-22,2017-06-20,2020-07-18,26,37,150.0,21,21,1,1096,1716.8,66.5,Approved,5.2,1,161.84,Moderate/Plateau,0.86,0.67,2026-04-10,OCMS_Historical,Under Implementation,1,1
PAIMANA-SEC_LOG-2020-1600,Central Freight Logistics & Cold Chain Infrastructure Hub at New Delhi,MoRTH,Ministry of Road Transport and Highways,SEC_LOG,Multimodal Logistics Parks (MMLP),Delhi NCR,North,CONCOR,29.1415,77.6942,1642.61,1768.64,126.03,7.67,1129.61,63.9,100.0,2020-12-15,2024-05-14,2024-05-14,41,0,150.0,20,20,0,0,512.9,76.6,Approved,5.2,0,0.0,High/Himalayan/Riverine,0.75,0.38,2026-04-10,PAIMANA_Live,Commissioned,0,0
PAIMANA-SEC_SMART-2015-1601,Special Investment Region Trunk Infrastructure & Utilities at Mokokchung,MoHUA,Ministry of Housing and Urban Affairs,SEC_SMART,Smart Cities & Industrial Corridors,Nagaland,North-East,Dholera/DMIC,26.6772,94.9154,2356.06,2497.42,141.36,6.0,1583.85,63.4,100.0,2015-06-26,2018-02-22,2018-02-22,32,0,150.0,26,26,0,0,64.4,84.2,Approved,5.3,1,259.79,Low/Plains,0.11,0.52,2026-04-10,OCMS_Historical,Commissioned,0,0
PAIMANA-SEC_STEEL-2017-1602,Specialty Alloy & Hot Rolled Coil Expansion Facility at Gaya,MoSteel,Ministry of Steel,SEC_STEEL,Steel Plants & Metallurgy Units,Bihar,East,RINL,25.5471,85.8541,477.97,604.36,126.39,26.44,200.96,33.3,54.4,2017-09-22,2019-03-23,2023-01-19,18,46,150.0,12,12,1,1408,424.6,58.6,Approved,3.5,3,188.0,Moderate/Plateau,0.16,0.28,2026-04-10,OCMS_Historical,Under Implementation,1,1
PAIMANA-SEC_COAL-2014-1603,Mechanized Coal Washery & Pithead Rail Dispatch Facility (Vijayawada),MoCoal,Ministry of Coal,SEC_COAL,Coal Mining & Washeries,Andhra Pradesh,South,BCCL,16.3217,80.19,2622.1,3069.1,447.0,17.05,1657.24,54.0,84.9,2014-07-03,2018-05-31,2019-11-29,47,18,150.0,47,47,1,551,1715.3,60.7,Approved,9.5,1,208.99,Low/Plains,0.14,0.86,2026-04-10,OCMS_Historical,Under Implementation,1,1
PAIMANA-SEC_SMART-2021-1604,Special Investment Region Trunk Infrastructure & Utilities at Gwalior,MoHUA,Ministry of Housing and Urban Affairs,SEC_SMART,Smart Cities & Industrial Corridors,Madhya Pradesh,Central,Dholera/DMIC,22.8832,78.2683,4160.8,4998.83,838.03,20.14,2016.2,40.3,62.0,2021-08-26,2026-05-24,2029-01-20,57,32,97.7,34,33,1,959,250.6,92.5,Approved,4.4,2,300.36,Low/Plains,0.24,0.47,2026-04-10,PAIMANA_Live,Under Implementation,1,1
PAIMANA-SEC_STEEL-2015-1605,Integrated Steel Plant Modernization & Pelletization Unit at Mangaluru,MoSteel,Ministry of Steel,SEC_STEEL,Steel Plants & Metallurgy Units,Karnataka,South,SAIL,14.9754,76.1351,1699.98,1793.89,93.91,5.52,1168.33,65.1,100.0,2015-06-23,2018-07-21,2018-07-21,37,0,150.0,20,20,0,0,1715.3,85.8,Approved,3.2,0,0.0,Moderate/Plateau,0.21,0.28,2026-04-10,OCMS_Historical,Commissioned,0,0
PAIMANA-SEC_WATER-2014-1606,Urban 24x7 Water Supply & Advanced Smart Grid Pipeline in Kozhikode,MoHUA,Ministry of Housing and Urban Affairs,SEC_WATER,Water Supply & Urban Sanitation,Kerala,South,Jal Nigam,10.7877,75.9367,6826.47,8043.37,1216.9,17.83,4472.02,55.6,84.7,2014-09-25,2021-01-21,2023-02-20,76,25,150.0,28,28,1,786,1082.1,56.8,Approved,8.0,0,0.0,Low/Plains,0.88,0.85,2026-04-10,OCMS_Historical,Under Implementation,1,1
PAIMANA-SEC_REN-2022-1607,Green Ammonia & Hydrogen Renewable Energy Island at Silchar,MNRE,Ministry of New and Renewable Energy,SEC_REN,Solar & Renewable Green Energy,Assam,North-East,SECI,26.2432,93.5199,550.32,635.41,85.09,15.46,270.02,42.5,69.0,2022-04-25,2023-11-23,2025-06-22,19,19,150.0,33,33,1,606,807.9,54.1,Approved,4.5,0,0.0,Moderate/Plateau,0.69,0.4,2026-04-10,PAIMANA_Live,Under Implementation,1,1
PAIMANA-SEC_HEALTH-2020-1608,All India Institute of Medical Sciences (AIIMS) 750-Bed Super-Specialty Campus at Mumbai,MoHFW,Ministry of Health and Family Welfare,SEC_HEALTH,AIIMS & Super-Specialty Medical Infra,Maharashtra,West,MoHFW/HSCC,19.629,75.6958,351.84,370.24,18.4,5.23,241.96,65.4,100.0,2020-12-08,2022-11-07,2022-11-07,23,0,150.0,22,22,0,0,1480.7,79.5,Stage-I,7.2,1,100.05,Moderate/Plateau,0.68,0.43,2026-04-10,PAIMANA_Live,Commissioned,0,0
PAIMANA-SEC_REN-2018-1609,Ultra Mega Solar Park (6 MW) with Battery Storage at Noida,MNRE,Ministry of New and Renewable Energy,SEC_REN,Solar & Renewable Green Energy,Uttar Pradesh,North,SECI,26.2644,81.3425,211.84,239.43,27.59,13.02,116.9,48.8,72.5,2018-05-01,2019-12-30,2021-04-29,20,16,150.0,27,27,1,506,842.0,64.2,Approved,7.0,0,0.0,Low/Plains,0.45,0.25,2026-04-10,OCMS_Historical,Under Implementation,1,1
PAIMANA-SEC_HEAVY-2016-1610,Heavy Machine Tools & Engineering Foundry Unit in Bhopal,MHI,Ministry of Heavy Industries,SEC_HEAVY,Heavy Engineering & Capital Goods,Madhya Pradesh,Central,HMT,22.8888,78.3236,4754.51,5636.35,881.84,18.55,2653.17,47.1,77.9,2016-02-24,2021-10-22,2025-02-19,68,40,150.0,37,37,1,1212,584.4,59.5,Stage-I,4.9,3,577.74,Moderate/Plateau,0.41,0.27,2026-04-10,OCMS_Historical,Under Implementation,1,1
PAIMANA-SEC_WATER-2022-1611,Comprehensive Sewage Treatment & River Cleaning Mission at Solapur,MoHUA,Ministry of Housing and Urban Affairs,SEC_WATER,Water Supply & Urban Sanitation,Maharashtra,West,NMCG,20.0769,75.6504,2137.2,2580.76,443.56,20.75,1233.42,47.8,74.4,2022-05-16,2025-07-14,2028-03-12,38,32,123.8,46,46,1,976,881.8,73.0,Stage-II Pending,6.6,0,0.0,Moderate/Plateau,0.77,0.41,2026-04-10,PAIMANA_Live,Under Implementation,1,1
PAIMANA-SEC_CHEM-2023-1612,Coal-Gasification Based Urea & Fertilizer Complex at Coimbatore,MoCF,Ministry of Chemicals and Fertilizers,SEC_CHEM,Fertilizer Plants & Petrochemicals,Tamil Nadu,South,FCIL,11.3947,78.7369,1088.77,1279.8,191.03,17.55,646.42,50.5,80.9,2023-02-21,2025-07-21,2026-06-20,29,11,130.4,33,33,1,350,826.9,83.6,Approved,7.3,0,0.0,High/Himalayan/Riverine,0.19,0.5,2026-04-10,PAIMANA_Live,Under Implementation,1,1
PAIMANA-SEC_METRO-2014-1613,Metro Rail Project Phase-2 (Elevated & Underground Corridor Anantnag-Baramulla),MoHUA,Ministry of Housing and Urban Affairs,SEC_METRO,Metro Rail & Urban Transit,Jammu & Kashmir,North,Metro Rail Corp,34.1318,76.6309,1497.54,1505.42,7.88,0.53,987.97,65.6,100.0,2014-08-09,2017-08-07,2017-08-07,36,0,150.0,31,31,0,0,1571.3,77.0,Stage-I,3.4,0,0.0,Low/Plains,0.83,0.24,2026-04-10,OCMS_Historical,Commissioned,0,0
PAIMANA-SEC_STEEL-2017-1614,Integrated Steel Plant Modernization & Pelletization Unit at National Corridor,MoSteel,Ministry of Steel,SEC_STEEL,Steel Plants & Metallurgy Units,Multi-State / National,National,SAIL,21.4469,78.909,394.02,444.97,50.95,12.93,238.8,53.7,81.6,2017-06-15,2019-12-14,2021-03-14,30,15,150.0,44,44,1,462,807.9,69.0,Approved,8.7,1,145.36,Low/Plains,0.59,0.32,2026-04-10,OCMS_Historical,Under Implementation,1,1
PAIMANA-SEC_REN-2022-1615,Offshore & Onshore Hybrid Wind-Solar Power Hub in Hubballi,MNRE,Ministry of New and Renewable Energy,SEC_REN,Solar & Renewable Green Energy,Karnataka,South,NTPC-REL,15.0655,75.9359,11720.22,13486.64,1766.42,15.07,3223.69,23.9,32.7,2022-08-05,2032-07-31,2034-03-31,120,20,37.0,38,14,4,612,751.6,59.4,Approved,8.4,0,0.0,Low/Plains,0.44,0.39,2026-04-10,PAIMANA_Live,Under Implementation,1,1
PAIMANA-SEC_HEAVY-2019-1616,Heavy Electrical Equipment & Gas Turbine Manufacturing Facility at Rajkot,MHI,Ministry of Heavy Industries,SEC_HEAVY,Heavy Engineering & Capital Goods,Gujarat,West,BHEL,22.0329,70.8176,1297.72,1602.99,305.27,23.52,619.41,38.6,67.9,2019-09-20,2022-03-20,2025-02-16,30,35,150.0,42,42,1,1045,1597.9,72.6,Stage-II Pending,4.3,0,0.0,Low/Plains,0.61,0.8,2026-04-10,OCMS_Historical,Under Implementation,1,1
PAIMANA-SEC_PWR_TR-2022-1617,Green Energy Corridor Intra-State Transmission Scheme Phase-4 in Kochi,MoP,Ministry of Power,SEC_PWR_TR,Power Transmission & Grid,Kerala,South,POWERGRID,11.1257,76.1118,1273.51,1510.54,237.03,18.61,644.37,42.7,69.9,2022-08-11,2024-09-09,2026-12-08,25,27,150.0,15,15,1,817,1148.5,53.9,Stage-I,3.3,0,0.0,Low/Plains,0.74,0.28,2026-04-10,PAIMANA_Live,Under Implementation,1,1
PAIMANA-SEC_ATOM-2018-1618,Fast Breeder Reactor & Reprocessing Facility at Udaipur,DAE,Department of Atomic Energy,SEC_ATOM,Atomic Energy & Nuclear Power,Rajasthan,North,BHAVINI,27.4694,74.4201,2287.2,2889.55,602.35,26.34,1176.65,40.7,70.7,2018-09-18,2021-09-16,2024-02-14,36,29,150.0,16,16,1,872,1257.4,64.4,Stage-II Pending,6.5,1,252.23,High/Himalayan/Riverine,0.2,0.77,2026-04-10,OCMS_Historical,Under Implementation,1,1
PAIMANA-SEC_CHEM-2017-1619,Petrochemical Derivative & Polymer Manufacturing Unit at Indore,MoCF,Ministry of Chemicals and Fertilizers,SEC_CHEM,Fertilizer Plants & Petrochemicals,Madhya Pradesh,Central,HURL,22.7365,78.9689,1812.69,2092.69,280.0,15.45,932.87,44.6,75.2,2017-03-01,2019-11-29,2021-10-28,33,23,150.0,25,25,1,685,791.8,71.8,Approved,8.0,2,485.02,Moderate/Plateau,0.58,0.8,2026-04-10,OCMS_Historical,Under Implementation,1,1
PAIMANA-SEC_METRO-2022-1620,Regional Rapid Transit System (RRTS) Semi High-Speed Line (Gorakhpur-Noida),MoHUA,Ministry of Housing and Urban Affairs,SEC_METRO,Metro Rail & Urban Transit,Uttar Pradesh,North,NCRTC,26.7767,81.1803,1419.84,1715.13,295.29,20.8,660.85,38.5,65.0,2022-07-13,2025-06-11,2028-09-08,35,39,128.9,42,42,1,1188,1535.0,77.2,Stage-II Pending,4.9,0,0.0,Low/Plains,0.74,0.39,2026-04-10,PAIMANA_Live,Under Implementation,1,1
PAIMANA-SEC_PORT-2015-1621,Port Connectivity Dedicated Rail-Sea Multimodal Corridor at Aurangabad,MoPSW,"Ministry of Ports, Shipping and Waterways",SEC_PORT,Major Ports & Maritime Channels,Maharashtra,West,Sagarmala Dev,20.346,75.3489,541.67,628.39,86.72,16.01,287.7,45.8,75.8,2015-09-14,2017-12-12,2019-08-12,27,20,150.0,23,23,1,634,551.7,71.8,Stage-I,8.6,0,0.0,Moderate/Plateau,0.71,0.65,2026-04-10,OCMS_Historical,Under Implementation,1,1
PAIMANA-SEC_TEL-2022-1622,National 5G High-Density Core Network Infrastructure in Gwalior,DoT,Department of Telecommunications,SEC_TEL,Telecommunication & BharatNet Fiber,Madhya Pradesh,Central,BSNL,23.1237,79.2223,1796.33,2185.72,389.39,21.68,909.24,41.6,72.2,2022-04-01,2025-11-28,2028-10-27,44,35,110.3,31,31,1,1067,128.0,77.4,Approved,5.1,2,563.98,Low/Plains,0.21,0.35,2026-04-10,PAIMANA_Live,Under Implementation,1,1
PAIMANA-SEC_HWY-2021-1623,Bharatmala Pariyojana 4/6-Lane Corridor from Kalaburagi to Mysuru,MoRTH,Ministry of Road Transport and Highways,SEC_HWY,Highways & Expressways,Karnataka,South,NHAI,14.7846,75.8789,6860.46,8179.89,1319.43,19.23,2244.95,27.4,47.1,2021-10-21,2028-06-18,2029-12-17,80,18,67.3,43,30,1,548,1513.8,88.9,Approved,4.3,0,0.0,High/Himalayan/Riverine,0.3,0.34,2026-04-10,PAIMANA_Live,Under Implementation,1,1
PAIMANA-SEC_RLY-2019-1624,High-Speed Rail Bullet Train Section 6 (Thane-Solapur),MoR,Ministry of Railways,SEC_RLY,Railways & High-Speed Rail,Maharashtra,West,NHSRCL,19.1685,75.9113,4120.61,4354.46,233.85,5.68,2681.18,61.6,100.0,2019-02-28,2024-03-27,2024-03-27,61,0,140.4,29,29,0,0,1425.1,77.5,Approved,3.5,0,0.0,Moderate/Plateau,0.51,0.44,2026-04-10,OCMS_Historical,Commissioned,0,0
PAIMANA-SEC_WATER-2014-1625,Urban 24x7 Water Supply & Advanced Smart Grid Pipeline in Manali,MoHUA,Ministry of Housing and Urban Affairs,SEC_WATER,Water Supply & Urban Sanitation,Himachal Pradesh,North,Jal Nigam,31.1775,76.7147,5214.16,5771.4,557.24,10.69,3585.74,62.1,100.0,2014-02-07,2019-11-05,2019-11-05,69,0,150.0,21,21,0,0,1643.8,76.8,Approved,7.3,0,0.0,High/Himalayan/Riverine,0.8,0.5,2026-04-10,OCMS_Historical,Commissioned,0,0
PAIMANA-SEC_IRR-2023-1626,National River Interlinking Canal & Barrage System (Ahmedabad-Vadodara),DoWR,"Department of Water Resources, RD & GR",SEC_IRR,National River Link & Irrigation,Gujarat,West,NWDA,21.7562,71.4615,706.24,786.35,80.11,11.34,284.23,36.1,54.5,2023-12-03,2026-11-01,2027-12-01,35,13,81.2,41,34,2,421,225.3,79.1,Approved,7.0,0,0.0,Moderate/Plateau,0.62,0.87,2026-04-10,PAIMANA_Live,Under Implementation,1,1
PAIMANA-SEC_METRO-2018-1627,Metro Rail Project Phase-3 (Elevated & Underground Corridor Mysuru-Mangaluru),MoHUA,Ministry of Housing and Urban Affairs,SEC_METRO,Metro Rail & Urban Transit,Karnataka,South,Metro Rail Corp,15.5544,75.4314,448.31,517.98,69.67,15.54,212.06,40.9,65.6,2018-11-21,2020-08-20,2022-09-19,21,25,150.0,20,20,1,746,572.9,71.5,Approved,8.7,1,22.09,Low/Plains,0.22,0.36,2026-04-10,OCMS_Historical,Under Implementation,1,1
PAIMANA-SEC_CHEM-2019-1628,Petrochemical Derivative & Polymer Manufacturing Unit at Thane,MoCF,Ministry of Chemicals and Fertilizers,SEC_CHEM,Fertilizer Plants & Petrochemicals,Maharashtra,West,HURL,19.6721,75.8891,1018.52,1138.68,120.16,11.8,686.99,60.3,100.0,2019-10-12,2022-05-11,2022-05-11,31,0,150.0,45,45,0,0,434.7,76.0,Approved,4.8,0,0.0,High/Himalayan/Riverine,0.49,0.24,2026-04-10,OCMS_Historical,Commissioned,1,0
PAIMANA-SEC_SMART-2018-1629,Special Investment Region Trunk Infrastructure & Utilities at Vadodara,MoHUA,Ministry of Housing and Urban Affairs,SEC_SMART,Smart Cities & Industrial Corridors,Gujarat,West,Dholera/DMIC,22.2791,71.3497,1210.21,1294.69,84.48,6.98,832.25,64.3,100.0,2018-04-11,2021-05-09,2021-05-09,37,0,150.0,47,47,0,0,1193.6,76.8,Approved,5.4,0,0.0,High/Himalayan/Riverine,0.18,0.29,2026-04-10,OCMS_Historical,Commissioned,0,0
PAIMANA-SEC_CHEM-2016-1630,Petrochemical Derivative & Polymer Manufacturing Unit at Gorakhpur,MoCF,Ministry of Chemicals and Fertilizers,SEC_CHEM,Fertilizer Plants & Petrochemicals,Uttar Pradesh,North,HURL,27.3303,80.5707,3245.71,3822.19,576.48,17.76,1973.27,51.6,78.3,2016-08-19,2020-07-17,2022-04-16,47,21,150.0,35,35,1,659,654.8,76.5,Approved,7.2,2,108.7,High/Himalayan/Riverine,0.45,0.34,2026-04-10,OCMS_Historical,Under Implementation,1,1
PAIMANA-SEC_TEL-2018-1631,National 5G High-Density Core Network Infrastructure in Solapur,DoT,Department of Telecommunications,SEC_TEL,Telecommunication & BharatNet Fiber,Maharashtra,West,BSNL,20.0195,75.835,229.93,252.54,22.61,9.83,158.12,62.6,100.0,2018-03-15,2020-09-12,2020-09-12,30,0,150.0,23,23,0,0,1267.0,88.8,Approved,7.0,1,152.52,Low/Plains,0.73,0.29,2026-04-10,OCMS_Historical,Commissioned,0,0
PAIMANA-SEC_CHEM-2020-1632,Coal-Gasification Based Urea & Fertilizer Complex at Nizamabad,MoCF,Ministry of Chemicals and Fertilizers,SEC_CHEM,Fertilizer Plants & Petrochemicals,Telangana,South,FCIL,18.6768,78.7904,4908.28,5473.18,564.9,11.51,2934.86,53.6,83.8,2020-05-02,2025-02-28,2026-10-29,58,20,123.3,44,44,1,621,415.5,92.2,Approved,7.9,0,0.0,Low/Plains,0.36,0.89,2026-04-10,PAIMANA_Live,Under Implementation,1,1
PAIMANA-SEC_PWR_GEN-2019-1633,Pumped Storage Hydroelectric Power Facility (23 MW) in Noida,MoP,Ministry of Power,SEC_PWR_GEN,Thermal & Hydro Power Generation,Uttar Pradesh,North,NHPC,27.0684,81.361,987.82,1145.82,158.0,15.99,505.46,44.1,73.4,2019-08-13,2021-08-11,2022-12-10,24,16,150.0,41,41,1,521,59.8,85.0,Approved,5.8,0,0.0,High/Himalayan/Riverine,0.87,0.56,2026-04-10,OCMS_Historical,Under Implementation,1,1
PAIMANA-SEC_TEL-2014-1634,National 5G High-Density Core Network Infrastructure in Gorakhpur,DoT,Department of Telecommunications,SEC_TEL,Telecommunication & BharatNet Fiber,Uttar Pradesh,North,BSNL,26.7266,80.7387,765.15,869.55,104.4,13.64,386.78,44.5,70.3,2014-08-06,2017-01-03,2019-05-04,29,28,150.0,18,18,1,883,1039.3,94.1,Approved,3.3,0,0.0,Low/Plains,0.3,0.35,2026-04-10,OCMS_Historical,Under Implementation,1,1
PAIMANA-SEC_AIR-2020-1635,Greenfield International Airport Terminal-86 & Parallel Runway at Vadodara,MoCA,Ministry of Civil Aviation,SEC_AIR,Regional & Greenfield Airports,Gujarat,West,AAI,21.9348,71.1923,438.83,514.4,75.57,17.22,264.15,51.4,83.5,2020-10-13,2023-06-12,2024-07-11,32,13,150.0,16,16,1,431,273.0,84.4,Approved,7.9,1,238.29,Moderate/Plateau,0.84,0.61,2026-04-10,PAIMANA_Live,Under Implementation,1,1
PAIMANA-SEC_RLY-2017-1636,Railway Doubling & Electrification of Bhubaneswar-Cuttack Section (54 km),MoR,Ministry of Railways,SEC_RLY,Railways & High-Speed Rail,Odisha,East,CORE,21.1705,85.4996,238.29,272.28,33.99,14.26,121.47,44.6,66.7,2017-05-14,2018-11-12,2020-07-12,18,20,150.0,33,33,1,594,1481.9,88.0,Approved,4.1,0,0.0,Low/Plains,0.42,0.9,2026-04-10,OCMS_Historical,Under Implementation,1,1
PAIMANA-SEC_IRR-2015-1637,Lift Irrigation & Pressurized Piped Distribution Network in Varanasi,DoWR,"Department of Water Resources, RD & GR",SEC_IRR,National River Link & Irrigation,Uttar Pradesh,North,WRD,26.7567,81.2367,2508.95,2919.65,410.7,16.37,1589.58,54.4,84.8,2015-06-22,2018-05-21,2019-02-18,35,9,150.0,37,37,1,275,1320.4,74.3,Approved,8.2,0,0.0,High/Himalayan/Riverine,0.47,0.75,2026-04-10,OCMS_Historical,Under Implementation,1,1
PAIMANA-SEC_PWR_TR-2023-1638,Substation Automation & GIS Grid Augmentation at Surat,MoP,Ministry of Power,SEC_PWR_TR,Power Transmission & Grid,Gujarat,West,PGCIL,21.667,71.7302,1230.6,1315.26,84.66,6.88,724.93,55.1,89.2,2023-08-17,2026-04-15,2026-04-15,32,0,100.0,42,27,0,0,644.5,86.4,Stage-II Pending,6.7,0,0.0,Moderate/Plateau,0.18,0.32,2026-04-10,PAIMANA_Live,Nearing Completion,0,0
PAIMANA-SEC_LOG-2018-1639,Central Freight Logistics & Cold Chain Infrastructure Hub at Haldia,MoRTH,Ministry of Road Transport and Highways,SEC_LOG,Multimodal Logistics Parks (MMLP),West Bengal,East,CONCOR,22.7422,88.238,337.02,414.84,77.82,23.09,170.29,41.0,71.4,2018-04-17,2020-08-15,2023-03-15,28,31,150.0,39,39,1,922,1601.8,62.0,Stage-II Pending,9.0,1,203.76,Low/Plains,0.55,0.45,2026-04-10,OCMS_Historical,Under Implementation,1,1
PAIMANA-SEC_HEALTH-2018-1640,All India Institute of Medical Sciences (AIIMS) 750-Bed Super-Specialty Campus at Kollam,MoHFW,Ministry of Health and Family Welfare,SEC_HEALTH,AIIMS & Super-Specialty Medical Infra,Kerala,South,MoHFW/HSCC,10.364,76.5432,335.39,424.95,89.56,26.7,173.43,40.8,64.6,2018-03-10,2020-04-08,2022-08-07,25,28,150.0,38,38,1,865,1643.6,82.3,Approved,5.4,1,291.58,High/Himalayan/Riverine,0.78,0.5,2026-04-10,OCMS_Historical,Under Implementation,1,1
PAIMANA-SEC_INLAND-2021-1641,National Waterway NW-51 Multimodal Navigation Terminal at Patiala,MoPSW,"Ministry of Ports, Shipping and Waterways",SEC_INLAND,National Waterways & River Ports,Punjab,North,IWAI,30.593,75.4724,834.32,881.07,46.75,5.6,573.76,65.1,100.0,2021-07-09,2023-12-07,2023-12-07,29,0,150.0,41,41,0,0,908.6,82.6,Approved,4.8,0,0.0,Moderate/Plateau,0.67,0.24,2026-04-10,PAIMANA_Live,Commissioned,0,0
PAIMANA-SEC_INLAND-2015-1642,National Waterway NW-42 Multimodal Navigation Terminal at Visakhapatnam,MoPSW,"Ministry of Ports, Shipping and Waterways",SEC_INLAND,National Waterways & River Ports,Andhra Pradesh,South,IWAI,16.0516,79.787,5603.67,7204.7,1601.03,28.57,2955.29,41.0,70.3,2015-07-17,2020-05-14,2024-01-11,58,44,150.0,33,33,1,1330,639.7,79.9,Approved,3.6,4,972.77,Low/Plains,0.7,0.73,2026-04-10,OCMS_Historical,Under Implementation,1,1
PAIMANA-SEC_METRO-2014-1643,Metro Rail Project Phase-3 (Elevated & Underground Corridor Visakhapatnam-Kakinada),MoHUA,Ministry of Housing and Urban Affairs,SEC_METRO,Metro Rail & Urban Transit,Andhra Pradesh,South,Metro Rail Corp,15.8015,79.1625,896.95,1100.76,203.81,22.72,468.95,42.6,69.1,2014-06-19,2017-04-17,2020-08-15,34,40,150.0,25,25,1,1232,802.3,62.5,Exempted,9.0,4,387.88,Moderate/Plateau,0.8,0.36,2026-04-10,OCMS_Historical,Under Implementation,1,1
PAIMANA-SEC_WATER-2016-1644,Comprehensive Sewage Treatment & River Cleaning Mission at Pan-India Grid,MoHUA,Ministry of Housing and Urban Affairs,SEC_WATER,Water Supply & Urban Sanitation,Multi-State / National,National,NMCG,22.5158,78.4151,275.23,305.3,30.07,10.93,135.71,44.5,71.5,2016-05-09,2018-09-07,2020-08-06,28,23,150.0,32,32,1,720,568.0,84.6,Approved,3.7,0,0.0,Low/Plains,0.77,0.49,2026-04-10,OCMS_Historical,Under Implementation,1,1
PAIMANA-SEC_STEEL-2019-1645,Specialty Alloy & Hot Rolled Coil Expansion Facility at Visakhapatnam,MoSteel,Ministry of Steel,SEC_STEEL,Steel Plants & Metallurgy Units,Andhra Pradesh,South,RINL,15.562,80.3218,908.82,1081.97,173.15,19.05,457.12,42.2,70.3,2019-06-27,2022-03-26,2025-03-24,33,36,150.0,21,21,1,1099,209.0,84.2,Stage-II Pending,5.4,0,0.0,Moderate/Plateau,0.94,0.29,2026-04-10,OCMS_Historical,Under Implementation,1,1
PAIMANA-SEC_TEL-2018-1646,National 5G High-Density Core Network Infrastructure in Muzaffarpur,DoT,Department of Telecommunications,SEC_TEL,Telecommunication & BharatNet Fiber,Bihar,East,BSNL,24.9464,85.3582,885.82,1048.77,162.95,18.4,486.05,46.3,73.5,2018-05-25,2020-10-22,2022-10-21,29,24,150.0,40,40,1,744,1506.4,71.9,Stage-II Pending,9.6,2,237.54,Low/Plains,0.57,0.52,2026-04-10,OCMS_Historical,Under Implementation,1,1
PAIMANA-SEC_ATOM-2023-1647,Fast Breeder Reactor & Reprocessing Facility at Nashik,DAE,Department of Atomic Energy,SEC_ATOM,Atomic Energy & Nuclear Power,Maharashtra,West,BHAVINI,20.2321,75.4486,157.0,225.36,68.36,43.54,97.01,43.0,69.7,2023-02-04,2025-03-05,2027-10-03,25,31,150.0,25,25,1,926,501.0,60.3,Approved,4.2,2,329.85,High/Himalayan/Riverine,0.5,0.39,2026-04-10,PAIMANA_Live,Under Implementation,1,1
PAIMANA-SEC_TEL-2015-1648,BharatNet Rural Optical Fiber Network Phase-3 across Nashik,DoT,Department of Telecommunications,SEC_TEL,Telecommunication & BharatNet Fiber,Maharashtra,West,BBNL,19.7907,75.5148,1090.1,1292.52,202.42,18.57,533.83,41.3,68.3,2015-11-22,2018-05-22,2021-01-18,30,32,150.0,44,44,1,999,981.3,88.7,Approved,8.3,3,145.94,Low/Plains,0.92,0.23,2026-04-10,OCMS_Historical,Under Implementation,1,1
PAIMANA-SEC_IRR-2016-1649,National River Interlinking Canal & Barrage System (Pune-Solapur),DoWR,"Department of Water Resources, RD & GR",SEC_IRR,National River Link & Irrigation,Maharashtra,West,NWDA,19.8833,75.3137,921.7,1067.32,145.62,15.8,633.85,59.4,100.0,2016-11-04,2019-06-04,2019-06-04,31,0,150.0,38,38,0,0,1578.9,75.2,Approved,4.8,1,192.11,High/Himalayan/Riverine,0.46,0.81,2026-04-10,OCMS_Historical,Commissioned,1,0
PAIMANA-SEC_INLAND-2021-1650,Fairway Development & River Ro-Ro Terminal Facility in National Corridor,MoPSW,"Ministry of Ports, Shipping and Waterways",SEC_INLAND,National Waterways & River Ports,Multi-State / National,National,IWAI,21.7516,79.4733,2223.87,2674.51,450.64,20.26,1275.19,47.7,74.5,2021-11-03,2025-03-03,2028-03-31,40,37,133.6,13,13,1,1149,1729.7,87.4,Approved,3.7,2,146.95,Low/Plains,0.44,0.6,2026-04-10,PAIMANA_Live,Under Implementation,1,1
PAIMANA-SEC_COAL-2023-1651,Mechanized Coal Washery & Pithead Rail Dispatch Facility (National Corridor),MoCoal,Ministry of Coal,SEC_COAL,Coal Mining & Washeries,Multi-State / National,National,BCCL,21.4388,79.2122,6648.29,7950.89,1302.6,19.59,1904.98,24.0,34.0,2023-08-15,2029-08-11,2031-04-11,72,20,44.5,40,15,15,617,819.1,34.6,Approved,8.2,0,0.0,Low/Plains,0.3,0.8,2026-04-10,PAIMANA_Live,Under Implementation,1,1
PAIMANA-SEC_MINE-2021-1652,Copper Ore Underground Mine Expansion Project in Salem,MoMines,Ministry of Mines,SEC_MINE,Strategic Mineral Extraction,Tamil Nadu,South,HCL,11.472,78.1812,3347.08,4075.53,728.45,21.76,1785.3,43.8,73.1,2021-07-03,2025-09-30,2028-06-29,51,33,112.7,28,28,1,1003,1141.1,89.0,Approved,5.8,4,1143.34,Low/Plains,0.34,0.43,2026-04-10,PAIMANA_Live,Under Implementation,1,1
PAIMANA-SEC_PORT-2023-1653,Port Connectivity Dedicated Rail-Sea Multimodal Corridor at Kozhikode,MoPSW,"Ministry of Ports, Shipping and Waterways",SEC_PORT,Major Ports & Maritime Channels,Kerala,South,Sagarmala Dev,10.6614,76.4981,889.06,1015.36,126.3,14.21,443.71,43.7,71.4,2023-02-24,2025-02-22,2026-09-22,24,19,150.0,35,35,1,613,1361.7,86.3,Approved,9.5,1,208.86,Moderate/Plateau,0.89,0.5,2026-04-10,PAIMANA_Live,Under Implementation,1,1
PAIMANA-SEC_STEEL-2021-1654,Specialty Alloy & Hot Rolled Coil Expansion Facility at Inter-State Hub,MoSteel,Ministry of Steel,SEC_STEEL,Steel Plants & Metallurgy Units,Multi-State / National,National,RINL,22.2557,79.2079,401.18,465.98,64.8,16.15,212.18,45.5,73.7,2021-12-09,2024-09-07,2026-08-07,33,23,150.0,29,29,1,708,1561.0,96.7,Exempted,5.9,2,156.87,Low/Plains,0.12,0.73,2026-04-10,PAIMANA_Live,Under Implementation,1,1
PAIMANA-SEC_PWR_GEN-2016-1655,Subansiri/Tehri Stage-II Hydroelectric Dam & Powerhouse (Rourkela),MoP,Ministry of Power,SEC_PWR_GEN,Thermal & Hydro Power Generation,Odisha,East,SJVN,21.0939,84.703,13230.74,14541.68,1310.94,9.91,7208.57,49.6,76.0,2016-03-20,2026-03-16,2027-11-14,120,20,100.8,36,26,1,639,140.5,93.1,Approved,5.0,0,0.0,Moderate/Plateau,0.62,0.33,2026-04-10,OCMS_Historical,Under Implementation,0,1
PAIMANA-SEC_TEL-2016-1656,BharatNet Rural Optical Fiber Network Phase-2 across Korba,DoT,Department of Telecommunications,SEC_TEL,Telecommunication & BharatNet Fiber,Chhattisgarh,Central,BBNL,20.9264,81.4462,1214.23,1394.08,179.85,14.81,609.72,43.7,72.6,2016-10-28,2019-11-26,2022-01-24,37,26,150.0,32,32,1,806,1349.8,82.0,Stage-I,5.2,0,0.0,Low/Plains,0.71,0.39,2026-04-10,OCMS_Historical,Under Implementation,1,1
PAIMANA-SEC_HEAVY-2015-1657,Heavy Electrical Equipment & Gas Turbine Manufacturing Facility at Pan-India Grid,MHI,Ministry of Heavy Industries,SEC_HEAVY,Heavy Engineering & Capital Goods,Multi-State / National,National,BHEL,22.1517,79.5424,1163.09,1277.41,114.32,9.83,799.85,62.6,100.0,2015-11-07,2018-07-06,2018-07-06,32,0,150.0,43,43,0,0,184.1,78.9,Approved,6.2,1,341.27,Low/Plains,0.88,0.39,2026-04-10,OCMS_Historical,Commissioned,0,0
PAIMANA-SEC_MINE-2015-1658,Copper Ore Underground Mine Expansion Project in Gaya,MoMines,Ministry of Mines,SEC_MINE,Strategic Mineral Extraction,Bihar,East,HCL,25.3237,85.2604,1121.8,1164.51,42.71,3.81,770.81,66.2,100.0,2015-05-18,2018-06-15,2018-06-15,37,0,150.0,46,46,0,0,861.1,92.0,Approved,5.5,1,218.67,Low/Plains,0.82,0.62,2026-04-10,OCMS_Historical,Commissioned,0,0
PAIMANA-SEC_RLY-2023-1659,Railway Doubling & Electrification of Darbhanga-Muzaffarpur Section (44 km),MoR,Ministry of Railways,SEC_RLY,Railways & High-Speed Rail,Bihar,East,CORE,25.4441,84.8008,1385.46,1564.7,179.24,12.94,687.56,43.9,71.7,2023-05-18,2025-12-15,2027-08-15,31,20,112.8,17,14,1,618,356.6,60.0,Approved,4.9,0,0.0,Low/Plains,0.67,0.62,2026-04-10,PAIMANA_Live,Under Implementation,1,1
PAIMANA-SEC_CHEM-2015-1660,Petrochemical Derivative & Polymer Manufacturing Unit at Mumbai,MoCF,Ministry of Chemicals and Fertilizers,SEC_CHEM,Fertilizer Plants & Petrochemicals,Maharashtra,West,HURL,19.4536,75.6025,1000.71,1139.77,139.06,13.9,597.08,52.4,78.7,2015-08-03,2018-07-02,2020-03-01,35,20,150.0,24,24,1,604,185.9,84.7,Approved,4.7,0,0.0,Moderate/Plateau,0.74,0.59,2026-04-10,OCMS_Historical,Under Implementation,1,1
PAIMANA-SEC_PORT-2021-1661,Port Connectivity Dedicated Rail-Sea Multimodal Corridor at Belagavi,MoPSW,"Ministry of Ports, Shipping and Waterways",SEC_PORT,Major Ports & Maritime Channels,Karnataka,South,Sagarmala Dev,15.3024,75.4969,665.56,751.33,85.77,12.89,337.45,44.9,72.9,2021-11-06,2024-02-04,2026-05-04,27,27,150.0,44,44,1,811,1589.0,74.6,Approved,3.9,0,0.0,Low/Plains,0.45,0.25,2026-04-10,PAIMANA_Live,Under Implementation,1,1
PAIMANA-SEC_MINE-2021-1662,Strategic Rare Earth & Bauxite Mining Complex at Warangal,MoMines,Ministry of Mines,SEC_MINE,Strategic Mineral Extraction,Telangana,South,NALCO,18.1145,78.8033,682.72,778.53,95.81,14.03,366.94,47.1,72.2,2021-08-06,2023-06-05,2025-05-04,22,23,150.0,16,16,1,734,1124.6,54.3,Exempted,7.1,0,0.0,Moderate/Plateau,0.24,0.4,2026-04-10,PAIMANA_Live,Under Implementation,1,1
PAIMANA-SEC_MINE-2021-1663,Strategic Rare Earth & Bauxite Mining Complex at Surat,MoMines,Ministry of Mines,SEC_MINE,Strategic Mineral Extraction,Gujarat,West,NALCO,22.373,71.0927,1112.64,1411.52,298.88,26.86,542.67,38.4,66.5,2021-02-22,2023-07-23,2026-02-19,29,31,150.0,25,25,1,925,1436.9,93.7,Approved,6.6,4,1377.51,Moderate/Plateau,0.48,0.54,2026-04-10,PAIMANA_Live,Under Implementation,1,1
PAIMANA-SEC_PORT-2017-1664,Greenfield Deep-Water Major Port & Container Terminal Phase-1 at Nashik,MoPSW,"Ministry of Ports, Shipping and Waterways",SEC_PORT,Major Ports & Maritime Channels,Maharashtra,West,Port Authority,19.5758,76.0803,684.95,811.8,126.85,18.52,343.32,42.3,68.4,2017-05-16,2019-07-15,2022-04-13,26,33,150.0,35,35,1,1028,624.6,68.4,Approved,3.7,1,105.87,Moderate/Plateau,0.93,0.28,2026-04-10,OCMS_Historical,Under Implementation,1,1
PAIMANA-SEC_IRR-2018-1665,National River Interlinking Canal & Barrage System (Tirupati-Vijayawada),DoWR,"Department of Water Resources, RD & GR",SEC_IRR,National River Link & Irrigation,Andhra Pradesh,South,NWDA,15.4411,79.4318,583.13,737.8,154.67,26.52,291.28,39.5,61.7,2018-01-27,2019-11-26,2022-11-24,22,36,150.0,25,25,1,1118,1745.1,72.8,Approved,3.5,2,651.27,Low/Plains,0.2,0.22,2026-04-10,OCMS_Historical,Under Implementation,1,1
PAIMANA-SEC_STEEL-2021-1666,Specialty Alloy & Hot Rolled Coil Expansion Facility at Coimbatore,MoSteel,Ministry of Steel,SEC_STEEL,Steel Plants & Metallurgy Units,Tamil Nadu,South,RINL,11.2947,78.3882,1269.93,1408.21,138.28,10.89,873.32,62.0,100.0,2021-12-19,2025-01-16,2025-01-16,37,0,140.4,14,14,0,0,1747.6,76.0,Stage-I,7.1,0,0.0,Low/Plains,0.8,0.89,2026-04-10,PAIMANA_Live,Commissioned,1,0
PAIMANA-SEC_TEL-2021-1667,BharatNet Rural Optical Fiber Network Phase-1 across Deoghar,DoT,Department of Telecommunications,SEC_TEL,Telecommunication & BharatNet Fiber,Jharkhand,East,BBNL,23.3045,85.3672,900.89,1132.43,231.54,25.7,531.76,47.0,73.2,2021-05-04,2024-03-02,2026-09-30,34,31,150.0,20,20,1,964,224.6,87.9,Approved,4.0,3,123.06,High/Himalayan/Riverine,0.7,0.43,2026-04-10,PAIMANA_Live,Under Implementation,1,1
PAIMANA-SEC_SMART-2018-1668,Special Investment Region Trunk Infrastructure & Utilities at Thiruvananthapuram,MoHUA,Ministry of Housing and Urban Affairs,SEC_SMART,Smart Cities & Industrial Corridors,Kerala,South,Dholera/DMIC,10.6851,75.9099,4790.55,5313.58,523.03,10.92,3064.14,57.7,87.4,2018-09-17,2023-08-15,2024-10-13,59,14,150.0,13,12,1,459,1102.6,82.6,Approved,6.0,0,0.0,Moderate/Plateau,0.35,0.26,2026-04-10,OCMS_Historical,Nearing Completion,1,1
PAIMANA-SEC_PORT-2018-1669,Port Connectivity Dedicated Rail-Sea Multimodal Corridor at Indore,MoPSW,"Ministry of Ports, Shipping and Waterways",SEC_PORT,Major Ports & Maritime Channels,Madhya Pradesh,Central,Sagarmala Dev,23.5251,79.1046,157.0,189.85,32.85,20.92,80.17,42.2,64.5,2018-10-24,2020-04-23,2022-11-21,18,31,150.0,20,20,1,940,768.1,69.4,Approved,3.8,0,0.0,Low/Plains,0.39,0.64,2026-04-10,OCMS_Historical,Under Implementation,1,1
PAIMANA-SEC_STEEL-2022-1670,Integrated Steel Plant Modernization & Pelletization Unit at Jamnagar,MoSteel,Ministry of Steel,SEC_STEEL,Steel Plants & Metallurgy Units,Gujarat,West,SAIL,22.5792,71.1095,3237.44,3732.38,494.94,15.29,1529.49,41.0,64.3,2022-08-10,2027-03-09,2028-04-07,55,13,80.4,33,21,10,380,934.0,66.8,Approved,7.7,0,0.0,Low/Plains,0.11,0.88,2026-04-10,PAIMANA_Live,Under Implementation,1,1
PAIMANA-SEC_PORT-2021-1671,LNG Import Terminal & Marine Jetty Infrastructure at Aizawl,MoPSW,"Ministry of Ports, Shipping and Waterways",SEC_PORT,Major Ports & Maritime Channels,Mizoram,North-East,Petronet,23.5584,92.3602,3749.54,4623.17,873.63,23.3,2521.8,54.5,84.4,2021-08-24,2025-05-23,2026-12-21,45,19,123.9,33,32,1,588,295.6,63.2,Approved,9.2,0,0.0,High/Himalayan/Riverine,0.85,0.87,2026-04-10,PAIMANA_Live,Under Implementation,1,1
PAIMANA-SEC_METRO-2019-1672,Urban Light Rail Transit / MetroLite System for Lucknow Smart City,MoHUA,Ministry of Housing and Urban Affairs,SEC_METRO,Metro Rail & Urban Transit,Uttar Pradesh,North,Metro Rail Corp,26.4941,80.5641,160.11,214.2,54.09,33.78,87.21,40.7,67.6,2019-07-05,2021-04-03,2023-07-02,21,27,150.0,26,26,1,836,379.6,87.0,Approved,5.5,1,171.44,High/Himalayan/Riverine,0.23,0.75,2026-04-10,OCMS_Historical,Under Implementation,1,1
PAIMANA-SEC_HWY-2022-1673,Trans-Himalayan Highway Multi-Lane Tunnel & Approach Roads near Lucknow,MoRTH,Ministry of Road Transport and Highways,SEC_HWY,Highways & Expressways,Uttar Pradesh,North,NHIDCL,27.1735,80.379,828.86,930.71,101.85,12.29,393.73,42.3,69.3,2022-10-28,2024-05-27,2025-11-25,19,18,150.0,20,20,1,580,1198.3,52.6,Approved,8.6,1,63.67,Moderate/Plateau,0.76,0.44,2026-04-10,PAIMANA_Live,Under Implementation,1,1
PAIMANA-SEC_IRR-2015-1674,National River Interlinking Canal & Barrage System (Mumbai-Pune),DoWR,"Department of Water Resources, RD & GR",SEC_IRR,National River Link & Irrigation,Maharashtra,West,NWDA,20.0594,75.2583,806.53,1003.87,197.34,24.47,402.04,40.0,64.3,2015-07-01,2018-02-27,2021-06-27,32,40,150.0,25,25,1,1210,1115.2,76.3,Stage-II Pending,3.5,0,0.0,Low/Plains,0.87,0.73,2026-04-10,OCMS_Historical,Under Implementation,1,1
PAIMANA-SEC_CHEM-2023-1675,Petrochemical Derivative & Polymer Manufacturing Unit at Hyderabad,MoCF,Ministry of Chemicals and Fertilizers,SEC_CHEM,Fertilizer Plants & Petrochemicals,Telangana,South,HURL,17.9449,78.7913,301.41,327.6,26.19,8.69,156.05,47.6,74.0,2023-06-24,2025-06-22,2026-10-21,24,16,140.7,38,38,1,495,972.8,69.3,Approved,6.2,0,0.0,Low/Plains,0.91,0.38,2026-04-10,PAIMANA_Live,Under Implementation,0,1
PAIMANA-SEC_PET-2020-1676,Cross-Country Natural Gas Pipeline Grid (IGI Airport to Anand Vihar),MoPNG,Ministry of Petroleum and Natural Gas,SEC_PET,Petroleum Pipelines & Refineries,Delhi NCR,North,GAIL,28.7816,76.656,548.22,587.05,38.83,7.08,359.48,61.2,100.0,2020-11-10,2022-10-10,2022-10-10,23,0,150.0,17,17,0,0,1211.1,79.0,Approved,6.7,0,0.0,Moderate/Plateau,0.45,0.39,2026-04-10,PAIMANA_Live,Commissioned,0,0
PAIMANA-SEC_PWR_GEN-2016-1677,Ultra Mega Supercritical Thermal Power Project (18x800 MW) at Pune,MoP,Ministry of Power,SEC_PWR_GEN,Thermal & Hydro Power Generation,Maharashtra,West,NTPC,20.0954,75.1499,399.64,505.12,105.48,26.39,192.94,38.2,63.4,2016-12-16,2018-06-16,2020-12-14,18,30,150.0,15,15,1,908,126.2,59.4,Approved,3.9,1,276.63,Low/Plains,0.93,0.5,2026-04-10,OCMS_Historical,Under Implementation,1,1
PAIMANA-SEC_COAL-2018-1678,Open Cast Coal Mining Project (80 MTPA) with High-Capacity Conveyors at Vijayawada,MoCoal,Ministry of Coal,SEC_COAL,Coal Mining & Washeries,Andhra Pradesh,South,CIL,16.1799,79.3437,6064.84,6756.73,691.89,11.41,4001.03,59.2,90.2,2018-07-21,2024-06-17,2025-02-15,71,8,130.9,28,28,1,246,1238.3,61.8,Approved,9.7,0,0.0,Low/Plains,0.31,0.87,2026-04-10,OCMS_Historical,Nearing Completion,1,1
PAIMANA-SEC_PWR_TR-2014-1679,Green Energy Corridor Intra-State Transmission Scheme Phase-1 in Jamnagar,MoP,Ministry of Power,SEC_PWR_TR,Power Transmission & Grid,Gujarat,West,POWERGRID,22.2302,71.6719,2791.97,3063.58,271.61,9.73,1920.02,62.7,100.0,2014-06-08,2017-06-06,2017-06-06,36,0,150.0,38,38,0,0,367.6,88.7,Approved,4.0,0,0.0,High/Himalayan/Riverine,0.69,0.42,2026-04-10,OCMS_Historical,Commissioned,0,0
PAIMANA-SEC_PORT-2016-1680,Greenfield Deep-Water Major Port & Container Terminal Phase-1 at Jamshedpur,MoPSW,"Ministry of Ports, Shipping and Waterways",SEC_PORT,Major Ports & Maritime Channels,Jharkhand,East,Port Authority,23.1239,85.1645,3841.37,4499.55,658.18,17.13,2383.03,53.0,88.0,2016-06-22,2021-05-20,2022-11-18,59,18,150.0,35,35,1,556,77.0,62.8,Approved,6.0,0,0.0,Moderate/Plateau,0.94,0.74,2026-04-10,OCMS_Historical,Nearing Completion,1,1
PAIMANA-SEC_HEAVY-2015-1681,Heavy Machine Tools & Engineering Foundry Unit in Tiruchirappalli,MHI,Ministry of Heavy Industries,SEC_HEAVY,Heavy Engineering & Capital Goods,Tamil Nadu,South,HMT,10.9768,78.2312,2278.32,2406.31,127.99,5.62,1561.74,64.9,100.0,2015-04-08,2018-06-06,2018-06-06,38,0,150.0,23,23,0,0,430.9,92.1,Stage-I,5.1,0,0.0,Low/Plains,0.28,0.46,2026-04-10,OCMS_Historical,Commissioned,0,0
PAIMANA-SEC_RLY-2020-1682,New Broad Gauge Rail Link Thane to Nagpur with Major Bridges,MoR,Ministry of Railways,SEC_RLY,Railways & High-Speed Rail,Maharashtra,West,RVNL,19.6953,75.4293,392.68,429.46,36.78,9.37,197.99,46.1,71.5,2020-11-02,2022-08-02,2024-01-31,21,18,150.0,23,23,1,535,1502.7,55.1,Approved,5.8,0,0.0,Moderate/Plateau,0.78,0.34,2026-04-10,PAIMANA_Live,Under Implementation,0,1
PAIMANA-SEC_IRR-2015-1683,Lift Irrigation & Pressurized Piped Distribution Network in Prayagraj,DoWR,"Department of Water Resources, RD & GR",SEC_IRR,National River Link & Irrigation,Uttar Pradesh,North,WRD,27.185,80.858,697.37,870.27,172.9,24.79,409.79,47.1,76.6,2015-12-09,2018-09-07,2020-10-06,33,25,150.0,33,33,1,756,179.8,79.0,Approved,4.4,1,140.88,High/Himalayan/Riverine,0.67,0.87,2026-04-10,OCMS_Historical,Under Implementation,1,1
PAIMANA-SEC_HWY-2022-1684,Trans-Himalayan Highway Multi-Lane Tunnel & Approach Roads near Jalandhar,MoRTH,Ministry of Road Transport and Highways,SEC_HWY,Highways & Expressways,Punjab,North,NHIDCL,30.7662,75.7252,1827.15,2052.99,225.84,12.36,1249.0,60.8,100.0,2022-03-04,2024-12-01,2024-12-01,33,0,149.9,41,40,0,0,612.4,80.3,Exempted,6.0,1,33.27,High/Himalayan/Riverine,0.65,0.48,2026-04-10,PAIMANA_Live,Commissioned,1,0
PAIMANA-SEC_MINE-2017-1685,Strategic Rare Earth & Bauxite Mining Complex at Asansol,MoMines,Ministry of Mines,SEC_MINE,Strategic Mineral Extraction,West Bengal,East,NALCO,22.5773,88.0715,359.45,437.11,77.66,21.61,190.09,43.5,67.1,2017-03-27,2018-12-25,2021-07-24,21,31,150.0,13,13,1,951,72.2,83.4,Approved,4.2,1,236.69,Moderate/Plateau,0.32,0.26,2026-04-10,OCMS_Historical,Under Implementation,1,1
PAIMANA-SEC_INLAND-2023-1686,Fairway Development & River Ro-Ro Terminal Facility in Jabalpur,MoPSW,"Ministry of Ports, Shipping and Waterways",SEC_INLAND,National Waterways & River Ports,Madhya Pradesh,Central,IWAI,22.5367,79.1827,2259.63,2770.96,511.33,22.63,1011.41,36.5,60.0,2023-04-27,2026-02-23,2028-09-22,34,31,104.9,46,43,1,932,1705.2,86.0,Stage-I,7.4,2,355.91,Low/Plains,0.35,0.66,2026-04-10,PAIMANA_Live,Under Implementation,1,1
PAIMANA-SEC_HWY-2015-1687,Bharatmala Pariyojana 4/6-Lane Corridor from Jodhpur to Udaipur,MoRTH,Ministry of Road Transport and Highways,SEC_HWY,Highways & Expressways,Rajasthan,North,NHAI,26.6558,74.6191,913.51,1081.04,167.53,18.34,543.98,50.3,77.2,2015-05-23,2018-05-21,2020-02-18,36,21,150.0,31,31,1,663,1245.2,72.6,Approved,7.7,2,288.44,High/Himalayan/Riverine,0.72,0.24,2026-04-10,OCMS_Historical,Under Implementation,1,1
PAIMANA-SEC_PET-2017-1688,Strategic Petroleum Reserve Underground Rock Caverns at Gorakhpur,MoPNG,Ministry of Petroleum and Natural Gas,SEC_PET,Petroleum Pipelines & Refineries,Uttar Pradesh,North,ISPRL,26.3875,80.7196,803.94,871.83,67.89,8.44,543.15,62.3,100.0,2017-05-05,2019-11-03,2019-11-03,30,0,150.0,19,19,0,0,1742.8,79.0,Approved,3.4,0,0.0,Low/Plains,0.78,0.84,2026-04-10,OCMS_Historical,Commissioned,0,0
PAIMANA-SEC_PWR_TR-2023-1689,Green Energy Corridor Intra-State Transmission Scheme Phase-4 in Rohtak,MoP,Ministry of Power,SEC_PWR_TR,Power Transmission & Grid,Haryana,North,POWERGRID,28.5942,76.0454,2255.26,2357.07,101.81,4.51,953.81,40.5,65.1,2023-08-08,2027-04-06,2027-04-06,44,0,73.4,31,21,0,0,428.9,83.5,Stage-I,9.0,1,144.87,Moderate/Plateau,0.16,0.22,2026-04-10,PAIMANA_Live,Under Implementation,0,0
PAIMANA-SEC_LOG-2016-1690,Central Freight Logistics & Cold Chain Infrastructure Hub at Singrauli,MoRTH,Ministry of Road Transport and Highways,SEC_LOG,Multimodal Logistics Parks (MMLP),Madhya Pradesh,Central,CONCOR,22.4996,78.9808,1750.5,2006.0,255.5,14.6,1064.86,53.1,85.6,2016-12-23,2020-05-22,2021-07-21,41,14,150.0,30,30,1,451,1016.4,57.8,Approved,8.6,0,0.0,Moderate/Plateau,0.84,0.82,2026-04-10,OCMS_Historical,Nearing Completion,1,1
PAIMANA-SEC_PORT-2018-1691,Greenfield Deep-Water Major Port & Container Terminal Phase-2 at Solapur,MoPSW,"Ministry of Ports, Shipping and Waterways",SEC_PORT,Major Ports & Maritime Channels,Maharashtra,West,Port Authority,19.672,75.4328,814.59,860.35,45.76,5.62,529.62,61.6,100.0,2018-11-17,2021-03-17,2021-03-17,28,0,150.0,38,38,0,0,506.9,85.4,Approved,4.2,1,261.36,Moderate/Plateau,0.9,0.34,2026-04-10,OCMS_Historical,Commissioned,0,0
PAIMANA-SEC_CHEM-2022-1692,Coal-Gasification Based Urea & Fertilizer Complex at Chennai,MoCF,Ministry of Chemicals and Fertilizers,SEC_CHEM,Fertilizer Plants & Petrochemicals,Tamil Nadu,South,FCIL,11.2232,78.9081,3452.9,4210.35,757.45,21.94,1248.27,29.6,45.9,2022-10-27,2027-07-25,2030-02-21,57,31,73.1,36,21,1,953,677.8,70.5,Approved,3.6,0,0.0,Low/Plains,0.71,0.77,2026-04-10,PAIMANA_Live,Under Implementation,1,1
PAIMANA-SEC_HEAVY-2020-1693,Heavy Machine Tools & Engineering Foundry Unit in Kochi,MHI,Ministry of Heavy Industries,SEC_HEAVY,Heavy Engineering & Capital Goods,Kerala,South,HMT,10.4674,76.4277,411.0,450.89,39.89,9.71,282.64,62.7,100.0,2020-07-23,2022-01-21,2022-01-21,18,0,150.0,34,34,0,0,757.1,77.8,Approved,4.3,0,0.0,High/Himalayan/Riverine,0.44,0.33,2026-04-10,PAIMANA_Live,Commissioned,0,0
PAIMANA-SEC_STEEL-2015-1694,Specialty Alloy & Hot Rolled Coil Expansion Facility at Bhopal,MoSteel,Ministry of Steel,SEC_STEEL,Steel Plants & Metallurgy Units,Madhya Pradesh,Central,RINL,23.2123,78.8187,2060.59,2209.93,149.34,7.25,1405.57,63.6,100.0,2015-05-14,2017-09-11,2017-09-11,28,0,150.0,41,41,0,0,558.6,92.0,Stage-I,5.0,1,239.08,Moderate/Plateau,0.48,0.44,2026-04-10,OCMS_Historical,Commissioned,0,0
PAIMANA-SEC_REN-2017-1695,Offshore & Onshore Hybrid Wind-Solar Power Hub in Kannur,MNRE,Ministry of New and Renewable Energy,SEC_REN,Solar & Renewable Green Energy,Kerala,South,NTPC-REL,11.2449,75.7927,2016.37,2196.82,180.45,8.95,1360.61,61.9,100.0,2017-09-25,2021-06-24,2021-06-24,45,0,150.0,32,32,0,0,612.2,90.0,Stage-I,5.1,1,264.73,Low/Plains,0.72,0.72,2026-04-10,OCMS_Historical,Commissioned,0,0
PAIMANA-SEC_PET-2020-1696,Integrated Petroleum Refinery Expansion & Polypropylene Unit at Madurai,MoPNG,Ministry of Petroleum and Natural Gas,SEC_PET,Petroleum Pipelines & Refineries,Tamil Nadu,South,IOCL,10.7548,78.4295,855.37,991.5,136.13,15.91,505.49,51.0,77.7,2020-06-20,2023-03-20,2025-01-16,33,22,150.0,23,23,1,699,962.2,73.1,Approved,7.1,1,187.51,Moderate/Plateau,0.71,0.63,2026-04-10,PAIMANA_Live,Under Implementation,1,1
PAIMANA-SEC_MINE-2022-1697,Strategic Rare Earth & Bauxite Mining Complex at Ambala,MoMines,Ministry of Mines,SEC_MINE,Strategic Mineral Extraction,Haryana,North,NALCO,28.6184,75.9479,1564.67,1902.72,338.05,21.61,882.78,46.4,71.1,2022-05-25,2025-10-22,2027-12-21,41,26,114.0,46,37,4,770,1687.8,91.7,Stage-I,4.1,2,151.25,High/Himalayan/Riverine,0.49,0.43,2026-04-10,PAIMANA_Live,Under Implementation,1,1
PAIMANA-SEC_AIR-2023-1698,Greenfield International Airport Terminal-60 & Parallel Runway at Gorakhpur,MoCA,Ministry of Civil Aviation,SEC_AIR,Regional & Greenfield Airports,Uttar Pradesh,North,AAI,27.0242,80.6054,349.69,403.73,54.04,15.45,186.52,46.2,78.4,2023-10-03,2025-10-01,2026-08-31,24,11,126.9,26,26,1,350,1208.3,70.1,Stage-I,7.9,0,0.0,Low/Plains,0.87,0.83,2026-04-10,PAIMANA_Live,Under Implementation,1,1
PAIMANA-SEC_HWY-2018-1699,Economic Corridor NH-59 6-Lane Access Controlled Highway (Solan),MoRTH,Ministry of Road Transport and Highways,SEC_HWY,Highways & Expressways,Himachal Pradesh,North,NHAI,30.9491,77.6535,2761.23,3199.69,438.46,15.88,1744.24,54.5,85.4,2018-04-01,2022-04-29,2023-12-28,49,20,150.0,40,40,1,596,1470.0,52.3,Approved,7.3,0,0.0,Moderate/Plateau,0.3,0.61,2026-04-10,OCMS_Historical,Nearing Completion,1,1
PAIMANA-SEC_METRO-2019-1700,Metro Rail Project Phase-3 (Elevated & Underground Corridor Kannur-Kozhikode),MoHUA,Ministry of Housing and Urban Affairs,SEC_METRO,Metro Rail & Urban Transit,Kerala,South,Metro Rail Corp,11.0931,76.8429,962.9,1115.66,152.76,15.86,525.04,47.1,74.6,2019-09-12,2021-06-11,2023-02-09,21,20,150.0,20,20,1,591,1216.2,82.0,Approved,5.7,0,0.0,Low/Plains,0.15,0.66,2026-04-10,OCMS_Historical,Under Implementation,1,1
PAIMANA-SEC_METRO-2021-1701,Urban Light Rail Transit / MetroLite System for Mysuru Smart City,MoHUA,Ministry of Housing and Urban Affairs,SEC_METRO,Metro Rail & Urban Transit,Karnataka,South,Metro Rail Corp,15.2893,75.9615,698.56,740.93,42.37,6.07,480.4,64.8,100.0,2021-05-19,2022-11-17,2022-11-17,18,0,150.0,41,41,0,0,1580.5,88.9,Approved,7.2,1,197.81,Moderate/Plateau,0.89,0.41,2026-04-10,PAIMANA_Live,Commissioned,0,0
PAIMANA-SEC_PET-2019-1702,Strategic Petroleum Reserve Underground Rock Caverns at Warangal,MoPNG,Ministry of Petroleum and Natural Gas,SEC_PET,Petroleum Pipelines & Refineries,Telangana,South,ISPRL,17.7915,79.3774,3109.34,3455.09,345.75,11.12,2116.21,61.2,90.5,2019-02-24,2022-10-23,2023-08-23,44,10,150.0,48,48,1,312,1119.8,84.6,Approved,9.3,1,176.25,Moderate/Plateau,0.86,0.3,2026-04-10,OCMS_Historical,Nearing Completion,1,1
PAIMANA-SEC_MINE-2020-1703,Strategic Rare Earth & Bauxite Mining Complex at Udaipur,MoMines,Ministry of Mines,SEC_MINE,Strategic Mineral Extraction,Rajasthan,North,NALCO,27.3523,74.8054,587.85,739.19,151.34,25.74,328.44,44.4,71.7,2020-03-25,2022-12-23,2024-12-21,33,24,150.0,32,32,1,742,1448.3,59.3,Approved,4.4,1,335.06,Moderate/Plateau,0.91,0.78,2026-04-10,PAIMANA_Live,Under Implementation,1,1
PAIMANA-SEC_REN-2014-1704,Ultra Mega Solar Park (26 MW) with Battery Storage at Bhagalpur,MNRE,Ministry of New and Renewable Energy,SEC_REN,Solar & Renewable Green Energy,Bihar,East,SECI,25.3448,85.768,301.14,350.98,49.84,16.55,131.7,37.5,63.3,2014-11-16,2016-05-16,2018-08-14,18,27,150.0,33,33,1,846,811.2,80.2,Stage-II Pending,8.6,0,0.0,Low/Plains,0.61,0.4,2026-04-10,OCMS_Historical,Under Implementation,1,1
PAIMANA-SEC_CHEM-2015-1705,Coal-Gasification Based Urea & Fertilizer Complex at Kandla,MoCF,Ministry of Chemicals and Fertilizers,SEC_CHEM,Fertilizer Plants & Petrochemicals,Gujarat,West,FCIL,21.6608,71.7746,261.6,296.14,34.54,13.2,142.51,48.1,81.0,2015-03-09,2017-05-07,2018-07-06,26,14,150.0,24,24,1,433,147.1,76.1,Approved,6.6,0,0.0,Low/Plains,0.62,0.85,2026-04-10,OCMS_Historical,Under Implementation,1,1
PAIMANA-SEC_HWY-2014-1706,Delhi-Mumbai Expressway Package 5 (Jamshedpur-Bokaro Section),MoRTH,Ministry of Road Transport and Highways,SEC_HWY,Highways & Expressways,Jharkhand,East,NHAI,23.2225,85.2087,2041.25,2470.93,429.68,21.05,1070.06,43.3,73.3,2014-06-13,2017-07-11,2019-08-10,37,25,150.0,13,13,1,746,91.1,72.0,Approved,6.0,0,0.0,High/Himalayan/Riverine,0.44,0.33,2026-04-10,OCMS_Historical,Under Implementation,1,1
PAIMANA-SEC_REN-2022-1707,Offshore & Onshore Hybrid Wind-Solar Power Hub in Amritsar,MNRE,Ministry of New and Renewable Energy,SEC_REN,Solar & Renewable Green Energy,Punjab,North,NTPC-REL,30.7636,75.3634,340.09,373.67,33.58,9.87,233.87,62.6,100.0,2022-03-27,2024-07-25,2024-07-25,28,0,150.0,13,13,0,0,1050.4,76.7,Exempted,9.0,0,0.0,Low/Plains,0.45,0.81,2026-04-10,PAIMANA_Live,Commissioned,0,0
PAIMANA-SEC_PWR_TR-2021-1708,Substation Automation & GIS Grid Augmentation at Rajkot,MoP,Ministry of Power,SEC_PWR_TR,Power Transmission & Grid,Gujarat,West,PGCIL,21.9542,70.7621,6079.4,6388.48,309.08,5.08,3473.64,54.4,84.2,2021-04-20,2026-08-17,2026-08-17,64,0,93.6,33,22,0,0,413.8,80.0,Approved,9.5,0,0.0,Low/Plains,0.76,0.44,2026-04-10,PAIMANA_Live,Under Implementation,0,0
PAIMANA-SEC_CHEM-2017-1709,Coal-Gasification Based Urea & Fertilizer Complex at Kharagpur,MoCF,Ministry of Chemicals and Fertilizers,SEC_CHEM,Fertilizer Plants & Petrochemicals,West Bengal,East,FCIL,23.1726,88.3492,158.82,192.0,33.18,20.89,109.22,56.9,100.0,2017-07-02,2019-07-01,2019-07-01,24,0,150.0,15,15,0,0,1214.1,91.6,Exempted,6.1,1,238.21,Low/Plains,0.27,0.73,2026-04-10,OCMS_Historical,Commissioned,1,0
PAIMANA-SEC_LOG-2023-1710,Central Freight Logistics & Cold Chain Infrastructure Hub at Jodhpur,MoRTH,Ministry of Road Transport and Highways,SEC_LOG,Multimodal Logistics Parks (MMLP),Rajasthan,North,CONCOR,26.5227,73.6465,5751.64,5804.32,52.68,0.92,1247.07,21.5,35.3,2023-12-18,2030-02-13,2030-02-13,74,0,37.8,37,9,0,0,905.0,87.0,Exempted,8.4,1,188.41,Low/Plains,0.93,0.46,2026-04-10,PAIMANA_Live,Under Implementation,0,0
PAIMANA-SEC_PWR_TR-2019-1711,Substation Automation & GIS Grid Augmentation at Kakinada,MoP,Ministry of Power,SEC_PWR_TR,Power Transmission & Grid,Andhra Pradesh,South,PGCIL,15.3465,80.3001,1402.59,1733.84,331.25,23.62,785.56,45.3,78.2,2019-09-16,2022-08-15,2024-08-13,35,24,150.0,31,31,1,738,1579.5,54.4,Stage-I,9.1,1,339.16,High/Himalayan/Riverine,0.2,0.79,2026-04-10,OCMS_Historical,Under Implementation,1,1
PAIMANA-SEC_ATOM-2017-1712,Pressurized Heavy Water Reactor Nuclear Power Unit (13x700 MWe) at Bengaluru,DAE,Department of Atomic Energy,SEC_ATOM,Atomic Energy & Nuclear Power,Karnataka,South,NPCIL,15.5741,75.7082,1047.05,1224.94,177.89,16.99,554.77,45.3,67.6,2017-06-18,2019-03-18,2021-02-14,21,23,150.0,39,39,1,707,1122.9,70.9,Approved,9.4,0,0.0,Low/Plains,0.54,0.64,2026-04-10,OCMS_Historical,Under Implementation,1,1
PAIMANA-SEC_LOG-2023-1713,Central Freight Logistics & Cold Chain Infrastructure Hub at Gwalior,MoRTH,Ministry of Road Transport and Highways,SEC_LOG,Multimodal Logistics Parks (MMLP),Madhya Pradesh,Central,CONCOR,22.4271,78.2269,683.98,783.17,99.19,14.5,402.51,51.4,76.7,2023-01-02,2025-06-01,2027-05-01,29,23,136.1,25,25,1,675,1480.6,63.6,Approved,3.6,0,0.0,Low/Plains,0.67,0.21,2026-04-10,PAIMANA_Live,Under Implementation,1,1
PAIMANA-SEC_METRO-2023-1714,Regional Rapid Transit System (RRTS) Semi High-Speed Line (Tuticorin-Chennai),MoHUA,Ministry of Housing and Urban Affairs,SEC_METRO,Metro Rail & Urban Transit,Tamil Nadu,South,NCRTC,11.5383,78.2843,1677.04,2006.96,329.92,19.67,644.96,32.1,53.6,2023-11-09,2027-01-07,2028-12-06,38,23,76.9,48,37,4,735,592.5,64.4,Approved,8.8,1,112.93,Low/Plains,0.7,0.88,2026-04-10,PAIMANA_Live,Under Implementation,1,1
PAIMANA-SEC_CHEM-2018-1715,Coal-Gasification Based Urea & Fertilizer Complex at Bhavnagar,MoCF,Ministry of Chemicals and Fertilizers,SEC_CHEM,Fertilizer Plants & Petrochemicals,Gujarat,West,FCIL,21.8787,70.9853,1107.49,1200.77,93.28,8.42,749.63,62.4,100.0,2018-10-01,2021-05-30,2021-05-30,32,0,150.0,14,14,0,0,1796.8,83.6,Approved,4.8,0,0.0,Moderate/Plateau,0.37,0.89,2026-04-10,OCMS_Historical,Commissioned,0,0
PAIMANA-SEC_PORT-2020-1716,LNG Import Terminal & Marine Jetty Infrastructure at Pune,MoPSW,"Ministry of Ports, Shipping and Waterways",SEC_PORT,Major Ports & Maritime Channels,Maharashtra,West,Petronet,19.7734,75.1567,3273.92,3691.33,417.41,12.75,2251.45,61.0,100.0,2020-05-18,2024-04-15,2024-04-15,47,0,150.0,30,29,0,0,111.5,80.9,Approved,9.3,0,0.0,High/Himalayan/Riverine,0.11,0.52,2026-04-10,PAIMANA_Live,Commissioned,1,0
PAIMANA-SEC_CHEM-2015-1717,Coal-Gasification Based Urea & Fertilizer Complex at Haldwani,MoCF,Ministry of Chemicals and Fertilizers,SEC_CHEM,Fertilizer Plants & Petrochemicals,Uttarakhand,North,FCIL,30.1494,79.5576,1279.37,1477.64,198.27,15.5,757.93,51.3,85.4,2015-02-08,2017-01-07,2017-09-07,23,8,150.0,36,36,1,252,957.2,86.0,Stage-I,8.9,0,0.0,High/Himalayan/Riverine,0.11,0.86,2026-04-10,OCMS_Historical,Nearing Completion,1,1
PAIMANA-SEC_STEEL-2018-1718,Integrated Steel Plant Modernization & Pelletization Unit at Pune,MoSteel,Ministry of Steel,SEC_STEEL,Steel Plants & Metallurgy Units,Maharashtra,West,SAIL,20.1971,75.1972,1323.97,1607.34,283.37,21.4,641.29,39.9,69.0,2018-03-12,2021-03-10,2023-11-07,36,32,150.0,24,24,1,969,1256.0,69.7,Stage-I,4.4,3,686.93,Moderate/Plateau,0.56,0.49,2026-04-10,OCMS_Historical,Under Implementation,1,1
PAIMANA-SEC_METRO-2023-1719,Urban Light Rail Transit / MetroLite System for Haldia Smart City,MoHUA,Ministry of Housing and Urban Affairs,SEC_METRO,Metro Rail & Urban Transit,West Bengal,East,Metro Rail Corp,22.559,87.3796,812.55,947.73,135.18,16.64,344.17,36.3,57.0,2023-09-10,2026-08-09,2028-12-07,35,28,89.1,22,13,1,832,1567.0,61.1,Approved,4.5,0,0.0,Low/Plains,0.41,0.49,2026-04-10,PAIMANA_Live,Under Implementation,1,1
PAIMANA-SEC_METRO-2014-1720,Urban Light Rail Transit / MetroLite System for Solapur Smart City,MoHUA,Ministry of Housing and Urban Affairs,SEC_METRO,Metro Rail & Urban Transit,Maharashtra,West,Metro Rail Corp,19.8908,75.6535,1087.36,1340.55,253.19,23.28,585.76,43.7,75.6,2014-07-01,2017-08-29,2019-12-28,38,28,150.0,15,15,1,873,1229.4,68.6,Approved,7.4,3,888.82,Low/Plains,0.65,0.32,2026-04-10,OCMS_Historical,Under Implementation,1,1
PAIMANA-SEC_METRO-2021-1721,Regional Rapid Transit System (RRTS) Semi High-Speed Line (Pan-India Grid-National Corridor),MoHUA,Ministry of Housing and Urban Affairs,SEC_METRO,Metro Rail & Urban Transit,Multi-State / National,National,NCRTC,22.288,78.9181,1537.66,1772.4,234.74,15.27,816.93,46.1,75.3,2021-10-09,2024-09-07,2027-03-08,35,30,150.0,41,41,1,919,957.1,81.5,Approved,3.4,2,214.74,Moderate/Plateau,0.34,0.34,2026-04-10,PAIMANA_Live,Under Implementation,1,1
PAIMANA-SEC_AIR-2016-1722,Air Cargo Hub & Aircraft Maintenance Repair Overhaul (MRO) at Mangaluru,MoCA,Ministry of Civil Aviation,SEC_AIR,Regional & Greenfield Airports,Karnataka,South,AAI,15.2735,75.5193,226.09,269.2,43.11,19.07,123.93,46.0,74.9,2016-01-15,2018-03-15,2019-11-13,26,20,150.0,46,46,1,638,1102.4,69.8,Approved,8.9,0,0.0,High/Himalayan/Riverine,0.63,0.77,2026-04-10,OCMS_Historical,Under Implementation,1,1
PAIMANA-SEC_SMART-2020-1723,Special Investment Region Trunk Infrastructure & Utilities at Ambala,MoHUA,Ministry of Housing and Urban Affairs,SEC_SMART,Smart Cities & Industrial Corridors,Haryana,North,Dholera/DMIC,28.9302,76.0499,318.88,383.84,64.96,20.37,184.52,48.1,76.3,2020-03-24,2022-09-22,2024-09-20,30,24,150.0,25,25,1,765,1702.9,81.5,Approved,3.2,0,0.0,High/Himalayan/Riverine,0.44,0.33,2026-04-10,PAIMANA_Live,Under Implementation,1,1
PAIMANA-SEC_HEALTH-2021-1724,All India Institute of Medical Sciences (AIIMS) 750-Bed Super-Specialty Campus at Kanpur,MoHFW,Ministry of Health and Family Welfare,SEC_HEALTH,AIIMS & Super-Specialty Medical Infra,Uttar Pradesh,North,MoHFW/HSCC,27.4271,81.163,2325.54,2818.08,492.54,21.18,1282.6,45.5,77.0,2021-05-27,2024-12-24,2027-01-23,43,25,136.5,15,15,1,777,236.0,72.4,Approved,5.2,0,0.0,High/Himalayan/Riverine,0.64,0.47,2026-04-10,PAIMANA_Live,Under Implementation,1,1
PAIMANA-SEC_PWR_GEN-2020-1725,Subansiri/Tehri Stage-II Hydroelectric Dam & Powerhouse (Pakyong),MoP,Ministry of Power,SEC_PWR_GEN,Thermal & Hydro Power Generation,Sikkim,North-East,SJVN,26.9588,89.0164,1350.09,1668.84,318.75,23.61,752.3,45.1,73.6,2020-10-26,2023-02-24,2025-03-25,28,25,150.0,21,21,1,790,353.9,79.5,Approved,6.6,0,0.0,High/Himalayan/Riverine,0.28,0.66,2026-04-10,PAIMANA_Live,Under Implementation,1,1
PAIMANA-SEC_RLY-2019-1726,Railway Doubling & Electrification of Thane-Nashik Section (41 km),MoR,Ministry of Railways,SEC_RLY,Railways & High-Speed Rail,Maharashtra,West,CORE,19.5154,76.0767,963.74,1198.92,235.18,24.4,468.76,39.1,65.6,2019-02-11,2021-08-11,2024-04-09,30,32,150.0,24,23,1,998,1015.7,42.4,Stage-I,4.4,1,153.01,Moderate/Plateau,0.95,0.86,2026-04-10,OCMS_Historical,Under Implementation,1,1
PAIMANA-SEC_REN-2016-1727,Green Ammonia & Hydrogen Renewable Energy Island at Bhilai,MNRE,Ministry of New and Renewable Energy,SEC_REN,Solar & Renewable Green Energy,Chhattisgarh,Central,SECI,21.5855,81.4288,1168.08,1419.44,251.36,21.52,622.28,43.8,65.7,2016-03-14,2018-03-13,2020-12-10,24,33,150.0,46,46,1,1010,166.4,90.8,Approved,8.0,3,658.8,Moderate/Plateau,0.75,0.38,2026-04-10,OCMS_Historical,Under Implementation,1,1
PAIMANA-SEC_ATOM-2021-1728,Fast Breeder Reactor & Reprocessing Facility at Nashik,DAE,Department of Atomic Energy,SEC_ATOM,Atomic Energy & Nuclear Power,Maharashtra,West,BHAVINI,19.2342,75.2758,1596.88,1922.77,325.89,20.41,759.34,39.5,68.6,2021-07-16,2023-12-14,2026-09-12,29,33,150.0,13,13,1,1012,663.6,45.2,Approved,3.9,0,0.0,Low/Plains,0.26,0.59,2026-04-10,PAIMANA_Live,Under Implementation,1,1
PAIMANA-SEC_AIR-2020-1729,Greenfield International Airport Terminal-28 & Parallel Runway at Udaipur,MoCA,Ministry of Civil Aviation,SEC_AIR,Regional & Greenfield Airports,Rajasthan,North,AAI,27.0399,74.7963,687.34,754.6,67.26,9.79,396.22,52.5,80.2,2020-03-04,2022-02-01,2023-05-03,23,15,150.0,32,32,1,473,809.9,78.2,Stage-I,6.0,0,0.0,Low/Plains,0.14,0.28,2026-04-10,PAIMANA_Live,Under Implementation,0,1
PAIMANA-SEC_HWY-2021-1730,National Highway NH-20 Widening & Bypass at Guntur,MoRTH,Ministry of Road Transport and Highways,SEC_HWY,Highways & Expressways,Andhra Pradesh,South,MoRTH,16.3593,80.2519,547.97,689.99,142.02,25.92,276.02,40.0,60.3,2021-06-06,2022-12-05,2025-08-03,18,32,150.0,27,27,1,972,1536.0,83.1,Approved,8.8,4,740.93,Low/Plains,0.26,0.2,2026-04-10,PAIMANA_Live,Under Implementation,1,1
PAIMANA-SEC_HWY-2023-1731,Trans-Himalayan Highway Multi-Lane Tunnel & Approach Roads near Kota,MoRTH,Ministry of Road Transport and Highways,SEC_HWY,Highways & Expressways,Rajasthan,North,NHIDCL,27.5553,74.4808,1382.52,1570.45,187.93,13.59,709.54,45.2,72.4,2023-01-10,2025-12-09,2028-02-07,35,26,111.9,24,22,2,767,1493.6,62.7,Approved,8.8,1,72.03,Low/Plains,0.89,0.22,2026-04-10,PAIMANA_Live,Under Implementation,1,1
PAIMANA-SEC_HEALTH-2017-1732,All India Institute of Medical Sciences (AIIMS) 750-Bed Super-Specialty Campus at Vadodara,MoHFW,Ministry of Health and Family Welfare,SEC_HEALTH,AIIMS & Super-Specialty Medical Infra,Gujarat,West,MoHFW/HSCC,21.9503,70.8049,453.12,454.0,0.88,0.19,297.57,65.5,100.0,2017-08-10,2019-07-10,2019-07-10,23,0,150.0,17,17,0,0,1213.9,92.7,Stage-I,9.1,0,0.0,Low/Plains,0.71,0.28,2026-04-10,OCMS_Historical,Commissioned,0,0
PAIMANA-SEC_PET-2016-1733,Green Hydrogen & Bio-Ethanol Mega Plant at Pune,MoPNG,Ministry of Petroleum and Natural Gas,SEC_PET,Petroleum Pipelines & Refineries,Maharashtra,West,BPCL,19.2979,75.9589,1691.63,2038.44,346.81,20.5,970.62,47.6,75.6,2016-10-26,2019-06-25,2021-08-23,32,26,150.0,17,17,1,812,806.6,45.4,Approved,4.3,1,177.03,Moderate/Plateau,0.48,0.44,2026-04-10,OCMS_Historical,Under Implementation,1,1
PAIMANA-SEC_COAL-2015-1734,Open Cast Coal Mining Project (64 MTPA) with High-Capacity Conveyors at Coimbatore,MoCoal,Ministry of Coal,SEC_COAL,Coal Mining & Washeries,Tamil Nadu,South,CIL,10.8728,78.8683,227.73,276.36,48.63,21.35,117.83,42.6,67.5,2015-03-03,2016-08-31,2018-08-30,18,24,150.0,12,12,1,708,515.1,87.8,Stage-I,5.3,1,255.16,Low/Plains,0.91,0.22,2026-04-10,OCMS_Historical,Under Implementation,1,1
PAIMANA-SEC_RLY-2021-1735,New Broad Gauge Rail Link Imphal to Churachandpur with Major Bridges,MoR,Ministry of Railways,SEC_RLY,Railways & High-Speed Rail,Manipur,North-East,RVNL,24.2586,94.0687,3051.24,3492.4,441.16,14.46,1742.06,49.9,82.3,2021-03-17,2024-03-15,2025-10-13,36,19,150.0,17,17,1,564,1559.0,83.2,Stage-I,5.3,0,0.0,Moderate/Plateau,0.83,0.74,2026-04-10,PAIMANA_Live,Under Implementation,1,1
PAIMANA-SEC_LOG-2018-1736,Central Freight Logistics & Cold Chain Infrastructure Hub at Angul,MoRTH,Ministry of Road Transport and Highways,SEC_LOG,Multimodal Logistics Parks (MMLP),Odisha,East,CONCOR,20.427,84.9116,1798.26,2013.65,215.39,11.98,1049.65,52.1,77.3,2018-10-14,2022-04-12,2024-02-09,42,22,150.0,30,30,1,692,461.8,94.2,Approved,4.0,0,0.0,Low/Plains,0.29,0.88,2026-04-10,OCMS_Historical,Under Implementation,1,1
PAIMANA-SEC_RLY-2023-1737,Himalayan Strategic Rail Network Rail Tunnel Complex near Belagavi,MoR,Ministry of Railways,SEC_RLY,Railways & High-Speed Rail,Karnataka,South,IRCON,15.147,76.0871,1463.86,1764.19,300.33,20.52,744.61,42.2,65.8,2023-07-03,2026-07-31,2027-10-30,37,15,90.5,12,9,2,472,212.5,55.9,Approved,7.4,0,0.0,High/Himalayan/Riverine,0.54,0.41,2026-04-10,PAIMANA_Live,Under Implementation,1,1
PAIMANA-SEC_TEL-2021-1738,National 5G High-Density Core Network Infrastructure in Kanpur,DoT,Department of Telecommunications,SEC_TEL,Telecommunication & BharatNet Fiber,Uttar Pradesh,North,BSNL,26.4299,81.2316,2919.49,3524.35,604.86,20.72,1601.49,45.4,74.3,2021-05-25,2025-07-23,2028-02-20,50,31,117.5,32,25,2,952,1163.6,69.0,Stage-II Pending,6.9,1,128.57,Moderate/Plateau,0.48,0.66,2026-04-10,PAIMANA_Live,Under Implementation,1,1
PAIMANA-SEC_ATOM-2020-1739,Pressurized Heavy Water Reactor Nuclear Power Unit (6x700 MWe) at Vijayawada,DAE,Department of Atomic Energy,SEC_ATOM,Atomic Energy & Nuclear Power,Andhra Pradesh,South,NPCIL,15.7824,79.3199,5584.82,6652.87,1068.05,19.12,3360.55,50.5,79.5,2020-01-28,2025-01-25,2026-12-25,60,23,124.4,32,26,4,698,568.0,66.1,Approved,8.1,2,237.71,Low/Plains,0.4,0.78,2026-04-10,PAIMANA_Live,Under Implementation,1,1
PAIMANA-SEC_STEEL-2017-1740,Specialty Alloy & Hot Rolled Coil Expansion Facility at Jamnagar,MoSteel,Ministry of Steel,SEC_STEEL,Steel Plants & Metallurgy Units,Gujarat,West,RINL,21.739,70.9803,3008.68,3662.17,653.49,21.72,1670.65,45.6,74.6,2017-01-16,2021-01-14,2023-12-14,48,35,150.0,22,22,1,1047,1239.0,38.8,Approved,6.5,2,204.76,Moderate/Plateau,0.65,0.21,2026-04-10,OCMS_Historical,Under Implementation,1,1
PAIMANA-SEC_CHEM-2023-1741,Coal-Gasification Based Urea & Fertilizer Complex at Nagpur,MoCF,Ministry of Chemicals and Fertilizers,SEC_CHEM,Fertilizer Plants & Petrochemicals,Maharashtra,West,FCIL,19.8937,75.8479,199.69,212.33,12.64,6.33,130.35,61.4,100.0,2023-05-05,2025-01-02,2025-01-02,20,0,150.0,45,45,0,0,1795.4,77.7,Approved,5.7,0,0.0,Low/Plains,0.82,0.77,2026-04-10,PAIMANA_Live,Commissioned,0,0
PAIMANA-SEC_HEAVY-2016-1742,Heavy Machine Tools & Engineering Foundry Unit in Amritsar,MHI,Ministry of Heavy Industries,SEC_HEAVY,Heavy Engineering & Capital Goods,Punjab,North,HMT,30.7984,75.1326,340.36,381.59,41.23,12.11,234.06,61.3,100.0,2016-09-10,2018-09-09,2018-09-09,24,0,150.0,35,35,0,0,482.5,84.6,Stage-II Pending,9.6,1,270.96,Low/Plains,0.24,0.71,2026-04-10,OCMS_Historical,Commissioned,1,0
PAIMANA-SEC_METRO-2019-1743,Urban Light Rail Transit / MetroLite System for Bhopal Smart City,MoHUA,Ministry of Housing and Urban Affairs,SEC_METRO,Metro Rail & Urban Transit,Madhya Pradesh,Central,Metro Rail Corp,23.0494,79.1256,633.99,717.52,83.53,13.18,319.24,44.5,68.3,2019-11-16,2021-12-15,2023-11-14,25,23,150.0,47,47,1,732,590.1,85.8,Approved,5.4,0,0.0,Low/Plains,0.25,0.58,2026-04-10,OCMS_Historical,Under Implementation,1,1
PAIMANA-SEC_STEEL-2022-1744,Specialty Alloy & Hot Rolled Coil Expansion Facility at Mumbai,MoSteel,Ministry of Steel,SEC_STEEL,Steel Plants & Metallurgy Units,Maharashtra,West,RINL,19.3232,76.1312,1176.61,1428.27,251.66,21.39,635.6,44.5,69.5,2022-02-13,2024-03-14,2026-11-11,25,32,150.0,32,32,1,983,62.7,88.4,Approved,5.5,1,310.74,Low/Plains,0.81,0.29,2026-04-10,PAIMANA_Live,Under Implementation,1,1
PAIMANA-SEC_RLY-2021-1745,New Broad Gauge Rail Link Aurangabad to Solapur with Major Bridges,MoR,Ministry of Railways,SEC_RLY,Railways & High-Speed Rail,Maharashtra,West,RVNL,20.0316,75.9965,1876.91,2318.28,441.37,23.52,948.01,40.9,61.3,2021-04-08,2023-07-07,2027-02-03,27,43,150.0,32,32,1,1325,296.4,89.6,Stage-II Pending,8.2,3,266.23,Moderate/Plateau,0.69,0.81,2026-04-10,PAIMANA_Live,Under Implementation,1,1
PAIMANA-SEC_COAL-2022-1746,Open Cast Coal Mining Project (22 MTPA) with High-Capacity Conveyors at Kalaburagi,MoCoal,Ministry of Coal,SEC_COAL,Coal Mining & Washeries,Karnataka,South,CIL,15.2533,75.5723,576.02,628.32,52.3,9.08,301.24,47.9,79.5,2022-09-10,2024-08-09,2025-06-09,23,10,150.0,36,36,1,301,1405.2,87.8,Approved,6.6,0,0.0,Low/Plains,0.76,0.8,2026-04-10,PAIMANA_Live,Under Implementation,0,1
PAIMANA-SEC_REN-2023-1747,Ultra Mega Solar Park (45 MW) with Battery Storage at Mysuru,MNRE,Ministry of New and Renewable Energy,SEC_REN,Solar & Renewable Green Energy,Karnataka,South,SECI,15.3804,75.5565,1370.64,1645.71,275.07,20.07,587.2,35.7,60.7,2023-08-25,2026-04-23,2028-12-20,32,32,99.2,18,12,3,957,1358.6,87.5,Approved,7.0,2,156.22,Moderate/Plateau,0.61,0.83,2026-04-10,PAIMANA_Live,Under Implementation,1,1
PAIMANA-SEC_STEEL-2020-1748,Integrated Steel Plant Modernization & Pelletization Unit at Ujjain,MoSteel,Ministry of Steel,SEC_STEEL,Steel Plants & Metallurgy Units,Madhya Pradesh,Central,SAIL,22.5413,78.1796,560.03,624.08,64.05,11.44,300.95,48.2,74.5,2020-09-01,2023-01-30,2024-08-29,29,19,150.0,32,32,1,596,1507.5,88.7,Stage-I,7.0,0,0.0,Low/Plains,0.48,0.31,2026-04-10,PAIMANA_Live,Under Implementation,1,1
PAIMANA-SEC_REN-2017-1749,Green Ammonia & Hydrogen Renewable Energy Island at Tiruchirappalli,MNRE,Ministry of New and Renewable Energy,SEC_REN,Solar & Renewable Green Energy,Tamil Nadu,South,SECI,10.7131,79.0443,642.05,692.01,49.96,7.78,441.53,63.8,100.0,2017-02-25,2019-06-26,2019-06-26,28,0,150.0,34,34,0,0,634.2,81.9,Stage-I,3.3,1,46.4,Moderate/Plateau,0.94,0.57,2026-04-10,OCMS_Historical,Commissioned,0,0
PAIMANA-SEC_COAL-2021-1750,Open Cast Coal Mining Project (45 MTPA) with High-Capacity Conveyors at Coimbatore,MoCoal,Ministry of Coal,SEC_COAL,Coal Mining & Washeries,Tamil Nadu,South,CIL,10.9921,78.8181,301.65,348.73,47.08,15.61,145.08,41.6,70.8,2021-03-04,2023-01-01,2025-01-30,22,25,150.0,26,26,1,776,815.8,92.0,Stage-I,5.7,3,139.93,Low/Plains,0.7,0.36,2026-04-10,PAIMANA_Live,Under Implementation,1,1
PAIMANA-SEC_ATOM-2014-1751,Fast Breeder Reactor & Reprocessing Facility at Kanpur,DAE,Department of Atomic Energy,SEC_ATOM,Atomic Energy & Nuclear Power,Uttar Pradesh,North,BHAVINI,27.325,80.5432,477.49,563.74,86.25,18.06,222.5,39.5,65.8,2014-09-25,2016-09-23,2018-12-22,24,27,150.0,43,43,1,797,148.0,57.5,Approved,7.1,0,0.0,High/Himalayan/Riverine,0.72,0.23,2026-04-10,OCMS_Historical,Under Implementation,1,1
PAIMANA-SEC_COAL-2016-1752,Mechanized Coal Washery & Pithead Rail Dispatch Facility (Kakinada),MoCoal,Ministry of Coal,SEC_COAL,Coal Mining & Washeries,Andhra Pradesh,South,BCCL,15.7841,79.9206,317.83,352.65,34.82,10.96,217.52,61.7,100.0,2016-09-01,2018-08-01,2018-08-01,23,0,150.0,29,29,0,0,1673.7,89.8,Approved,8.9,1,303.56,Moderate/Plateau,0.34,0.58,2026-04-10,OCMS_Historical,Commissioned,1,0
PAIMANA-SEC_IRR-2014-1753,National River Interlinking Canal & Barrage System (Haridwar-Karnaprayag),DoWR,"Department of Water Resources, RD & GR",SEC_IRR,National River Link & Irrigation,Uttarakhand,North,NWDA,29.532,79.1706,454.2,546.37,92.17,20.29,273.82,50.1,76.9,2014-08-20,2017-03-19,2019-02-16,31,23,150.0,37,37,1,699,757.5,53.4,Approved,8.5,2,233.8,Moderate/Plateau,0.84,0.24,2026-04-10,OCMS_Historical,Under Implementation,1,1
PAIMANA-SEC_LOG-2018-1754,Multimodal Logistics Park (MMLP) with Inland Container Depot at Salem,MoRTH,Ministry of Road Transport and Highways,SEC_LOG,Multimodal Logistics Parks (MMLP),Tamil Nadu,South,NHLML,11.2432,79.0109,3123.05,3747.34,624.29,19.99,1746.81,46.6,72.7,2018-04-17,2021-04-15,2023-10-14,36,30,150.0,31,31,1,898,1237.4,44.9,Approved,6.8,2,175.02,Moderate/Plateau,0.44,0.33,2026-04-10,OCMS_Historical,Under Implementation,1,1
PAIMANA-SEC_SMART-2017-1755,Industrial Smart City & Integrated Manufacturing Node at Solapur,MoHUA,Ministry of Housing and Urban Affairs,SEC_SMART,Smart Cities & Industrial Corridors,Maharashtra,West,NICDC,19.4099,75.3428,465.76,528.2,62.44,13.41,233.5,44.2,70.0,2017-02-20,2018-08-21,2019-12-20,18,16,150.0,12,11,1,525,950.8,65.8,Approved,6.0,0,0.0,High/Himalayan/Riverine,0.82,0.3,2026-04-10,OCMS_Historical,Under Implementation,1,1
PAIMANA-SEC_WATER-2019-1756,Urban 24x7 Water Supply & Advanced Smart Grid Pipeline in Dwarka,MoHUA,Ministry of Housing and Urban Affairs,SEC_WATER,Water Supply & Urban Sanitation,Delhi NCR,North,Jal Nigam,28.2392,77.3723,13993.8,15220.91,1227.11,8.77,5963.96,39.2,55.2,2019-02-09,2029-02-04,2030-01-04,120,11,71.9,13,6,1,334,971.8,77.7,Exempted,7.6,0,0.0,Low/Plains,0.75,0.41,2026-04-10,OCMS_Historical,Under Implementation,0,1
PAIMANA-SEC_IRR-2023-1757,National River Interlinking Canal & Barrage System (Anand Vihar-New Delhi),DoWR,"Department of Water Resources, RD & GR",SEC_IRR,National River Link & Irrigation,Delhi NCR,North,NWDA,28.599,77.67,1834.01,2000.39,166.38,9.07,714.5,35.7,55.9,2023-12-18,2026-10-16,2028-06-15,34,20,82.2,29,24,1,631,347.0,87.6,Exempted,9.0,0,0.0,Moderate/Plateau,0.31,0.24,2026-04-10,PAIMANA_Live,Under Implementation,0,1
PAIMANA-SEC_LOG-2014-1758,Multimodal Logistics Park (MMLP) with Inland Container Depot at Noida,MoRTH,Ministry of Road Transport and Highways,SEC_LOG,Multimodal Logistics Parks (MMLP),Uttar Pradesh,North,NHLML,26.2996,81.0221,1368.13,1410.45,42.32,3.09,934.49,66.3,100.0,2014-11-03,2017-05-03,2017-05-03,30,0,150.0,30,30,0,0,397.2,80.1,Approved,7.7,0,0.0,Moderate/Plateau,0.86,0.43,2026-04-10,OCMS_Historical,Commissioned,0,0
PAIMANA-SEC_WATER-2022-1759,Comprehensive Sewage Treatment & River Cleaning Mission at Tirupati,MoHUA,Ministry of Housing and Urban Affairs,SEC_WATER,Water Supply & Urban Sanitation,Andhra Pradesh,South,NMCG,16.0092,79.5865,507.84,623.67,115.83,22.81,268.75,43.1,71.3,2022-12-16,2024-11-14,2026-12-14,23,25,150.0,15,14,1,764,1356.8,83.6,Approved,5.2,2,433.44,Low/Plains,0.45,0.55,2026-04-10,PAIMANA_Live,Under Implementation,1,1
PAIMANA-SEC_TEL-2018-1760,BharatNet Rural Optical Fiber Network Phase-3 across Baramulla,DoT,Department of Telecommunications,SEC_TEL,Telecommunication & BharatNet Fiber,Jammu & Kashmir,North,BBNL,34.2802,77.1555,2232.55,2638.74,406.19,18.19,1275.68,48.3,72.8,2018-03-27,2021-11-23,2024-07-22,44,32,150.0,46,46,1,983,1797.0,62.8,Stage-I,6.2,1,245.58,Moderate/Plateau,0.5,0.65,2026-04-10,OCMS_Historical,Under Implementation,1,1
PAIMANA-SEC_PWR_GEN-2023-1761,Subansiri/Tehri Stage-II Hydroelectric Dam & Powerhouse (Jharsuguda),MoP,Ministry of Power,SEC_PWR_GEN,Thermal & Hydro Power Generation,Odisha,East,SJVN,21.4731,85.2961,664.31,773.1,108.79,16.38,378.88,49.0,72.6,2023-06-18,2025-04-16,2027-02-13,22,22,150.0,48,48,1,650,1122.5,76.0,Approved,4.8,0,0.0,Low/Plains,0.93,0.45,2026-04-10,PAIMANA_Live,Under Implementation,1,1
PAIMANA-SEC_REN-2017-1762,Green Ammonia & Hydrogen Renewable Energy Island at Tuticorin,MNRE,Ministry of New and Renewable Energy,SEC_REN,Solar & Renewable Green Energy,Tamil Nadu,South,SECI,11.2998,78.2437,1288.86,1413.96,125.1,9.71,739.91,52.3,80.4,2017-11-23,2020-07-22,2021-12-20,32,17,150.0,43,42,1,528,173.4,84.5,Approved,9.0,0,0.0,Moderate/Plateau,0.83,0.31,2026-04-10,OCMS_Historical,Under Implementation,0,1
PAIMANA-SEC_COAL-2014-1763,Open Cast Coal Mining Project (7 MTPA) with High-Capacity Conveyors at Solapur,MoCoal,Ministry of Coal,SEC_COAL,Coal Mining & Washeries,Maharashtra,West,CIL,19.5064,75.3624,13064.93,14764.56,1699.63,13.01,8331.27,56.4,92.2,2014-09-26,2024-08-21,2026-05-21,119,21,116.6,43,43,1,630,551.5,53.0,Approved,9.4,2,595.26,Low/Plains,0.77,0.33,2026-04-10,OCMS_Historical,Nearing Completion,1,1
PAIMANA-SEC_SMART-2015-1764,Special Investment Region Trunk Infrastructure & Utilities at National Corridor,MoHUA,Ministry of Housing and Urban Affairs,SEC_SMART,Smart Cities & Industrial Corridors,Multi-State / National,National,Dholera/DMIC,21.9896,78.4378,1047.7,1185.28,137.58,13.13,569.86,48.1,76.8,2015-02-09,2017-12-08,2019-12-07,34,24,150.0,19,19,1,705,559.2,60.1,Approved,7.4,0,0.0,Low/Plains,0.29,0.29,2026-04-10,OCMS_Historical,Under Implementation,1,1
PAIMANA-SEC_STEEL-2019-1765,Specialty Alloy & Hot Rolled Coil Expansion Facility at Ramagundam,MoSteel,Ministry of Steel,SEC_STEEL,Steel Plants & Metallurgy Units,Telangana,South,RINL,18.0822,79.0718,3420.07,3986.34,566.27,16.56,2246.79,56.4,85.1,2019-01-09,2023-07-08,2025-02-04,54,19,150.0,36,36,1,599,1347.9,42.0,Approved,9.6,1,153.35,Low/Plains,0.77,0.29,2026-04-10,OCMS_Historical,Nearing Completion,1,1
PAIMANA-SEC_PET-2017-1766,Integrated Petroleum Refinery Expansion & Polypropylene Unit at Tuticorin,MoPNG,Ministry of Petroleum and Natural Gas,SEC_PET,Petroleum Pipelines & Refineries,Tamil Nadu,South,IOCL,11.3477,78.769,588.51,715.7,127.19,21.61,292.87,40.9,68.1,2017-12-27,2019-07-27,2021-11-24,19,28,150.0,41,41,1,863,1024.6,60.0,Stage-I,4.7,0,0.0,High/Himalayan/Riverine,0.94,0.77,2026-04-10,OCMS_Historical,Under Implementation,1,1
PAIMANA-SEC_SMART-2014-1767,Special Investment Region Trunk Infrastructure & Utilities at Tiruchirappalli,MoHUA,Ministry of Housing and Urban Affairs,SEC_SMART,Smart Cities & Industrial Corridors,Tamil Nadu,South,Dholera/DMIC,11.5514,78.1047,1110.28,1274.17,163.89,14.76,547.1,42.9,72.7,2014-09-15,2016-07-14,2018-06-13,22,23,150.0,44,44,1,726,645.4,82.6,Approved,9.2,2,139.64,Moderate/Plateau,0.33,0.26,2026-04-10,OCMS_Historical,Under Implementation,1,1
PAIMANA-SEC_HEAVY-2019-1768,Heavy Electrical Equipment & Gas Turbine Manufacturing Facility at Paradip,MHI,Ministry of Heavy Industries,SEC_HEAVY,Heavy Engineering & Capital Goods,Odisha,East,BHEL,20.7598,85.3181,6172.55,7441.14,1268.59,20.55,3767.35,50.6,80.2,2019-07-04,2024-11-30,2027-05-31,65,30,125.4,16,14,1,885,216.1,76.5,Approved,4.8,0,0.0,Low/Plains,0.38,0.77,2026-04-10,OCMS_Historical,Under Implementation,1,1
PAIMANA-SEC_CHEM-2017-1769,Coal-Gasification Based Urea & Fertilizer Complex at Kakinada,MoCF,Ministry of Chemicals and Fertilizers,SEC_CHEM,Fertilizer Plants & Petrochemicals,Andhra Pradesh,South,FCIL,15.6476,79.8087,632.69,778.42,145.73,23.03,313.71,40.3,66.1,2017-12-15,2019-08-15,2021-10-13,20,26,150.0,18,18,1,793,73.9,75.6,Approved,3.8,1,269.19,Low/Plains,0.58,0.77,2026-04-10,OCMS_Historical,Under Implementation,1,1
PAIMANA-SEC_WATER-2015-1770,Urban 24x7 Water Supply & Advanced Smart Grid Pipeline in Guwahati,MoHUA,Ministry of Housing and Urban Affairs,SEC_WATER,Water Supply & Urban Sanitation,Assam,North-East,Jal Nigam,25.9162,92.4178,6421.67,7131.58,709.91,11.05,3825.6,53.6,89.2,2015-02-03,2020-12-31,2022-10-30,71,22,150.0,34,34,1,703,1588.8,70.4,Stage-I,9.8,0,0.0,Low/Plains,0.32,0.36,2026-04-10,OCMS_Historical,Nearing Completion,1,1
PAIMANA-SEC_SMART-2016-1771,Industrial Smart City & Integrated Manufacturing Node at Mumbai,MoHUA,Ministry of Housing and Urban Affairs,SEC_SMART,Smart Cities & Industrial Corridors,Maharashtra,West,NICDC,19.7881,75.4779,2248.39,2740.64,492.25,21.89,1110.62,40.5,70.7,2016-10-14,2019-06-13,2021-07-12,32,25,150.0,47,47,1,754,1347.8,58.8,Stage-I,9.0,2,676.47,Low/Plains,0.87,0.77,2026-04-10,OCMS_Historical,Under Implementation,1,1
PAIMANA-SEC_PWR_GEN-2019-1772,Ultra Mega Supercritical Thermal Power Project (69x800 MW) at Solapur,MoP,Ministry of Power,SEC_PWR_GEN,Thermal & Hydro Power Generation,Maharashtra,West,NTPC,19.326,76.0265,672.68,761.02,88.34,13.13,338.7,44.5,69.2,2019-04-28,2021-12-25,2024-05-24,32,29,150.0,25,25,1,885,1740.3,82.5,Approved,5.1,0,0.0,Low/Plains,0.37,0.32,2026-04-10,OCMS_Historical,Under Implementation,1,1
PAIMANA-SEC_CHEM-2022-1773,Coal-Gasification Based Urea & Fertilizer Complex at Madurai,MoCF,Ministry of Chemicals and Fertilizers,SEC_CHEM,Fertilizer Plants & Petrochemicals,Tamil Nadu,South,FCIL,11.4639,78.0901,2093.08,2173.53,80.45,3.84,1439.39,66.2,100.0,2022-02-19,2024-11-18,2024-11-18,33,0,150.0,27,26,0,0,503.2,90.5,Approved,9.6,0,0.0,Low/Plains,0.52,0.25,2026-04-10,PAIMANA_Live,Commissioned,0,0
PAIMANA-SEC_SMART-2019-1774,Special Investment Region Trunk Infrastructure & Utilities at Kakinada,MoHUA,Ministry of Housing and Urban Affairs,SEC_SMART,Smart Cities & Industrial Corridors,Andhra Pradesh,South,Dholera/DMIC,15.35,79.2196,2891.51,3421.76,530.25,18.34,1616.93,47.3,78.5,2019-07-15,2023-01-11,2025-06-10,42,29,150.0,20,20,1,896,747.7,90.3,Approved,9.6,2,340.58,Moderate/Plateau,0.21,0.56,2026-04-10,OCMS_Historical,Under Implementation,1,1
PAIMANA-SEC_PET-2016-1775,Crude Oil Pipeline Augmented Pumping Infrastructure at Noida,MoPNG,Ministry of Petroleum and Natural Gas,SEC_PET,Petroleum Pipelines & Refineries,Uttar Pradesh,North,HPCL,26.9542,81.0184,2072.12,2521.89,449.77,21.71,1238.87,49.1,75.2,2016-11-02,2020-01-31,2022-10-30,39,33,150.0,29,29,1,994,796.0,89.8,Approved,4.1,1,344.98,Low/Plains,0.34,0.81,2026-04-10,OCMS_Historical,Under Implementation,1,1
PAIMANA-SEC_SMART-2023-1776,Special Investment Region Trunk Infrastructure & Utilities at Raipur,MoHUA,Ministry of Housing and Urban Affairs,SEC_SMART,Smart Cities & Industrial Corridors,Chhattisgarh,Central,Dholera/DMIC,21.2949,81.6418,258.24,320.34,62.1,24.05,126.71,39.6,63.1,2023-10-22,2026-06-20,2028-05-19,32,23,93.2,20,17,3,706,967.5,79.5,Stage-II Pending,8.0,1,282.58,Low/Plains,0.63,0.52,2026-04-10,PAIMANA_Live,Under Implementation,1,1
PAIMANA-SEC_STEEL-2017-1777,Integrated Steel Plant Modernization & Pelletization Unit at Jamnagar,MoSteel,Ministry of Steel,SEC_STEEL,Steel Plants & Metallurgy Units,Gujarat,West,SAIL,22.4819,71.4475,575.26,724.35,149.09,25.92,291.39,40.2,64.2,2017-10-07,2020-01-05,2022-12-04,27,35,150.0,31,31,1,1052,1175.6,65.4,Approved,7.6,3,533.04,Low/Plains,0.66,0.27,2026-04-10,OCMS_Historical,Under Implementation,1,1
PAIMANA-SEC_HEALTH-2019-1778,All India Institute of Medical Sciences (AIIMS) 750-Bed Super-Specialty Campus at Karnaprayag,MoHFW,Ministry of Health and Family Welfare,SEC_HEALTH,AIIMS & Super-Specialty Medical Infra,Uttarakhand,North,MoHFW/HSCC,29.7917,79.1011,907.29,1060.13,152.84,16.85,486.95,45.9,74.9,2019-04-26,2022-01-23,2024-02-22,33,25,150.0,45,45,1,748,1222.4,77.7,Exempted,6.8,1,214.91,Low/Plains,0.92,0.29,2026-04-10,OCMS_Historical,Under Implementation,1,1
PAIMANA-SEC_HEALTH-2019-1779,National Centre for Disease Control & Bio-Safety Level 4 Lab at Jorhat,MoHFW,Ministry of Health and Family Welfare,SEC_HEALTH,AIIMS & Super-Specialty Medical Infra,Assam,North-East,MoHFW,25.9194,93.5155,1069.44,1267.02,197.58,18.48,512.32,40.4,67.2,2019-03-09,2021-01-05,2022-10-05,22,21,150.0,28,28,1,615,1132.5,63.9,Approved,8.9,0,0.0,Low/Plains,0.59,0.82,2026-04-10,OCMS_Historical,Under Implementation,1,1
PAIMANA-SEC_INLAND-2021-1780,Fairway Development & River Ro-Ro Terminal Facility in Kochi,MoPSW,"Ministry of Ports, Shipping and Waterways",SEC_INLAND,National Waterways & River Ports,Kerala,South,IWAI,11.1911,76.782,2069.88,2326.46,256.58,12.4,1256.47,54.0,79.3,2021-10-04,2025-05-03,2026-11-01,43,18,126.5,39,39,1,536,1458.2,79.8,Approved,4.8,0,0.0,Low/Plains,0.13,0.23,2026-04-10,PAIMANA_Live,Under Implementation,1,1
PAIMANA-SEC_SMART-2020-1781,Special Investment Region Trunk Infrastructure & Utilities at Haldia,MoHUA,Ministry of Housing and Urban Affairs,SEC_SMART,Smart Cities & Industrial Corridors,West Bengal,East,Dholera/DMIC,23.0513,87.6351,1358.89,1576.43,217.54,16.01,735.89,46.7,72.8,2020-04-02,2023-08-01,2026-03-30,40,32,150.0,15,15,1,963,676.6,77.7,Stage-I,6.0,2,130.99,Low/Plains,0.18,0.35,2026-04-10,PAIMANA_Live,Under Implementation,1,1
PAIMANA-SEC_METRO-2016-1782,Metro Rail Project Phase-2 (Elevated & Underground Corridor Rishikesh-Haldwani),MoHUA,Ministry of Housing and Urban Affairs,SEC_METRO,Metro Rail & Urban Transit,Uttarakhand,North,Metro Rail Corp,29.732,78.9707,322.8,366.21,43.41,13.45,221.99,60.6,100.0,2016-07-07,2019-02-04,2019-02-04,31,0,150.0,13,13,0,0,186.7,89.7,Approved,5.5,0,0.0,High/Himalayan/Riverine,0.13,0.74,2026-04-10,OCMS_Historical,Commissioned,1,0
PAIMANA-SEC_REN-2016-1783,Ultra Mega Solar Park (60 MW) with Battery Storage at Agartala,MNRE,Ministry of New and Renewable Energy,SEC_REN,Solar & Renewable Green Energy,Tripura,North-East,SECI,23.5213,92.4539,1647.14,1852.27,205.13,12.45,930.34,50.2,79.4,2016-04-09,2018-08-08,2020-02-06,28,18,150.0,12,12,1,562,1678.7,94.6,Stage-I,9.1,1,80.41,Moderate/Plateau,0.38,0.21,2026-04-10,OCMS_Historical,Under Implementation,1,1
PAIMANA-SEC_HEAVY-2020-1784,Heavy Machine Tools & Engineering Foundry Unit in Lucknow,MHI,Ministry of Heavy Industries,SEC_HEAVY,Heavy Engineering & Capital Goods,Uttar Pradesh,North,HMT,26.9746,80.7938,2050.14,2347.74,297.6,14.52,1409.87,60.1,100.0,2020-01-18,2023-01-16,2023-01-16,36,0,150.0,25,25,0,0,1524.8,87.7,Approved,7.1,0,0.0,High/Himalayan/Riverine,0.46,0.84,2026-04-10,PAIMANA_Live,Commissioned,1,0
PAIMANA-SEC_PET-2023-1785,Crude Oil Pipeline Augmented Pumping Infrastructure at Mysuru,MoPNG,Ministry of Petroleum and Natural Gas,SEC_PET,Petroleum Pipelines & Refineries,Karnataka,South,HPCL,15.8396,75.4068,1953.56,2164.31,210.75,10.79,740.68,34.2,50.3,2023-12-22,2027-03-21,2028-04-19,39,13,71.3,22,15,2,395,1363.2,74.1,Stage-I,9.2,0,0.0,Low/Plains,0.93,0.78,2026-04-10,PAIMANA_Live,Under Implementation,0,1
PAIMANA-SEC_PET-2021-1786,Strategic Petroleum Reserve Underground Rock Caverns at Chennai,MoPNG,Ministry of Petroleum and Natural Gas,SEC_PET,Petroleum Pipelines & Refineries,Tamil Nadu,South,ISPRL,10.967,79.2534,3204.62,3804.08,599.46,18.71,1815.33,47.7,72.1,2021-12-26,2025-01-23,2027-09-22,37,32,139.8,36,34,2,946,1401.9,70.7,Approved,4.6,1,131.61,Moderate/Plateau,0.11,0.25,2026-04-10,PAIMANA_Live,Under Implementation,1,1
PAIMANA-SEC_CHEM-2016-1787,Coal-Gasification Based Urea & Fertilizer Complex at Bhopal,MoCF,Ministry of Chemicals and Fertilizers,SEC_CHEM,Fertilizer Plants & Petrochemicals,Madhya Pradesh,Central,FCIL,23.4918,78.6006,2534.71,2944.88,410.17,16.18,1431.37,48.6,81.8,2016-03-08,2020-05-06,2022-01-04,50,20,150.0,45,45,1,609,1475.9,71.6,Approved,5.9,0,0.0,Low/Plains,0.23,0.64,2026-04-10,OCMS_Historical,Under Implementation,1,1
PAIMANA-SEC_AIR-2016-1788,Greenfield International Airport Terminal-58 & Parallel Runway at Noida,MoCA,Ministry of Civil Aviation,SEC_AIR,Regional & Greenfield Airports,Uttar Pradesh,North,AAI,27.3206,80.6297,1775.48,2064.97,289.49,16.3,1069.36,51.8,81.7,2016-07-09,2019-02-06,2020-07-06,31,17,150.0,26,26,1,509,641.2,42.9,Approved,8.8,0,0.0,Moderate/Plateau,0.94,0.74,2026-04-10,OCMS_Historical,Under Implementation,1,1
PAIMANA-SEC_COAL-2023-1789,Open Cast Coal Mining Project (25 MTPA) with High-Capacity Conveyors at Vijayawada,MoCoal,Ministry of Coal,SEC_COAL,Coal Mining & Washeries,Andhra Pradesh,South,CIL,16.2325,79.7559,1073.79,1273.03,199.24,18.55,563.45,44.3,68.4,2023-12-03,2025-10-01,2027-09-30,22,24,129.3,18,16,1,754,879.0,55.9,Approved,4.4,0,0.0,Low/Plains,0.64,0.62,2026-04-10,PAIMANA_Live,Under Implementation,1,1
PAIMANA-SEC_HWY-2022-1790,Trans-Himalayan Highway Multi-Lane Tunnel & Approach Roads near Kandla,MoRTH,Ministry of Road Transport and Highways,SEC_HWY,Highways & Expressways,Gujarat,West,NHIDCL,22.511,71.4485,236.91,297.69,60.78,25.66,123.29,41.4,64.3,2022-09-02,2024-10-01,2027-04-01,25,30,150.0,20,20,1,939,1035.2,72.2,Stage-I,5.1,0,0.0,High/Himalayan/Riverine,0.43,0.49,2026-04-10,PAIMANA_Live,Under Implementation,1,1
PAIMANA-SEC_REN-2023-1791,Green Ammonia & Hydrogen Renewable Energy Island at Ramagundam,MNRE,Ministry of New and Renewable Energy,SEC_REN,Solar & Renewable Green Energy,Telangana,South,SECI,18.2054,79.4245,1726.31,2124.3,397.99,23.05,851.96,40.1,64.5,2023-01-03,2026-01-31,2028-11-29,37,34,106.6,20,14,5,1056,1308.6,71.7,Approved,5.2,1,114.4,Low/Plains,0.31,0.77,2026-04-10,PAIMANA_Live,Under Implementation,1,1
PAIMANA-SEC_ATOM-2018-1792,Fast Breeder Reactor & Reprocessing Facility at Gurugram,DAE,Department of Atomic Energy,SEC_ATOM,Atomic Energy & Nuclear Power,Haryana,North,BHAVINI,28.9071,75.8631,1398.16,1812.65,414.49,29.65,721.26,39.8,62.4,2018-09-14,2021-01-12,2024-02-10,28,37,150.0,44,44,1,1108,1104.8,94.9,Approved,3.6,4,102.26,High/Himalayan/Riverine,0.42,0.65,2026-04-10,OCMS_Historical,Under Implementation,1,1
PAIMANA-SEC_COAL-2014-1793,Open Cast Coal Mining Project (33 MTPA) with High-Capacity Conveyors at Bhagalpur,MoCoal,Ministry of Coal,SEC_COAL,Coal Mining & Washeries,Bihar,East,CIL,25.5805,85.0166,1485.65,1581.32,95.67,6.44,1021.67,64.6,100.0,2014-04-14,2016-07-12,2016-07-12,27,0,150.0,40,40,0,0,1326.2,78.2,Approved,5.9,0,0.0,Moderate/Plateau,0.36,0.42,2026-04-10,OCMS_Historical,Commissioned,0,0
PAIMANA-SEC_ATOM-2021-1794,Pressurized Heavy Water Reactor Nuclear Power Unit (53x700 MWe) at Bhagalpur,DAE,Department of Atomic Energy,SEC_ATOM,Atomic Energy & Nuclear Power,Bihar,East,NPCIL,25.5606,85.7596,341.28,428.2,86.92,25.47,195.4,45.6,70.4,2021-12-15,2024-01-14,2026-08-13,25,31,150.0,25,25,1,930,1043.7,52.4,Approved,7.4,1,111.8,Low/Plains,0.23,0.65,2026-04-10,PAIMANA_Live,Under Implementation,1,1
PAIMANA-SEC_PET-2023-1795,Integrated Petroleum Refinery Expansion & Polypropylene Unit at Gwalior,MoPNG,Ministry of Petroleum and Natural Gas,SEC_PET,Petroleum Pipelines & Refineries,Madhya Pradesh,Central,IOCL,23.5639,78.232,411.0,443.96,32.96,8.02,282.64,63.7,100.0,2023-05-12,2025-12-09,2025-12-09,31,0,113.5,47,47,0,0,346.7,79.0,Approved,3.8,1,38.31,Low/Plains,0.5,0.42,2026-04-10,PAIMANA_Live,Commissioned,0,0
PAIMANA-SEC_HEALTH-2018-1796,National Centre for Disease Control & Bio-Safety Level 4 Lab at Ayodhya,MoHFW,Ministry of Health and Family Welfare,SEC_HEALTH,AIIMS & Super-Specialty Medical Infra,Uttar Pradesh,North,MoHFW,26.3078,80.9666,3121.6,3457.23,335.63,10.75,2146.7,62.1,100.0,2018-01-01,2022-04-30,2022-04-30,52,0,150.0,25,25,0,0,666.8,85.8,Approved,4.9,0,0.0,High/Himalayan/Riverine,0.4,0.59,2026-04-10,OCMS_Historical,Commissioned,0,0
PAIMANA-SEC_PWR_TR-2021-1797,Green Energy Corridor Intra-State Transmission Scheme Phase-3 in Bhopal,MoP,Ministry of Power,SEC_PWR_TR,Power Transmission & Grid,Madhya Pradesh,Central,POWERGRID,22.5441,79.1549,1105.47,1186.22,80.75,7.3,760.22,64.1,100.0,2021-08-14,2024-08-12,2024-08-12,36,0,150.0,14,14,0,0,1746.8,94.0,Approved,8.6,0,0.0,Low/Plains,0.75,0.71,2026-04-10,PAIMANA_Live,Commissioned,0,0
PAIMANA-SEC_PET-2023-1798,Crude Oil Pipeline Augmented Pumping Infrastructure at Vijayawada,MoPNG,Ministry of Petroleum and Natural Gas,SEC_PET,Petroleum Pipelines & Refineries,Andhra Pradesh,South,HPCL,16.5021,79.3361,2193.01,2553.89,360.88,16.46,788.82,30.9,49.4,2023-07-09,2026-12-06,2029-05-05,41,29,81.1,26,21,1,863,1604.6,84.1,Approved,8.9,3,68.93,Low/Plains,0.91,0.39,2026-04-10,PAIMANA_Live,Under Implementation,1,1
PAIMANA-SEC_RLY-2018-1799,Railway Doubling & Electrification of Belagavi-Hubballi Section (84 km),MoR,Ministry of Railways,SEC_RLY,Railways & High-Speed Rail,Karnataka,South,CORE,15.5152,75.746,1179.1,1286.83,107.73,9.14,689.4,53.6,78.5,2018-12-16,2020-11-14,2021-09-14,23,10,150.0,26,25,1,292,258.4,80.7,Stage-I,9.7,0,0.0,Low/Plains,0.56,0.56,2026-04-10,OCMS_Historical,Under Implementation,0,1
PAIMANA-SEC_SMART-2023-1800,Industrial Smart City & Integrated Manufacturing Node at Solapur,MoHUA,Ministry of Housing and Urban Affairs,SEC_SMART,Smart Cities & Industrial Corridors,Maharashtra,West,NICDC,20.1404,75.7799,1180.71,1402.17,221.46,18.76,574.95,41.0,67.7,2023-09-22,2026-02-19,2027-08-20,29,18,106.2,27,27,1,555,220.9,87.7,Exempted,9.6,3,318.25,Low/Plains,0.25,0.76,2026-04-10,PAIMANA_Live,Under Implementation,1,1
PAIMANA-SEC_METRO-2017-1801,Urban Light Rail Transit / MetroLite System for Patiala Smart City,MoHUA,Ministry of Housing and Urban Affairs,SEC_METRO,Metro Rail & Urban Transit,Punjab,North,Metro Rail Corp,31.0698,75.7193,2798.88,3247.56,448.68,16.03,1580.9,48.7,80.2,2017-08-05,2020-09-02,2022-04-02,37,19,150.0,46,46,1,581,808.4,88.1,Approved,8.8,0,0.0,High/Himalayan/Riverine,0.88,0.41,2026-04-10,OCMS_Historical,Under Implementation,1,1
PAIMANA-SEC_PWR_GEN-2020-1802,Pumped Storage Hydroelectric Power Facility (35 MW) in Gorakhpur,MoP,Ministry of Power,SEC_PWR_GEN,Thermal & Hydro Power Generation,Uttar Pradesh,North,NHPC,26.9794,80.5441,703.01,907.93,204.92,29.15,378.43,41.7,70.1,2020-08-01,2022-10-30,2025-09-28,27,35,150.0,35,35,1,1091,193.4,82.9,Stage-I,4.6,3,106.09,High/Himalayan/Riverine,0.36,0.55,2026-04-10,PAIMANA_Live,Under Implementation,1,1
PAIMANA-SEC_REN-2023-1803,Green Ammonia & Hydrogen Renewable Energy Island at Noida,MNRE,Ministry of New and Renewable Energy,SEC_REN,Solar & Renewable Green Energy,Uttar Pradesh,North,SECI,26.8121,80.3854,1257.55,1525.89,268.34,21.34,586.88,38.5,66.3,2023-06-19,2026-04-17,2027-12-16,34,20,99.8,17,15,1,594,676.8,91.0,Stage-I,7.0,2,456.48,High/Himalayan/Riverine,0.67,0.51,2026-04-10,PAIMANA_Live,Under Implementation,1,1
PAIMANA-SEC_AIR-2019-1804,Greenfield International Airport Terminal-54 & Parallel Runway at Mumbai,MoCA,Ministry of Civil Aviation,SEC_AIR,Regional & Greenfield Airports,Maharashtra,West,AAI,20.1405,75.7023,739.85,919.86,180.01,24.33,350.03,38.1,66.3,2019-11-22,2022-03-22,2024-08-19,28,29,150.0,48,48,1,876,1554.7,64.9,Approved,3.6,1,268.22,Moderate/Plateau,0.1,0.55,2026-04-10,OCMS_Historical,Under Implementation,1,1
PAIMANA-SEC_PORT-2023-1805,LNG Import Terminal & Marine Jetty Infrastructure at Lucknow,MoPSW,"Ministry of Ports, Shipping and Waterways",SEC_PORT,Major Ports & Maritime Channels,Uttar Pradesh,North,Petronet,26.9745,81.173,759.63,785.05,25.42,3.35,465.78,59.3,88.7,2023-05-20,2026-03-18,2026-03-18,34,0,102.7,16,13,0,0,1187.1,76.1,Approved,4.4,0,0.0,Low/Plains,0.44,0.66,2026-04-10,PAIMANA_Live,Nearing Completion,0,0
PAIMANA-SEC_RLY-2020-1806,Modern Multimodal Railway Terminal & Station Redevelopment at Jamshedpur,MoR,Ministry of Railways,SEC_RLY,Railways & High-Speed Rail,Jharkhand,East,RLDA,23.5637,85.5238,855.68,997.48,141.8,16.57,445.68,44.7,71.9,2020-06-22,2022-05-22,2024-03-20,23,22,150.0,42,42,1,663,1308.7,48.9,Exempted,9.1,0,0.0,Low/Plains,0.23,0.3,2026-04-10,PAIMANA_Live,Under Implementation,1,1
PAIMANA-SEC_RLY-2015-1807,New Broad Gauge Rail Link Lucknow to Prayagraj with Major Bridges,MoR,Ministry of Railways,SEC_RLY,Railways & High-Speed Rail,Uttar Pradesh,North,RVNL,26.3938,81.1194,1417.48,1672.51,255.03,17.99,721.8,43.2,70.7,2015-01-19,2017-03-19,2019-07-18,26,28,150.0,21,21,1,834,470.9,65.0,Approved,6.2,0,0.0,Low/Plains,0.9,0.89,2026-04-10,OCMS_Historical,Under Implementation,1,1
PAIMANA-SEC_SMART-2022-1808,Industrial Smart City & Integrated Manufacturing Node at Lucknow,MoHUA,Ministry of Housing and Urban Affairs,SEC_SMART,Smart Cities & Industrial Corridors,Uttar Pradesh,North,NICDC,26.4706,80.9433,728.36,809.88,81.52,11.19,500.89,61.8,100.0,2022-12-19,2025-02-16,2025-02-16,26,0,150.0,25,25,0,0,791.2,91.5,Approved,5.5,0,0.0,High/Himalayan/Riverine,0.38,0.81,2026-04-10,PAIMANA_Live,Commissioned,1,0
PAIMANA-SEC_SMART-2020-1809,Industrial Smart City & Integrated Manufacturing Node at Tawang,MoHUA,Ministry of Housing and Urban Affairs,SEC_SMART,Smart Cities & Industrial Corridors,Arunachal Pradesh,North-East,NICDC,28.2023,95.3138,3784.14,4861.76,1077.62,28.48,2293.53,47.2,77.5,2020-12-28,2025-04-26,2027-08-25,52,28,122.4,40,40,1,867,1432.7,74.1,Exempted,8.3,2,503.37,High/Himalayan/Riverine,0.54,0.85,2026-04-10,PAIMANA_Live,Under Implementation,1,1
PAIMANA-SEC_PWR_GEN-2014-1810,Pumped Storage Hydroelectric Power Facility (65 MW) in Jalandhar,MoP,Ministry of Power,SEC_PWR_GEN,Thermal & Hydro Power Generation,Punjab,North,NHPC,31.473,75.9043,490.65,581.51,90.86,18.52,241.31,41.5,67.8,2014-03-08,2016-10-05,2019-02-03,31,28,150.0,43,43,1,851,1227.8,92.2,Stage-II Pending,8.7,2,462.21,Moderate/Plateau,0.36,0.21,2026-04-10,OCMS_Historical,Under Implementation,1,1
PAIMANA-SEC_COAL-2017-1811,Coal Bed Methane & Deep Underground Extraction Unit at Solapur,MoCoal,Ministry of Coal,SEC_COAL,Coal Mining & Washeries,Maharashtra,West,NCDC,19.4929,75.1354,961.1,1162.09,200.99,20.91,487.8,42.0,72.6,2017-03-11,2020-02-08,2022-12-07,35,34,150.0,29,28,1,1032,1153.8,74.9,Stage-I,3.5,0,0.0,Low/Plains,0.77,0.57,2026-04-10,OCMS_Historical,Under Implementation,1,1
PAIMANA-SEC_LOG-2015-1812,Multimodal Logistics Park (MMLP) with Inland Container Depot at Solapur,MoRTH,Ministry of Road Transport and Highways,SEC_LOG,Multimodal Logistics Parks (MMLP),Maharashtra,West,NHLML,19.1566,75.389,755.86,929.03,173.17,22.91,395.31,42.6,71.2,2015-08-27,2018-03-26,2020-09-23,31,30,150.0,41,41,1,938,1122.2,56.9,Approved,4.7,1,225.47,Moderate/Plateau,0.63,0.88,2026-04-10,OCMS_Historical,Under Implementation,1,1
PAIMANA-SEC_METRO-2021-1813,Urban Light Rail Transit / MetroLite System for Pasighat Smart City,MoHUA,Ministry of Housing and Urban Affairs,SEC_METRO,Metro Rail & Urban Transit,Arunachal Pradesh,North-East,Metro Rail Corp,27.8741,94.9213,4537.97,5397.64,859.67,18.94,2778.82,51.5,83.7,2021-04-13,2025-04-11,2027-02-08,48,22,125.3,39,39,1,679,992.1,66.3,Stage-I,3.5,0,0.0,High/Himalayan/Riverine,0.86,0.21,2026-04-10,PAIMANA_Live,Under Implementation,1,1
PAIMANA-SEC_AIR-2015-1814,Greenfield International Airport Terminal-25 & Parallel Runway at Karnaprayag,MoCA,Ministry of Civil Aviation,SEC_AIR,Regional & Greenfield Airports,Uttarakhand,North,AAI,30.2557,79.2255,1383.45,1625.28,241.83,17.48,754.8,46.4,76.9,2015-04-13,2018-08-11,2020-08-09,40,24,150.0,33,33,1,748,668.7,45.5,Approved,6.0,0,0.0,Moderate/Plateau,0.44,0.83,2026-04-10,OCMS_Historical,Under Implementation,1,1
PAIMANA-SEC_WATER-2016-1815,Urban 24x7 Water Supply & Advanced Smart Grid Pipeline in Jodhpur,MoHUA,Ministry of Housing and Urban Affairs,SEC_WATER,Water Supply & Urban Sanitation,Rajasthan,North,Jal Nigam,27.582,73.7539,3059.05,3778.19,719.14,23.51,1750.0,46.3,80.0,2016-07-07,2019-12-05,2021-11-03,41,23,150.0,35,35,1,709,1723.9,76.3,Approved,5.7,0,0.0,High/Himalayan/Riverine,0.75,0.88,2026-04-10,OCMS_Historical,Under Implementation,1,1
PAIMANA-SEC_IRR-2019-1816,Lift Irrigation & Pressurized Piped Distribution Network in Salem,DoWR,"Department of Water Resources, RD & GR",SEC_IRR,National River Link & Irrigation,Tamil Nadu,South,WRD,10.7219,78.4674,279.87,403.99,124.12,44.35,144.09,35.7,62.9,2019-02-17,2021-09-16,2025-01-14,31,40,150.0,41,41,1,1235,120.2,77.6,Approved,4.6,2,695.55,Low/Plains,0.83,0.47,2026-04-10,OCMS_Historical,Under Implementation,1,1
PAIMANA-SEC_MINE-2022-1817,Copper Ore Underground Mine Expansion Project in Haridwar,MoMines,Ministry of Mines,SEC_MINE,Strategic Mineral Extraction,Uttarakhand,North,HCL,30.5874,79.3562,1479.27,1761.21,281.94,19.06,832.91,47.3,77.0,2022-04-16,2025-02-12,2027-03-14,34,25,141.3,13,13,1,741,1753.4,76.0,Approved,5.9,0,0.0,Low/Plains,0.38,0.81,2026-04-10,PAIMANA_Live,Under Implementation,1,1
PAIMANA-SEC_HEALTH-2021-1818,National Centre for Disease Control & Bio-Safety Level 4 Lab at Madurai,MoHFW,Ministry of Health and Family Welfare,SEC_HEALTH,AIIMS & Super-Specialty Medical Infra,Tamil Nadu,South,MoHFW,10.6294,79.0685,2672.46,3004.13,331.67,12.41,1583.57,52.7,77.3,2021-07-11,2025-03-09,2026-11-07,44,20,130.1,24,24,1,597,175.8,62.0,Approved,6.2,1,317.24,Low/Plains,0.55,0.22,2026-04-10,PAIMANA_Live,Under Implementation,1,1
PAIMANA-SEC_HEAVY-2022-1819,Heavy Machine Tools & Engineering Foundry Unit in Bhilai,MHI,Ministry of Heavy Industries,SEC_HEAVY,Heavy Engineering & Capital Goods,Chhattisgarh,Central,HMT,20.7446,81.6263,1241.13,1499.07,257.94,20.78,670.68,44.7,70.7,2022-09-25,2024-09-23,2026-12-22,24,27,150.0,20,20,1,834,682.8,67.4,Approved,4.7,0,0.0,Low/Plains,0.5,0.87,2026-04-10,PAIMANA_Live,Under Implementation,1,1
PAIMANA-SEC_PWR_GEN-2018-1820,Pumped Storage Hydroelectric Power Facility (21 MW) in Ranchi,MoP,Ministry of Power,SEC_PWR_GEN,Thermal & Hydro Power Generation,Jharkhand,East,NHPC,24.1279,85.4034,3158.38,3692.24,533.86,16.9,1783.02,48.3,78.0,2018-07-05,2022-04-03,2024-06-01,45,26,150.0,33,33,1,769,1698.3,71.0,Approved,5.6,2,332.93,Low/Plains,0.94,0.24,2026-04-10,OCMS_Historical,Under Implementation,1,1
PAIMANA-SEC_PWR_TR-2019-1821,Substation Automation & GIS Grid Augmentation at Dhanbad,MoP,Ministry of Power,SEC_PWR_TR,Power Transmission & Grid,Jharkhand,East,PGCIL,23.6689,85.3727,702.17,808.56,106.39,15.15,364.79,45.1,74.3,2019-02-04,2021-03-05,2022-07-04,25,16,150.0,33,33,1,501,314.5,59.2,Approved,7.1,0,0.0,Low/Plains,0.4,0.57,2026-04-10,OCMS_Historical,Under Implementation,1,1
PAIMANA-SEC_HEALTH-2018-1822,All India Institute of Medical Sciences (AIIMS) 750-Bed Super-Specialty Campus at Kharagpur,MoHFW,Ministry of Health and Family Welfare,SEC_HEALTH,AIIMS & Super-Specialty Medical Infra,West Bengal,East,MoHFW/HSCC,22.3916,88.3247,4378.61,4815.93,437.32,9.99,2733.02,56.7,90.3,2018-09-22,2023-05-21,2024-08-19,56,15,150.0,18,18,1,493,1194.8,72.7,Approved,5.9,0,0.0,Moderate/Plateau,0.14,0.71,2026-04-10,OCMS_Historical,Nearing Completion,0,1
PAIMANA-SEC_RLY-2021-1823,Railway Doubling & Electrification of Visakhapatnam-Vijayawada Section (25 km),MoR,Ministry of Railways,SEC_RLY,Railways & High-Speed Rail,Andhra Pradesh,South,CORE,16.1983,80.1266,10194.05,11839.99,1645.94,16.15,3011.33,25.4,38.8,2021-06-13,2030-08-09,2031-12-08,110,16,52.8,18,8,2,486,1498.4,57.9,Approved,9.4,0,0.0,Low/Plains,0.38,0.89,2026-04-10,PAIMANA_Live,Under Implementation,1,1
PAIMANA-SEC_SMART-2022-1824,Special Investment Region Trunk Infrastructure & Utilities at Kanpur,MoHUA,Ministry of Housing and Urban Affairs,SEC_SMART,Smart Cities & Industrial Corridors,Uttar Pradesh,North,Dholera/DMIC,27.4152,80.8401,813.15,1005.54,192.39,23.66,364.31,36.2,57.5,2022-04-14,2023-10-13,2026-11-10,18,37,150.0,45,45,1,1130,434.4,82.7,Stage-I,5.5,4,302.23,Moderate/Plateau,0.18,0.71,2026-04-10,PAIMANA_Live,Under Implementation,1,1
PAIMANA-SEC_LOG-2018-1825,Multimodal Logistics Park (MMLP) with Inland Container Depot at Faridabad,MoRTH,Ministry of Road Transport and Highways,SEC_LOG,Multimodal Logistics Parks (MMLP),Haryana,North,NHLML,29.3121,75.7626,751.73,869.69,117.96,15.69,349.01,40.1,66.1,2018-05-08,2020-02-05,2022-04-05,21,26,150.0,38,38,1,772,1022.5,80.8,Stage-I,8.8,1,226.41,Moderate/Plateau,0.7,0.47,2026-04-10,OCMS_Historical,Under Implementation,1,1
PAIMANA-SEC_METRO-2014-1826,Regional Rapid Transit System (RRTS) Semi High-Speed Line (Barauni-Patna),MoHUA,Ministry of Housing and Urban Affairs,SEC_METRO,Metro Rail & Urban Transit,Bihar,East,NCRTC,25.0326,84.8895,4565.68,5239.64,673.96,14.76,2407.94,46.0,76.9,2014-12-03,2019-12-01,2022-03-31,60,28,150.0,20,20,1,861,1271.2,82.7,Stage-I,6.5,2,262.09,Low/Plains,0.86,0.53,2026-04-10,OCMS_Historical,Under Implementation,1,1
PAIMANA-SEC_INLAND-2015-1827,National Waterway NW-28 Multimodal Navigation Terminal at Bhavnagar,MoPSW,"Ministry of Ports, Shipping and Waterways",SEC_INLAND,National Waterways & River Ports,Gujarat,West,IWAI,22.7026,71.6221,5147.16,5385.46,238.3,4.63,3404.37,63.2,100.0,2015-06-11,2020-12-07,2020-12-07,66,0,150.0,36,36,0,0,534.2,89.2,Approved,4.4,0,0.0,Moderate/Plateau,0.64,0.57,2026-04-10,OCMS_Historical,Commissioned,0,0
PAIMANA-SEC_SMART-2017-1828,Industrial Smart City & Integrated Manufacturing Node at Kannur,MoHUA,Ministry of Housing and Urban Affairs,SEC_SMART,Smart Cities & Industrial Corridors,Kerala,South,NICDC,10.4193,76.0063,698.47,806.81,108.34,15.51,378.22,46.9,70.6,2017-08-16,2019-09-15,2021-05-15,25,20,150.0,39,39,1,614,1131.3,74.0,Stage-II Pending,6.8,0,0.0,Low/Plains,0.69,0.53,2026-04-10,OCMS_Historical,Under Implementation,1,1
PAIMANA-SEC_WATER-2014-1829,Comprehensive Sewage Treatment & River Cleaning Mission at Barauni,MoHUA,Ministry of Housing and Urban Affairs,SEC_WATER,Water Supply & Urban Sanitation,Bihar,East,NMCG,25.0725,85.2389,770.03,816.9,46.87,6.09,528.38,64.7,100.0,2014-08-26,2017-06-24,2017-06-24,34,0,150.0,16,16,0,0,1248.0,85.7,Approved,6.8,0,0.0,Moderate/Plateau,0.43,0.55,2026-04-10,OCMS_Historical,Commissioned,0,0
PAIMANA-SEC_PWR_GEN-2014-1830,Subansiri/Tehri Stage-II Hydroelectric Dam & Powerhouse (Varanasi),MoP,Ministry of Power,SEC_PWR_GEN,Thermal & Hydro Power Generation,Uttar Pradesh,North,SJVN,26.7312,80.4218,878.23,1097.16,218.93,24.93,429.98,39.2,66.5,2014-04-21,2017-02-17,2020-04-17,34,38,150.0,36,36,1,1132,1435.5,85.0,Approved,3.3,1,51.93,High/Himalayan/Riverine,0.24,0.44,2026-04-10,OCMS_Historical,Under Implementation,1,1
PAIMANA-SEC_PWR_TR-2017-1831,Substation Automation & GIS Grid Augmentation at Jowai,MoP,Ministry of Power,SEC_PWR_TR,Power Transmission & Grid,Meghalaya,North-East,PGCIL,25.2599,91.5938,320.02,353.18,33.16,10.36,220.07,62.3,100.0,2017-05-09,2019-02-06,2019-02-06,21,0,150.0,47,46,0,0,700.0,82.0,Approved,5.2,0,0.0,Low/Plains,0.65,0.9,2026-04-10,OCMS_Historical,Commissioned,0,0
PAIMANA-SEC_HEALTH-2020-1832,National Centre for Disease Control & Bio-Safety Level 4 Lab at Udaipur,MoHFW,Ministry of Health and Family Welfare,SEC_HEALTH,AIIMS & Super-Specialty Medical Infra,Rajasthan,North,MoHFW,26.99,73.8534,479.57,561.6,82.03,17.1,245.07,43.6,66.1,2020-10-11,2022-04-11,2024-07-09,18,27,150.0,42,42,1,841,1053.9,35.8,Approved,3.6,0,0.0,Moderate/Plateau,0.36,0.57,2026-04-10,PAIMANA_Live,Under Implementation,1,1
PAIMANA-SEC_METRO-2019-1833,Urban Light Rail Transit / MetroLite System for New Delhi Smart City,MoHUA,Ministry of Housing and Urban Affairs,SEC_METRO,Metro Rail & Urban Transit,Delhi NCR,North,Metro Rail Corp,29.144,76.7485,442.16,599.16,157.0,35.51,211.17,35.2,64.1,2019-01-28,2021-02-26,2023-10-26,25,32,150.0,34,34,1,976,1615.4,68.3,Approved,4.9,2,601.18,Moderate/Plateau,0.54,0.85,2026-04-10,OCMS_Historical,Under Implementation,1,1
PAIMANA-SEC_WATER-2022-1834,Urban 24x7 Water Supply & Advanced Smart Grid Pipeline in Aizawl,MoHUA,Ministry of Housing and Urban Affairs,SEC_WATER,Water Supply & Urban Sanitation,Mizoram,North-East,Jal Nigam,22.6767,93.4459,553.47,695.91,142.44,25.74,258.42,37.1,65.5,2022-12-03,2024-07-02,2026-05-01,19,22,150.0,47,47,1,692,269.4,59.1,Approved,9.1,2,269.37,High/Himalayan/Riverine,0.6,0.76,2026-04-10,PAIMANA_Live,Under Implementation,1,1
PAIMANA-SEC_HEAVY-2015-1835,Heavy Electrical Equipment & Gas Turbine Manufacturing Facility at Lucknow,MHI,Ministry of Heavy Industries,SEC_HEAVY,Heavy Engineering & Capital Goods,Uttar Pradesh,North,BHEL,27.2016,81.4112,1110.6,1142.39,31.79,2.86,751.39,65.8,100.0,2015-02-26,2017-06-26,2017-06-26,28,0,150.0,46,46,0,0,809.0,94.8,Approved,4.5,0,0.0,Moderate/Plateau,0.76,0.56,2026-04-10,OCMS_Historical,Commissioned,0,0
PAIMANA-SEC_PWR_TR-2015-1836,Substation Automation & GIS Grid Augmentation at Hyderabad,MoP,Ministry of Power,SEC_PWR_TR,Power Transmission & Grid,Telangana,South,PGCIL,17.7189,78.6076,1433.84,1620.16,186.32,12.99,801.99,49.5,75.6,2015-09-19,2018-03-19,2019-10-17,30,19,150.0,48,48,1,614,93.8,71.6,Approved,9.7,0,0.0,Moderate/Plateau,0.84,0.53,2026-04-10,OCMS_Historical,Under Implementation,1,1
PAIMANA-SEC_RLY-2016-1837,High-Speed Rail Bullet Train Section 10 (Rohtak-Faridabad),MoR,Ministry of Railways,SEC_RLY,Railways & High-Speed Rail,Haryana,North,NHSRCL,29.2843,76.4859,5006.95,6199.18,1192.23,23.81,2695.23,43.5,75.8,2016-04-27,2021-02-23,2024-04-23,58,38,150.0,24,24,1,1167,1342.5,67.2,Stage-II Pending,9.5,2,418.63,Moderate/Plateau,0.76,0.72,2026-04-10,OCMS_Historical,Under Implementation,1,1
PAIMANA-SEC_REN-2021-1838,Offshore & Onshore Hybrid Wind-Solar Power Hub in Nashik,MNRE,Ministry of New and Renewable Energy,SEC_REN,Solar & Renewable Green Energy,Maharashtra,West,NTPC-REL,20.0079,75.9704,444.6,499.26,54.66,12.29,211.76,42.4,71.0,2021-07-01,2023-03-01,2024-05-30,20,15,150.0,35,35,1,441,1670.6,58.4,Approved,8.7,0,0.0,Low/Plains,0.72,0.88,2026-04-10,PAIMANA_Live,Under Implementation,1,1
PAIMANA-SEC_SMART-2022-1839,Industrial Smart City & Integrated Manufacturing Node at IGI Airport,MoHUA,Ministry of Housing and Urban Affairs,SEC_SMART,Smart Cities & Industrial Corridors,Delhi NCR,North,NICDC,28.4587,77.4296,2924.01,3243.25,319.24,10.92,1418.97,43.8,68.6,2022-10-19,2026-07-18,2027-04-17,45,9,93.1,40,30,8,282,296.1,93.0,Stage-I,9.6,0,0.0,Moderate/Plateau,0.3,0.61,2026-04-10,PAIMANA_Live,Under Implementation,1,1
PAIMANA-SEC_IRR-2015-1840,National River Interlinking Canal & Barrage System (Bhopal-Indore),DoWR,"Department of Water Resources, RD & GR",SEC_IRR,National River Link & Irrigation,Madhya Pradesh,Central,NWDA,22.662,78.1178,936.66,1044.6,107.94,11.52,549.29,52.6,79.6,2015-10-04,2017-09-02,2018-12-02,23,15,150.0,15,15,1,460,684.8,96.6,Approved,5.0,0,0.0,Low/Plains,0.69,0.64,2026-04-10,OCMS_Historical,Under Implementation,1,1
PAIMANA-SEC_HEAVY-2022-1841,Heavy Machine Tools & Engineering Foundry Unit in Indore,MHI,Ministry of Heavy Industries,SEC_HEAVY,Heavy Engineering & Capital Goods,Madhya Pradesh,Central,HMT,23.2119,78.1642,1095.12,1275.65,180.53,16.48,612.49,48.0,72.8,2022-02-08,2025-03-08,2027-06-06,37,27,135.9,47,47,1,811,958.4,59.5,Approved,8.2,0,0.0,Low/Plains,0.41,0.36,2026-04-10,PAIMANA_Live,Under Implementation,1,1
PAIMANA-SEC_PWR_GEN-2023-1842,Ultra Mega Supercritical Thermal Power Project (14x800 MW) at Guwahati,MoP,Ministry of Power,SEC_PWR_GEN,Thermal & Hydro Power Generation,Assam,North-East,NTPC,25.9876,93.2467,2179.14,2696.3,517.16,23.73,800.22,29.7,49.5,2023-08-03,2027-01-30,2029-11-28,42,34,77.3,46,32,8,1015,1426.6,60.5,Stage-II Pending,8.0,1,80.71,Moderate/Plateau,0.83,0.55,2026-04-10,PAIMANA_Live,Under Implementation,1,1
PAIMANA-SEC_INLAND-2023-1843,National Waterway NW-44 Multimodal Navigation Terminal at Asansol,MoPSW,"Ministry of Ports, Shipping and Waterways",SEC_INLAND,National Waterways & River Ports,West Bengal,East,IWAI,22.8417,87.3932,395.05,429.81,34.76,8.8,271.67,63.2,100.0,2023-02-03,2024-11-02,2024-11-02,21,0,150.0,42,42,0,0,1524.1,91.2,Stage-I,3.5,1,153.92,Low/Plains,0.46,0.34,2026-04-10,PAIMANA_Live,Commissioned,0,0
PAIMANA-SEC_MINE-2018-1844,Strategic Rare Earth & Bauxite Mining Complex at Mysuru,MoMines,Ministry of Mines,SEC_MINE,Strategic Mineral Extraction,Karnataka,South,NALCO,14.7658,75.6355,1650.6,1986.85,336.25,20.37,807.74,40.7,69.9,2018-05-09,2020-11-06,2023-05-07,30,30,150.0,17,17,1,903,1342.2,84.5,Stage-I,3.4,2,164.18,Low/Plains,0.5,0.49,2026-04-10,OCMS_Historical,Under Implementation,1,1
PAIMANA-SEC_HWY-2014-1845,Trans-Himalayan Highway Multi-Lane Tunnel & Approach Roads near Ujjain,MoRTH,Ministry of Road Transport and Highways,SEC_HWY,Highways & Expressways,Madhya Pradesh,Central,NHIDCL,22.869,79.0141,1344.44,1505.09,160.65,11.95,664.31,44.1,68.7,2014-10-02,2016-07-31,2018-05-30,22,22,150.0,28,28,1,685,181.9,65.6,Approved,8.4,0,0.0,Low/Plains,0.24,0.21,2026-04-10,OCMS_Historical,Under Implementation,1,1
PAIMANA-SEC_MINE-2017-1846,Strategic Rare Earth & Bauxite Mining Complex at Varanasi,MoMines,Ministry of Mines,SEC_MINE,Strategic Mineral Extraction,Uttar Pradesh,North,NALCO,27.2739,81.0161,1832.5,2106.44,273.94,14.95,993.4,47.2,73.2,2017-06-12,2019-09-10,2021-02-07,27,17,150.0,35,35,1,541,330.9,75.3,Approved,6.5,0,0.0,Low/Plains,0.56,0.72,2026-04-10,OCMS_Historical,Under Implementation,1,1
PAIMANA-SEC_HEAVY-2019-1847,Heavy Electrical Equipment & Gas Turbine Manufacturing Facility at Belagavi,MHI,Ministry of Heavy Industries,SEC_HEAVY,Heavy Engineering & Capital Goods,Karnataka,South,BHEL,14.9302,76.252,1510.68,1806.13,295.45,19.56,810.84,44.9,73.3,2019-01-25,2022-05-25,2024-06-23,40,25,150.0,23,23,1,786,257.1,52.9,Stage-I,9.2,3,582.78,Low/Plains,0.33,0.86,2026-04-10,OCMS_Historical,Under Implementation,1,1
PAIMANA-SEC_CHEM-2017-1848,Petrochemical Derivative & Polymer Manufacturing Unit at Kanpur,MoCF,Ministry of Chemicals and Fertilizers,SEC_CHEM,Fertilizer Plants & Petrochemicals,Uttar Pradesh,North,HURL,26.6038,80.3711,11827.02,13823.61,1996.59,16.88,5429.75,39.3,66.2,2017-09-07,2027-07-04,2029-01-31,118,19,87.6,24,15,7,572,807.2,35.3,Approved,9.4,1,296.03,Moderate/Plateau,0.75,0.54,2026-04-10,OCMS_Historical,Under Implementation,1,1
PAIMANA-SEC_WATER-2016-1849,Urban 24x7 Water Supply & Advanced Smart Grid Pipeline in Prayagraj,MoHUA,Ministry of Housing and Urban Affairs,SEC_WATER,Water Supply & Urban Sanitation,Uttar Pradesh,North,Jal Nigam,27.2862,80.397,626.25,723.08,96.83,15.46,326.56,45.2,72.7,2016-06-24,2019-03-24,2021-06-21,33,27,150.0,39,39,1,800,653.8,96.1,Approved,4.2,1,126.37,Moderate/Plateau,0.71,0.82,2026-04-10,OCMS_Historical,Under Implementation,1,1
PAIMANA-SEC_ATOM-2017-1850,Fast Breeder Reactor & Reprocessing Facility at Kolkata,DAE,Department of Atomic Energy,SEC_ATOM,Atomic Energy & Nuclear Power,West Bengal,East,BHAVINI,23.4225,87.8706,693.09,843.48,150.39,21.7,379.8,45.0,78.0,2017-12-22,2020-04-21,2022-01-19,28,21,150.0,33,33,1,627,729.7,28.3,Approved,8.3,0,0.0,Low/Plains,0.61,0.9,2026-04-10,OCMS_Historical,Under Implementation,1,1
PAIMANA-SEC_MINE-2022-1851,Strategic Rare Earth & Bauxite Mining Complex at Salem,MoMines,Ministry of Mines,SEC_MINE,Strategic Mineral Extraction,Tamil Nadu,South,NALCO,11.3513,78.1259,635.0,780.89,145.89,22.97,369.97,47.4,72.1,2022-01-25,2024-01-24,2026-04-23,24,27,150.0,18,18,1,848,335.0,60.6,Stage-I,8.1,0,0.0,High/Himalayan/Riverine,0.42,0.73,2026-04-10,PAIMANA_Live,Under Implementation,1,1
PAIMANA-SEC_AIR-2017-1852,Greenfield International Airport Terminal-95 & Parallel Runway at Dibrugarh,MoCA,Ministry of Civil Aviation,SEC_AIR,Regional & Greenfield Airports,Assam,North-East,AAI,26.3204,92.9691,677.16,817.7,140.54,20.75,342.04,41.8,68.5,2017-04-07,2019-03-07,2021-02-03,23,23,150.0,34,34,1,712,1395.8,97.3,Stage-I,7.5,0,0.0,High/Himalayan/Riverine,0.31,0.55,2026-04-10,OCMS_Historical,Under Implementation,1,1
PAIMANA-SEC_PWR_TR-2022-1853,765kV High Voltage Direct Current (HVDC) Inter-Regional Grid (Bikaner-Kota),MoP,Ministry of Power,SEC_PWR_TR,Power Transmission & Grid,Rajasthan,North,PGCIL,27.2918,74.7654,626.46,690.11,63.65,10.16,427.69,62.0,100.0,2022-01-20,2023-12-20,2023-12-20,23,0,150.0,27,27,0,0,195.8,89.7,Approved,4.5,0,0.0,High/Himalayan/Riverine,0.5,0.81,2026-04-10,PAIMANA_Live,Commissioned,0,0
PAIMANA-SEC_HEAVY-2022-1854,Heavy Electrical Equipment & Gas Turbine Manufacturing Facility at Visakhapatnam,MHI,Ministry of Heavy Industries,SEC_HEAVY,Heavy Engineering & Capital Goods,Andhra Pradesh,South,BHEL,15.441,80.0744,3551.67,4136.65,584.98,16.47,1696.87,41.0,60.7,2022-08-25,2026-10-23,2028-09-21,50,23,87.4,36,25,7,724,1286.7,88.8,Approved,8.3,0,0.0,Low/Plains,0.66,0.54,2026-04-10,PAIMANA_Live,Under Implementation,1,1
PAIMANA-SEC_PWR_TR-2022-1855,Substation Automation & GIS Grid Augmentation at Jharsuguda,MoP,Ministry of Power,SEC_PWR_TR,Power Transmission & Grid,Odisha,East,PGCIL,21.1678,84.9686,4425.27,5180.3,755.03,17.06,1835.05,35.4,53.5,2022-03-27,2027-06-24,2030-02-20,63,32,77.3,12,8,3,975,1708.2,82.9,Approved,6.3,2,307.95,Low/Plains,0.12,0.31,2026-04-10,PAIMANA_Live,Under Implementation,1,1
PAIMANA-SEC_HEAVY-2019-1856,Heavy Electrical Equipment & Gas Turbine Manufacturing Facility at Karimnagar,MHI,Ministry of Heavy Industries,SEC_HEAVY,Heavy Engineering & Capital Goods,Telangana,South,BHEL,17.79,79.0552,667.41,703.41,36.0,5.39,458.97,65.2,100.0,2019-03-02,2020-09-29,2020-09-29,19,0,150.0,31,31,0,0,1069.6,98.0,Stage-II Pending,8.3,0,0.0,Low/Plains,0.73,0.3,2026-04-10,OCMS_Historical,Commissioned,0,0
PAIMANA-SEC_STEEL-2014-1857,Specialty Alloy & Hot Rolled Coil Expansion Facility at Madurai,MoSteel,Ministry of Steel,SEC_STEEL,Steel Plants & Metallurgy Units,Tamil Nadu,South,RINL,10.8333,78.1007,520.54,599.86,79.32,15.24,293.46,48.9,80.4,2014-10-05,2017-03-04,2018-06-03,29,15,150.0,24,23,1,473,817.2,79.7,Approved,7.3,0,0.0,High/Himalayan/Riverine,0.29,0.63,2026-04-10,OCMS_Historical,Under Implementation,1,1
PAIMANA-SEC_AIR-2016-1858,Regional Airport Modernization & Runway Extension under UDAN at Anand Vihar,MoCA,Ministry of Civil Aviation,SEC_AIR,Regional & Greenfield Airports,Delhi NCR,North,AAI,28.9365,76.6423,1796.24,1946.1,149.86,8.34,1231.47,63.3,100.0,2016-09-18,2019-12-17,2019-12-17,39,0,150.0,14,14,0,0,965.2,85.8,Stage-I,6.3,0,0.0,Low/Plains,0.19,0.77,2026-04-10,OCMS_Historical,Commissioned,0,0
PAIMANA-SEC_PWR_GEN-2020-1859,Ultra Mega Supercritical Thermal Power Project (45x800 MW) at Kolkata,MoP,Ministry of Power,SEC_PWR_GEN,Thermal & Hydro Power Generation,West Bengal,East,NTPC,23.5152,87.5104,679.25,769.82,90.57,13.33,373.71,48.5,72.8,2020-01-02,2021-12-01,2023-06-01,23,18,150.0,15,15,1,549,649.8,77.3,Approved,6.4,0,0.0,Moderate/Plateau,0.12,0.53,2026-04-10,PAIMANA_Live,Under Implementation,1,1
PAIMANA-SEC_REN-2017-1860,Green Ammonia & Hydrogen Renewable Energy Island at Kanpur,MNRE,Ministry of New and Renewable Energy,SEC_REN,Solar & Renewable Green Energy,Uttar Pradesh,North,SECI,27.2444,80.6947,2094.13,2514.71,420.58,20.08,1191.27,47.4,72.6,2017-05-11,2020-08-08,2023-06-07,39,34,150.0,15,15,1,1032,1030.9,73.2,Stage-I,8.1,2,35.69,Low/Plains,0.8,0.67,2026-04-10,OCMS_Historical,Under Implementation,1,1
PAIMANA-SEC_RLY-2015-1861,Himalayan Strategic Rail Network Rail Tunnel Complex near Aurangabad,MoR,Ministry of Railways,SEC_RLY,Railways & High-Speed Rail,Maharashtra,West,IRCON,19.4059,75.8881,1391.84,1705.49,313.65,22.53,746.17,43.8,69.2,2015-04-10,2018-08-08,2021-10-06,40,38,150.0,12,12,1,1146,1094.7,43.4,Approved,5.0,1,171.88,Moderate/Plateau,0.39,0.39,2026-04-10,OCMS_Historical,Under Implementation,1,1
PAIMANA-SEC_HEAVY-2015-1862,Heavy Machine Tools & Engineering Foundry Unit in Haldwani,MHI,Ministry of Heavy Industries,SEC_HEAVY,Heavy Engineering & Capital Goods,Uttarakhand,North,HMT,30.3244,78.963,271.96,323.01,51.05,18.77,187.03,57.9,100.0,2015-01-04,2017-02-02,2017-02-02,25,0,150.0,40,40,0,0,100.7,88.1,Stage-I,9.7,1,155.12,High/Himalayan/Riverine,0.95,0.7,2026-04-10,OCMS_Historical,Commissioned,1,0
PAIMANA-SEC_PORT-2023-1863,LNG Import Terminal & Marine Jetty Infrastructure at Anand Vihar,MoPSW,"Ministry of Ports, Shipping and Waterways",SEC_PORT,Major Ports & Maritime Channels,Delhi NCR,North,Petronet,29.0443,77.1976,4992.72,5763.2,770.48,15.43,1499.86,26.0,39.3,2023-03-13,2028-12-08,2030-11-07,69,23,53.8,38,17,10,728,248.9,72.9,Approved,7.2,0,0.0,Moderate/Plateau,0.55,0.51,2026-04-10,PAIMANA_Live,Under Implementation,1,1
PAIMANA-SEC_INLAND-2023-1864,National Waterway NW-27 Multimodal Navigation Terminal at Jamnagar,MoPSW,"Ministry of Ports, Shipping and Waterways",SEC_INLAND,National Waterways & River Ports,Gujarat,West,IWAI,22.6657,71.5609,6321.37,7690.29,1368.92,21.66,2064.46,26.8,39.6,2023-04-05,2029-04-01,2031-03-31,72,24,50.5,48,18,25,737,328.2,62.0,Approved,3.9,1,117.23,High/Himalayan/Riverine,0.71,0.43,2026-04-10,PAIMANA_Live,Stalled/Delayed,1,1
PAIMANA-SEC_METRO-2018-1865,Regional Rapid Transit System (RRTS) Semi High-Speed Line (Bikaner-Jaipur),MoHUA,Ministry of Housing and Urban Affairs,SEC_METRO,Metro Rail & Urban Transit,Rajasthan,North,NCRTC,26.9542,74.517,641.27,751.0,109.73,17.11,391.02,52.1,83.5,2018-03-25,2020-09-22,2021-10-22,30,13,150.0,37,37,1,414,188.5,61.1,Approved,7.6,0,0.0,Low/Plains,0.57,0.89,2026-04-10,OCMS_Historical,Under Implementation,1,1
PAIMANA-SEC_AIR-2022-1866,Regional Airport Modernization & Runway Extension under UDAN at Jamnagar,MoCA,Ministry of Civil Aviation,SEC_AIR,Regional & Greenfield Airports,Gujarat,West,AAI,22.7234,70.7338,794.16,937.74,143.58,18.08,467.26,49.8,75.5,2022-12-08,2025-10-06,2028-04-05,34,30,118.5,26,24,1,942,475.2,58.7,Approved,6.8,1,189.81,Low/Plains,0.26,0.54,2026-04-10,PAIMANA_Live,Under Implementation,1,1
PAIMANA-SEC_PWR_GEN-2023-1867,Subansiri/Tehri Stage-II Hydroelectric Dam & Powerhouse (Silchar),MoP,Ministry of Power,SEC_PWR_GEN,Thermal & Hydro Power Generation,Assam,North-East,SJVN,26.0889,92.425,1505.95,1828.7,322.75,21.43,602.52,32.9,56.6,2023-10-14,2026-08-12,2029-01-09,34,29,88.5,13,11,2,892,1386.3,44.3,Approved,6.8,2,95.4,Low/Plains,0.45,0.81,2026-04-10,PAIMANA_Live,Under Implementation,1,1
PAIMANA-SEC_COAL-2014-1868,Open Cast Coal Mining Project (73 MTPA) with High-Capacity Conveyors at National Corridor,MoCoal,Ministry of Coal,SEC_COAL,Coal Mining & Washeries,Multi-State / National,National,CIL,21.5787,79.1051,1577.1,1859.15,282.05,17.88,943.1,50.7,76.0,2014-09-16,2017-10-14,2019-11-13,37,25,150.0,18,18,1,786,1728.6,67.3,Approved,7.3,2,340.7,Low/Plains,0.49,0.46,2026-04-10,OCMS_Historical,Under Implementation,1,1
PAIMANA-SEC_AIR-2022-1869,Regional Airport Modernization & Runway Extension under UDAN at Jabalpur,MoCA,Ministry of Civil Aviation,SEC_AIR,Regional & Greenfield Airports,Madhya Pradesh,Central,AAI,22.5135,79.2325,2145.71,2391.58,245.87,11.46,1212.97,50.7,75.3,2022-05-21,2024-11-18,2026-05-19,30,18,150.0,13,13,1,573,80.4,41.7,Approved,8.5,0,0.0,Low/Plains,0.13,0.56,2026-04-10,PAIMANA_Live,Under Implementation,1,1
PAIMANA-SEC_ATOM-2022-1870,Fast Breeder Reactor & Reprocessing Facility at Kochi,DAE,Department of Atomic Energy,SEC_ATOM,Atomic Energy & Nuclear Power,Kerala,South,BHAVINI,11.0284,75.7672,7748.86,7992.49,243.63,3.14,3239.96,40.5,56.6,2022-04-03,2028-06-30,2028-06-30,75,0,64.6,24,11,0,0,1172.1,81.4,Stage-II Pending,7.0,0,0.0,Low/Plains,0.26,0.63,2026-04-10,PAIMANA_Live,Under Implementation,0,0
PAIMANA-SEC_INLAND-2023-1871,Fairway Development & River Ro-Ro Terminal Facility in Pune,MoPSW,"Ministry of Ports, Shipping and Waterways",SEC_INLAND,National Waterways & River Ports,Maharashtra,West,IWAI,19.1717,75.7082,970.2,1223.89,253.69,26.15,527.62,43.1,71.7,2023-02-28,2025-07-28,2027-10-26,29,27,129.6,15,15,1,850,51.0,46.0,Approved,5.9,1,134.31,High/Himalayan/Riverine,0.9,0.79,2026-04-10,PAIMANA_Live,Under Implementation,1,1
PAIMANA-SEC_IRR-2023-1872,Lift Irrigation & Pressurized Piped Distribution Network in Ujjain,DoWR,"Department of Water Resources, RD & GR",SEC_IRR,National River Link & Irrigation,Madhya Pradesh,Central,WRD,23.4203,78.9269,537.66,718.61,180.95,33.66,265.85,37.0,60.2,2023-05-13,2025-02-09,2028-05-09,21,39,150.0,15,15,1,1201,988.8,61.7,Exempted,5.5,2,497.42,Moderate/Plateau,0.38,0.75,2026-04-10,PAIMANA_Live,Under Implementation,1,1
PAIMANA-SEC_CHEM-2020-1873,Coal-Gasification Based Urea & Fertilizer Complex at Coimbatore,MoCF,Ministry of Chemicals and Fertilizers,SEC_CHEM,Fertilizer Plants & Petrochemicals,Tamil Nadu,South,FCIL,11.6518,79.2019,309.59,452.81,143.22,46.26,184.28,40.7,73.0,2020-01-06,2022-09-04,2025-06-03,32,33,150.0,16,16,1,1000,1144.6,69.2,Approved,7.2,3,899.61,Low/Plains,0.94,0.69,2026-04-10,PAIMANA_Live,Under Implementation,1,1
PAIMANA-SEC_STEEL-2019-1874,Integrated Steel Plant Modernization & Pelletization Unit at Thane,MoSteel,Ministry of Steel,SEC_STEEL,Steel Plants & Metallurgy Units,Maharashtra,West,SAIL,19.6073,75.3765,573.19,675.78,102.59,17.9,244.21,36.1,62.7,2019-12-06,2021-10-04,2024-11-01,22,37,150.0,34,34,1,1124,349.7,91.3,Stage-I,3.5,2,182.11,Low/Plains,0.65,0.32,2026-04-10,OCMS_Historical,Under Implementation,1,1
PAIMANA-SEC_WATER-2017-1875,Comprehensive Sewage Treatment & River Cleaning Mission at Kakinada,MoHUA,Ministry of Housing and Urban Affairs,SEC_WATER,Water Supply & Urban Sanitation,Andhra Pradesh,South,NMCG,16.4664,80.1775,1112.25,1336.43,224.18,20.16,567.12,42.4,64.0,2017-09-22,2020-03-22,2023-05-21,30,38,150.0,20,20,1,1132,150.9,72.3,Stage-II Pending,3.4,0,0.0,Low/Plains,0.7,0.48,2026-04-10,OCMS_Historical,Under Implementation,1,1
PAIMANA-SEC_STEEL-2014-1876,Integrated Steel Plant Modernization & Pelletization Unit at Solapur,MoSteel,Ministry of Steel,SEC_STEEL,Steel Plants & Metallurgy Units,Maharashtra,West,SAIL,19.2814,75.284,6313.44,7568.65,1255.21,19.88,3896.8,51.5,83.6,2014-03-28,2020-05-24,2022-05-23,74,24,150.0,30,30,1,722,1309.7,61.5,Approved,3.3,0,0.0,High/Himalayan/Riverine,0.42,0.74,2026-04-10,OCMS_Historical,Under Implementation,1,1
PAIMANA-SEC_IRR-2021-1877,National River Interlinking Canal & Barrage System (Manali-Shimla),DoWR,"Department of Water Resources, RD & GR",SEC_IRR,National River Link & Irrigation,Himachal Pradesh,North,NWDA,31.1918,76.9816,701.96,785.68,83.72,11.93,397.44,50.6,78.8,2021-11-17,2023-09-16,2024-09-14,22,12,150.0,23,23,1,401,747.2,80.4,Approved,8.8,0,0.0,Moderate/Plateau,0.1,0.48,2026-04-10,PAIMANA_Live,Under Implementation,1,1
PAIMANA-SEC_CHEM-2023-1878,Petrochemical Derivative & Polymer Manufacturing Unit at Paradip,MoCF,Ministry of Chemicals and Fertilizers,SEC_CHEM,Fertilizer Plants & Petrochemicals,Odisha,East,HURL,20.6264,85.3988,1419.71,1557.41,137.7,9.7,830.54,53.3,78.9,2023-08-08,2026-08-06,2026-08-06,36,0,89.7,26,23,0,0,1238.9,76.2,Stage-I,8.7,0,0.0,Low/Plains,0.11,0.79,2026-04-10,PAIMANA_Live,Under Implementation,0,0
PAIMANA-SEC_HWY-2021-1879,Greenfield Coastal Corridor Expressway (Paradip-Jharsuguda Phase 1),MoRTH,Ministry of Road Transport and Highways,SEC_HWY,Highways & Expressways,Odisha,East,NHAI,21.2691,84.9498,1130.04,1394.88,264.84,23.44,670.09,48.0,73.7,2021-12-19,2025-02-16,2027-11-16,38,33,136.6,39,39,1,1005,455.0,91.2,Stage-II Pending,5.1,2,646.58,Low/Plains,0.41,0.76,2026-04-10,PAIMANA_Live,Under Implementation,1,1
PAIMANA-SEC_PWR_GEN-2015-1880,Ultra Mega Supercritical Thermal Power Project (17x800 MW) at Barauni,MoP,Ministry of Power,SEC_PWR_GEN,Thermal & Hydro Power Generation,Bihar,East,NTPC,25.3202,85.199,3549.56,4163.88,614.32,17.31,2104.14,50.5,78.8,2015-11-27,2019-08-26,2021-04-25,45,20,150.0,23,23,1,628,1140.0,74.3,Approved,8.0,0,0.0,Low/Plains,0.74,0.59,2026-04-10,OCMS_Historical,Under Implementation,1,1
PAIMANA-SEC_PWR_GEN-2015-1881,Subansiri/Tehri Stage-II Hydroelectric Dam & Powerhouse (Ahmedabad),MoP,Ministry of Power,SEC_PWR_GEN,Thermal & Hydro Power Generation,Gujarat,West,SJVN,22.1747,71.3232,12659.87,14860.96,2201.09,17.39,7596.1,51.1,80.7,2015-09-21,2025-07-17,2027-09-15,118,26,107.6,16,15,1,801,1261.0,52.7,Approved,5.3,1,87.32,Moderate/Plateau,0.89,0.6,2026-04-10,OCMS_Historical,Under Implementation,1,1
PAIMANA-SEC_AIR-2022-1882,Air Cargo Hub & Aircraft Maintenance Repair Overhaul (MRO) at Pune,MoCA,Ministry of Civil Aviation,SEC_AIR,Regional & Greenfield Airports,Maharashtra,West,AAI,20.3144,75.8919,693.17,731.86,38.69,5.58,476.69,65.1,100.0,2022-01-06,2023-10-06,2023-10-06,21,0,150.0,14,14,0,0,1562.8,95.9,Stage-I,6.1,0,0.0,Low/Plains,0.7,0.22,2026-04-10,PAIMANA_Live,Commissioned,0,0
PAIMANA-SEC_AIR-2023-1883,Air Cargo Hub & Aircraft Maintenance Repair Overhaul (MRO) at Noida,MoCA,Ministry of Civil Aviation,SEC_AIR,Regional & Greenfield Airports,Uttar Pradesh,North,AAI,27.3551,80.6285,721.0,836.32,115.32,15.99,349.45,41.8,66.6,2023-06-28,2026-03-27,2027-11-25,33,20,101.9,47,34,5,607,950.0,39.7,Approved,6.1,0,0.0,Low/Plains,0.94,0.55,2026-04-10,PAIMANA_Live,Under Implementation,1,1
PAIMANA-SEC_HEALTH-2020-1884,National Centre for Disease Control & Bio-Safety Level 4 Lab at Kakinada,MoHFW,Ministry of Health and Family Welfare,SEC_HEALTH,AIIMS & Super-Specialty Medical Infra,Andhra Pradesh,South,MoHFW,15.9633,80.1684,3095.05,3544.33,449.28,14.52,1961.71,55.3,84.6,2020-08-13,2024-11-10,2026-06-10,51,19,133.6,24,21,1,614,1566.2,67.2,Approved,8.7,1,315.92,Moderate/Plateau,0.73,0.79,2026-04-10,PAIMANA_Live,Under Implementation,1,1
PAIMANA-SEC_LOG-2020-1885,Central Freight Logistics & Cold Chain Infrastructure Hub at Deoghar,MoRTH,Ministry of Road Transport and Highways,SEC_LOG,Multimodal Logistics Parks (MMLP),Jharkhand,East,CONCOR,23.0724,85.0031,2193.83,2431.92,238.09,10.85,1252.63,51.5,82.4,2020-09-16,2023-06-16,2024-04-15,33,10,150.0,20,20,1,332,1124.0,88.7,Approved,9.5,0,0.0,Low/Plains,0.62,0.71,2026-04-10,PAIMANA_Live,Under Implementation,1,1
PAIMANA-SEC_HWY-2019-1886,National Highway NH-27 Widening & Bypass at Rohtak,MoRTH,Ministry of Road Transport and Highways,SEC_HWY,Highways & Expressways,Haryana,North,MoRTH,29.5799,75.9574,6634.1,7727.73,1093.63,16.48,3820.82,49.4,82.3,2019-07-13,2025-10-09,2026-09-08,75,11,108.2,41,29,11,322,1543.7,76.4,Approved,6.8,0,0.0,High/Himalayan/Riverine,0.45,0.22,2026-04-10,OCMS_Historical,Under Implementation,1,1
PAIMANA-SEC_LOG-2020-1887,Multimodal Logistics Park (MMLP) with Inland Container Depot at Bathinda,MoRTH,Ministry of Road Transport and Highways,SEC_LOG,Multimodal Logistics Parks (MMLP),Punjab,North,NHLML,31.033,75.0541,1998.87,2388.92,390.05,19.51,1082.43,45.3,75.3,2020-04-05,2023-06-04,2025-09-01,38,27,150.0,30,30,1,838,1731.1,50.6,Stage-II Pending,8.3,0,0.0,Low/Plains,0.35,0.74,2026-04-10,PAIMANA_Live,Under Implementation,1,1
PAIMANA-SEC_SMART-2019-1888,Special Investment Region Trunk Infrastructure & Utilities at Warangal,MoHUA,Ministry of Housing and Urban Affairs,SEC_SMART,Smart Cities & Industrial Corridors,Telangana,South,Dholera/DMIC,17.7807,79.609,815.89,971.69,155.8,19.1,468.92,48.3,72.7,2019-03-18,2021-07-16,2024-01-14,28,30,150.0,42,42,1,895,864.1,97.6,Exempted,5.6,2,388.43,Low/Plains,0.78,0.7,2026-04-10,OCMS_Historical,Under Implementation,1,1
PAIMANA-SEC_MINE-2015-1889,Copper Ore Underground Mine Expansion Project in Tirupati,MoMines,Ministry of Mines,SEC_MINE,Strategic Mineral Extraction,Andhra Pradesh,South,HCL,15.5459,79.8938,2011.69,2462.56,450.87,22.41,1029.67,41.8,72.9,2015-09-23,2019-01-21,2022-07-20,40,42,150.0,35,35,1,1269,203.1,80.9,Stage-II Pending,5.1,1,194.16,Low/Plains,0.45,0.41,2026-04-10,OCMS_Historical,Under Implementation,1,1
PAIMANA-SEC_PWR_TR-2022-1890,765kV High Voltage Direct Current (HVDC) Inter-Regional Grid (Kozhikode-Kochi),MoP,Ministry of Power,SEC_PWR_TR,Power Transmission & Grid,Kerala,South,PGCIL,10.6196,76.0614,3290.76,3914.4,623.64,18.95,1676.81,42.8,67.7,2022-10-03,2026-03-02,2028-04-30,41,26,103.5,42,42,1,777,1355.7,70.9,Stage-II Pending,6.4,0,0.0,Low/Plains,0.4,0.76,2026-04-10,PAIMANA_Live,Under Implementation,1,1
PAIMANA-SEC_IRR-2015-1891,National River Interlinking Canal & Barrage System (Anantnag-Srinagar),DoWR,"Department of Water Resources, RD & GR",SEC_IRR,National River Link & Irrigation,Jammu & Kashmir,North,NWDA,33.2332,77.128,2502.55,2952.63,450.08,17.98,1504.32,50.9,81.9,2015-06-27,2018-12-24,2020-11-22,42,23,150.0,24,24,1,714,1660.0,54.9,Approved,5.0,0,0.0,Moderate/Plateau,0.23,0.52,2026-04-10,OCMS_Historical,Under Implementation,1,1
PAIMANA-SEC_PORT-2016-1892,LNG Import Terminal & Marine Jetty Infrastructure at Durgapur,MoPSW,"Ministry of Ports, Shipping and Waterways",SEC_PORT,Major Ports & Maritime Channels,West Bengal,East,Petronet,23.0969,87.8225,1858.49,1930.6,72.11,3.88,1246.4,64.6,100.0,2016-12-28,2019-05-28,2019-05-28,29,0,150.0,30,30,0,0,1587.1,82.5,Stage-I,8.4,1,330.66,Low/Plains,0.28,0.59,2026-04-10,OCMS_Historical,Commissioned,0,0
PAIMANA-SEC_RLY-2023-1893,New Broad Gauge Rail Link Vadodara to Kandla with Major Bridges,MoR,Ministry of Railways,SEC_RLY,Railways & High-Speed Rail,Gujarat,West,RVNL,22.6296,71.5637,3161.96,3762.79,600.83,19.0,1192.18,31.7,46.4,2023-12-27,2027-05-26,2029-08-23,41,27,67.4,42,26,5,810,413.8,61.5,Approved,7.9,1,53.29,Low/Plains,0.21,0.79,2026-04-10,PAIMANA_Live,Under Implementation,1,1
PAIMANA-SEC_WATER-2020-1894,Comprehensive Sewage Treatment & River Cleaning Mission at Madurai,MoHUA,Ministry of Housing and Urban Affairs,SEC_WATER,Water Supply & Urban Sanitation,Tamil Nadu,South,NMCG,11.2331,79.2143,3485.75,4033.98,548.23,15.73,2007.04,49.8,79.1,2020-01-11,2024-10-08,2027-01-06,57,27,132.0,44,44,1,812,647.3,75.0,Approved,8.4,1,243.13,Low/Plains,0.58,0.71,2026-04-10,PAIMANA_Live,Under Implementation,1,1
PAIMANA-SEC_STEEL-2023-1895,Integrated Steel Plant Modernization & Pelletization Unit at Bengaluru,MoSteel,Ministry of Steel,SEC_STEEL,Steel Plants & Metallurgy Units,Karnataka,South,SAIL,15.4843,75.8175,4266.96,4956.21,689.25,16.15,1230.45,24.8,43.8,2023-05-06,2028-07-02,2029-11-30,62,17,57.1,20,7,2,546,1575.4,97.3,Stage-II Pending,8.0,0,0.0,Moderate/Plateau,0.84,0.82,2026-04-10,PAIMANA_Live,Under Implementation,1,1
PAIMANA-SEC_METRO-2015-1896,Urban Light Rail Transit / MetroLite System for Singrauli Smart City,MoHUA,Ministry of Housing and Urban Affairs,SEC_METRO,Metro Rail & Urban Transit,Madhya Pradesh,Central,Metro Rail Corp,22.7373,79.0782,2125.75,2556.51,430.76,20.26,1124.9,44.0,70.6,2015-04-05,2017-12-02,2020-04-01,32,28,150.0,32,32,1,825,863.3,80.4,Approved,3.8,2,534.19,Low/Plains,0.46,0.83,2026-04-10,OCMS_Historical,Under Implementation,1,1
PAIMANA-SEC_MINE-2023-1897,Strategic Rare Earth & Bauxite Mining Complex at Madurai,MoMines,Ministry of Mines,SEC_MINE,Strategic Mineral Extraction,Tamil Nadu,South,NALCO,11.5423,79.2386,979.31,1146.47,167.16,17.07,457.3,39.9,60.9,2023-07-13,2026-08-10,2028-09-08,37,25,89.6,43,40,2,763,1693.6,91.5,Approved,4.8,1,95.41,Moderate/Plateau,0.31,0.48,2026-04-10,PAIMANA_Live,Under Implementation,1,1
PAIMANA-SEC_REN-2019-1898,Green Ammonia & Hydrogen Renewable Energy Island at Tiruchirappalli,MNRE,Ministry of New and Renewable Energy,SEC_REN,Solar & Renewable Green Energy,Tamil Nadu,South,SECI,10.6382,78.5095,1319.47,1488.26,168.79,12.79,692.09,46.5,77.1,2019-05-07,2021-05-05,2022-05-04,24,12,150.0,45,45,1,392,708.6,83.2,Stage-I,8.6,0,0.0,Moderate/Plateau,0.15,0.63,2026-04-10,OCMS_Historical,Under Implementation,1,1
PAIMANA-SEC_HWY-2015-1899,Economic Corridor NH-27 6-Lane Access Controlled Highway (Tiruchirappalli),MoRTH,Ministry of Road Transport and Highways,SEC_HWY,Highways & Expressways,Tamil Nadu,South,NHAI,11.6069,78.633,3611.18,4352.83,741.65,20.54,1904.53,43.8,70.8,2015-09-08,2020-02-05,2023-05-05,53,39,150.0,28,28,1,1177,1483.9,67.0,Stage-II Pending,5.3,2,36.35,Low/Plains,0.75,0.73,2026-04-10,OCMS_Historical,Under Implementation,1,1
PAIMANA-SEC_STEEL-2018-1900,Specialty Alloy & Hot Rolled Coil Expansion Facility at Shimla,MoSteel,Ministry of Steel,SEC_STEEL,Steel Plants & Metallurgy Units,Himachal Pradesh,North,RINL,30.6275,76.6371,528.22,645.54,117.32,22.21,267.96,41.5,71.0,2018-12-12,2021-09-10,2024-05-09,33,32,150.0,29,29,1,1000,256.3,81.5,Approved,6.6,2,504.05,Moderate/Plateau,0.52,0.41,2026-04-10,OCMS_Historical,Under Implementation,1,1
PAIMANA-SEC_REN-2021-1901,Ultra Mega Solar Park (27 MW) with Battery Storage at Singrauli,MNRE,Ministry of New and Renewable Energy,SEC_REN,Solar & Renewable Green Energy,Madhya Pradesh,Central,SECI,22.5805,78.7489,1629.2,1781.34,152.14,9.34,1048.9,58.9,86.7,2021-02-21,2024-06-21,2025-08-20,40,14,150.0,23,23,1,433,99.9,98.4,Approved,6.8,0,0.0,Low/Plains,0.83,0.2,2026-04-10,PAIMANA_Live,Nearing Completion,0,1
PAIMANA-SEC_LOG-2023-1902,Multimodal Logistics Park (MMLP) with Inland Container Depot at Aurangabad,MoRTH,Ministry of Road Transport and Highways,SEC_LOG,Multimodal Logistics Parks (MMLP),Maharashtra,West,NHLML,19.9355,75.9569,789.92,953.86,163.94,20.75,381.2,40.0,66.4,2023-04-24,2025-11-21,2029-07-20,31,44,115.4,22,18,3,1347,1376.2,77.2,Stage-I,3.7,3,96.23,Low/Plains,0.71,0.48,2026-04-10,PAIMANA_Live,Under Implementation,1,1
PAIMANA-SEC_METRO-2023-1903,Metro Rail Project Phase-4 (Elevated & Underground Corridor Kannur-Kollam),MoHUA,Ministry of Housing and Urban Affairs,SEC_METRO,Metro Rail & Urban Transit,Kerala,South,Metro Rail Corp,10.5471,75.6946,1179.58,1229.77,50.19,4.25,725.86,59.0,87.2,2023-09-07,2026-04-06,2026-04-06,31,0,101.0,47,43,0,0,1422.5,86.2,Approved,8.2,0,0.0,Low/Plains,0.71,0.84,2026-04-10,PAIMANA_Live,Nearing Completion,0,0
PAIMANA-SEC_STEEL-2018-1904,Integrated Steel Plant Modernization & Pelletization Unit at Visakhapatnam,MoSteel,Ministry of Steel,SEC_STEEL,Steel Plants & Metallurgy Units,Andhra Pradesh,South,SAIL,15.4479,79.7284,3866.62,4623.65,757.03,19.58,1972.19,42.7,73.1,2018-05-19,2023-02-14,2026-05-14,57,39,150.0,19,18,1,1155,1413.6,58.3,Approved,5.7,2,590.73,Moderate/Plateau,0.33,0.28,2026-04-10,OCMS_Historical,Under Implementation,1,1
PAIMANA-SEC_STEEL-2016-1905,Integrated Steel Plant Modernization & Pelletization Unit at Noida,MoSteel,Ministry of Steel,SEC_STEEL,Steel Plants & Metallurgy Units,Uttar Pradesh,North,SAIL,26.5651,81.0113,1376.3,1565.57,189.27,13.75,873.13,55.8,84.9,2016-10-18,2020-01-16,2021-05-16,39,16,150.0,27,27,1,473,562.0,69.6,Approved,4.9,0,0.0,Low/Plains,0.86,0.89,2026-04-10,OCMS_Historical,Under Implementation,1,1
PAIMANA-SEC_HEAVY-2021-1906,Heavy Electrical Equipment & Gas Turbine Manufacturing Facility at Rishikesh,MHI,Ministry of Heavy Industries,SEC_HEAVY,Heavy Engineering & Capital Goods,Uttarakhand,North,BHEL,30.4252,79.5264,1199.57,1290.83,91.26,7.61,824.94,63.9,100.0,2021-09-17,2024-10-15,2024-10-15,37,0,148.7,48,48,0,0,1174.8,87.5,Approved,6.1,0,0.0,Moderate/Plateau,0.92,0.76,2026-04-10,PAIMANA_Live,Commissioned,0,0
PAIMANA-SEC_RLY-2017-1907,Dedicated Freight Corridor (Western/Eastern Phase-1) near Tiruchirappalli,MoR,Ministry of Railways,SEC_RLY,Railways & High-Speed Rail,Tamil Nadu,South,DFCCIL,11.5293,78.2525,315.37,337.57,22.2,7.04,216.88,64.2,100.0,2017-01-09,2018-12-09,2018-12-09,23,0,150.0,27,27,0,0,1469.3,84.1,Approved,4.0,0,0.0,Low/Plains,0.48,0.5,2026-04-10,OCMS_Historical,Commissioned,0,0
PAIMANA-SEC_COAL-2023-1908,Open Cast Coal Mining Project (4 MTPA) with High-Capacity Conveyors at Prayagraj,MoCoal,Ministry of Coal,SEC_COAL,Coal Mining & Washeries,Uttar Pradesh,North,CIL,26.9386,81.5368,2332.15,2735.78,403.63,17.31,1285.82,47.0,73.3,2023-02-01,2025-11-30,2027-07-31,34,20,113.2,48,39,1,590,1486.9,77.1,Approved,7.9,0,0.0,High/Himalayan/Riverine,0.9,0.25,2026-04-10,PAIMANA_Live,Under Implementation,1,1
PAIMANA-SEC_PET-2017-1909,Cross-Country Natural Gas Pipeline Grid (Solapur to Pune),MoPNG,Ministry of Petroleum and Natural Gas,SEC_PET,Petroleum Pipelines & Refineries,Maharashtra,West,GAIL,20.1916,76.2227,2119.25,2206.05,86.8,4.1,1457.39,66.1,100.0,2017-11-19,2021-06-18,2021-06-18,43,0,150.0,17,17,0,0,1569.0,87.8,Approved,6.9,0,0.0,Moderate/Plateau,0.35,0.52,2026-04-10,OCMS_Historical,Commissioned,0,0
PAIMANA-SEC_IRR-2020-1910,National River Interlinking Canal & Barrage System (Guwahati-Dibrugarh),DoWR,"Department of Water Resources, RD & GR",SEC_IRR,National River Link & Irrigation,Assam,North-East,NWDA,26.0121,93.2287,8961.55,9793.26,831.71,9.28,4160.73,42.5,60.8,2020-08-25,2027-11-21,2028-10-20,87,11,77.9,15,11,1,322,1039.7,58.9,Approved,9.4,0,0.0,Low/Plains,0.6,0.71,2026-04-10,PAIMANA_Live,Under Implementation,0,1
PAIMANA-SEC_MINE-2021-1911,Copper Ore Underground Mine Expansion Project in Kanpur,MoMines,Ministry of Mines,SEC_MINE,Strategic Mineral Extraction,Uttar Pradesh,North,HCL,27.1639,80.6847,856.81,1009.42,152.61,17.81,431.45,42.7,66.4,2021-04-07,2023-04-06,2025-08-04,24,28,150.0,14,14,1,849,827.3,90.3,Approved,5.1,2,337.17,Low/Plains,0.52,0.26,2026-04-10,PAIMANA_Live,Under Implementation,1,1
PAIMANA-SEC_PWR_TR-2015-1912,765kV High Voltage Direct Current (HVDC) Inter-Regional Grid (Kharagpur-Asansol),MoP,Ministry of Power,SEC_PWR_TR,Power Transmission & Grid,West Bengal,East,PGCIL,22.5414,88.263,1413.47,1436.91,23.44,1.66,898.21,62.5,100.0,2015-05-01,2018-08-29,2018-08-29,40,0,150.0,37,37,0,0,498.9,94.1,Stage-I,6.7,0,0.0,Low/Plains,0.11,0.25,2026-04-10,OCMS_Historical,Commissioned,0,0
PAIMANA-SEC_LOG-2017-1913,Central Freight Logistics & Cold Chain Infrastructure Hub at Nagpur,MoRTH,Ministry of Road Transport and Highways,SEC_LOG,Multimodal Logistics Parks (MMLP),Maharashtra,West,CONCOR,20.3142,75.2563,1454.65,1696.34,241.69,16.61,887.44,52.3,82.7,2017-12-28,2020-10-26,2022-04-26,34,18,150.0,34,34,1,576,930.0,62.0,Stage-I,5.5,0,0.0,Low/Plains,0.53,0.8,2026-04-10,OCMS_Historical,Under Implementation,1,1
PAIMANA-SEC_PORT-2017-1914,Port Connectivity Dedicated Rail-Sea Multimodal Corridor at Jamnagar,MoPSW,"Ministry of Ports, Shipping and Waterways",SEC_PORT,Major Ports & Maritime Channels,Gujarat,West,Sagarmala Dev,21.8277,71.1706,5136.81,5744.32,607.51,11.83,3503.08,61.0,100.0,2017-07-12,2023-05-10,2023-05-10,70,0,150.0,32,32,0,0,745.9,77.9,Approved,4.7,0,0.0,High/Himalayan/Riverine,0.22,0.34,2026-04-10,OCMS_Historical,Commissioned,1,0
PAIMANA-SEC_RLY-2020-1915,Railway Doubling & Electrification of New Delhi-Rohini Section (33 km),MoR,Ministry of Railways,SEC_RLY,Railways & High-Speed Rail,Delhi NCR,North,CORE,28.2601,77.5345,1048.46,1305.6,257.14,24.53,483.35,37.0,60.8,2020-02-12,2022-03-13,2025-06-10,25,39,150.0,42,42,1,1158,1372.5,88.3,Stage-II Pending,8.3,2,651.85,Low/Plains,0.46,0.21,2026-04-10,PAIMANA_Live,Under Implementation,1,1
PAIMANA-SEC_MINE-2015-1916,Strategic Rare Earth & Bauxite Mining Complex at Prayagraj,MoMines,Ministry of Mines,SEC_MINE,Strategic Mineral Extraction,Uttar Pradesh,North,NALCO,26.2669,80.782,1496.19,1575.28,79.09,5.29,995.54,63.2,100.0,2015-06-11,2018-01-08,2018-01-08,31,0,150.0,22,22,0,0,1557.6,81.3,Stage-II Pending,3.4,0,0.0,Moderate/Plateau,0.25,0.38,2026-04-10,OCMS_Historical,Commissioned,0,0
PAIMANA-SEC_ATOM-2021-1917,Fast Breeder Reactor & Reprocessing Facility at Gwalior,DAE,Department of Atomic Energy,SEC_ATOM,Atomic Energy & Nuclear Power,Madhya Pradesh,Central,BHAVINI,22.9489,78.1846,2044.91,2443.95,399.04,19.51,1307.61,53.5,80.9,2021-10-25,2025-04-23,2026-11-21,42,19,128.0,35,34,1,578,529.1,74.7,Approved,7.7,0,0.0,High/Himalayan/Riverine,0.2,0.43,2026-04-10,PAIMANA_Live,Under Implementation,1,1
PAIMANA-SEC_PORT-2021-1918,Greenfield Deep-Water Major Port & Container Terminal Phase-4 at Kanpur,MoPSW,"Ministry of Ports, Shipping and Waterways",SEC_PORT,Major Ports & Maritime Channels,Uttar Pradesh,North,Port Authority,26.5781,81.4781,1370.44,1718.11,347.67,25.37,756.06,44.0,69.6,2021-07-01,2023-07-31,2025-05-29,25,22,150.0,14,14,1,647,1468.0,36.4,Approved,8.4,1,103.88,High/Himalayan/Riverine,0.41,0.58,2026-04-10,PAIMANA_Live,Under Implementation,1,1
PAIMANA-SEC_CHEM-2016-1919,Coal-Gasification Based Urea & Fertilizer Complex at Bengaluru,MoCF,Ministry of Chemicals and Fertilizers,SEC_CHEM,Fertilizer Plants & Petrochemicals,Karnataka,South,FCIL,15.3273,75.6042,751.07,873.15,122.08,16.25,403.75,46.2,69.4,2016-07-17,2018-02-14,2019-06-15,19,16,150.0,46,46,1,493,1308.0,42.0,Approved,8.7,0,0.0,Moderate/Plateau,0.84,0.82,2026-04-10,OCMS_Historical,Under Implementation,1,1
PAIMANA-SEC_PWR_TR-2017-1920,765kV High Voltage Direct Current (HVDC) Inter-Regional Grid (Jodhpur-Udaipur),MoP,Ministry of Power,SEC_PWR_TR,Power Transmission & Grid,Rajasthan,North,PGCIL,26.4447,74.14,1380.21,1810.98,430.77,31.21,799.83,44.2,73.8,2017-01-15,2019-07-16,2022-01-13,30,30,150.0,33,33,1,908,629.9,65.8,Approved,5.8,3,619.54,High/Himalayan/Riverine,0.11,0.6,2026-04-10,OCMS_Historical,Under Implementation,1,1
PAIMANA-SEC_TEL-2022-1921,BharatNet Rural Optical Fiber Network Phase-2 across Kozhikode,DoT,Department of Telecommunications,SEC_TEL,Telecommunication & BharatNet Fiber,Kerala,South,BBNL,11.3569,76.6771,3182.93,3600.22,417.29,13.11,1385.35,38.5,59.4,2022-09-22,2026-09-20,2028-12-18,48,27,89.2,40,30,10,811,1633.7,76.1,Approved,5.7,0,0.0,Low/Plains,0.94,0.35,2026-04-10,PAIMANA_Live,Under Implementation,1,1
PAIMANA-SEC_ATOM-2020-1922,Fast Breeder Reactor & Reprocessing Facility at Inter-State Hub,DAE,Department of Atomic Energy,SEC_ATOM,Atomic Energy & Nuclear Power,Multi-State / National,National,BHAVINI,22.3541,78.4607,432.86,506.49,73.63,17.01,235.99,46.6,75.3,2020-03-03,2022-05-02,2023-07-01,26,14,150.0,16,16,1,406,1436.0,60.1,Approved,8.5,0,0.0,Moderate/Plateau,0.32,0.81,2026-04-10,PAIMANA_Live,Under Implementation,1,1
PAIMANA-SEC_LOG-2021-1923,Multimodal Logistics Park (MMLP) with Inland Container Depot at Tiruchirappalli,MoRTH,Ministry of Road Transport and Highways,SEC_LOG,Multimodal Logistics Parks (MMLP),Tamil Nadu,South,NHLML,11.7241,78.1358,1302.35,1518.36,216.01,16.59,721.44,47.5,72.1,2021-11-15,2023-12-15,2026-01-13,25,25,150.0,28,28,1,769,1564.5,91.2,Stage-II Pending,7.1,0,0.0,Moderate/Plateau,0.13,0.8,2026-04-10,PAIMANA_Live,Under Implementation,1,1
PAIMANA-SEC_REN-2014-1924,Green Ammonia & Hydrogen Renewable Energy Island at Cuttack,MNRE,Ministry of New and Renewable Energy,SEC_REN,Solar & Renewable Green Energy,Odisha,East,SECI,20.4298,85.0544,590.22,669.6,79.38,13.45,405.89,60.6,100.0,2014-05-20,2017-01-16,2017-01-16,32,0,150.0,14,14,0,0,1663.8,92.6,Approved,7.3,1,296.74,Moderate/Plateau,0.4,0.9,2026-04-10,OCMS_Historical,Commissioned,1,0
PAIMANA-SEC_IRR-2015-1925,Lift Irrigation & Pressurized Piped Distribution Network in Nashik,DoWR,"Department of Water Resources, RD & GR",SEC_IRR,National River Link & Irrigation,Maharashtra,West,WRD,20.0661,75.6382,3572.07,4233.82,661.75,18.53,1896.42,44.8,76.6,2015-07-13,2020-04-09,2022-11-07,57,31,150.0,30,30,1,924,684.6,68.3,Approved,3.8,0,0.0,Low/Plains,0.92,0.81,2026-04-10,OCMS_Historical,Under Implementation,1,1
PAIMANA-SEC_COAL-2022-1926,Open Cast Coal Mining Project (63 MTPA) with High-Capacity Conveyors at Kanpur,MoCoal,Ministry of Coal,SEC_COAL,Coal Mining & Washeries,Uttar Pradesh,North,CIL,26.3079,80.8991,270.04,379.4,109.36,40.5,143.06,37.7,67.7,2022-11-19,2024-10-18,2027-04-18,23,30,150.0,48,48,1,889,513.6,88.8,Exempted,8.2,2,413.23,High/Himalayan/Riverine,0.65,0.86,2026-04-10,PAIMANA_Live,Under Implementation,1,1
PAIMANA-SEC_HEALTH-2016-1927,National Centre for Disease Control & Bio-Safety Level 4 Lab at Kolkata,MoHFW,Ministry of Health and Family Welfare,SEC_HEALTH,AIIMS & Super-Specialty Medical Infra,West Bengal,East,MoHFW,23.4637,87.3552,674.94,806.7,131.76,19.52,397.32,49.3,78.8,2016-02-03,2018-08-03,2020-04-02,30,20,150.0,15,15,1,591,1257.7,87.4,Approved,6.3,2,462.46,Low/Plains,0.56,0.21,2026-04-10,OCMS_Historical,Under Implementation,1,1
PAIMANA-SEC_IRR-2014-1928,Lift Irrigation & Pressurized Piped Distribution Network in Rajkot,DoWR,"Department of Water Resources, RD & GR",SEC_IRR,National River Link & Irrigation,Gujarat,West,WRD,22.5681,71.1339,1642.47,1880.54,238.07,14.49,959.63,51.0,80.2,2014-12-27,2018-06-25,2020-07-24,42,25,150.0,44,44,1,787,876.0,83.6,Exempted,8.6,2,657.83,Low/Plains,0.35,0.36,2026-04-10,OCMS_Historical,Under Implementation,1,1
PAIMANA-SEC_TEL-2022-1929,BharatNet Rural Optical Fiber Network Phase-4 across Patna,DoT,Department of Telecommunications,SEC_TEL,Telecommunication & BharatNet Fiber,Bihar,East,BBNL,25.064,84.8255,5078.92,6029.72,950.8,18.72,1800.93,29.9,52.0,2022-09-24,2027-08-22,2030-04-20,59,32,72.4,48,31,12,973,463.3,70.9,Stage-I,9.3,2,68.16,Low/Plains,0.51,0.5,2026-04-10,PAIMANA_Live,Under Implementation,1,1
PAIMANA-SEC_REN-2017-1930,Offshore & Onshore Hybrid Wind-Solar Power Hub in Mormugao,MNRE,Ministry of New and Renewable Energy,SEC_REN,Solar & Renewable Green Energy,Goa,West,NTPC-REL,15.5038,74.1956,1078.3,1192.07,113.77,10.55,726.43,60.9,100.0,2017-07-19,2019-05-18,2019-05-18,22,0,150.0,31,31,0,0,246.7,78.3,Approved,3.9,1,248.54,Low/Plains,0.85,0.88,2026-04-10,OCMS_Historical,Commissioned,0,0
PAIMANA-SEC_MINE-2016-1931,Copper Ore Underground Mine Expansion Project in Kharagpur,MoMines,Ministry of Mines,SEC_MINE,Strategic Mineral Extraction,West Bengal,East,HCL,22.8123,87.3078,677.34,684.03,6.69,0.99,447.18,65.4,100.0,2016-08-24,2019-01-22,2019-01-22,29,0,150.0,42,42,0,0,570.6,96.3,Approved,4.5,0,0.0,Moderate/Plateau,0.43,0.49,2026-04-10,OCMS_Historical,Commissioned,0,0
PAIMANA-SEC_HEALTH-2017-1932,National Centre for Disease Control & Bio-Safety Level 4 Lab at Guntur,MoHFW,Ministry of Health and Family Welfare,SEC_HEALTH,AIIMS & Super-Specialty Medical Infra,Andhra Pradesh,South,MoHFW,16.0805,80.1421,6854.81,8589.87,1735.06,25.31,4004.06,46.6,75.6,2017-03-16,2023-06-13,2026-11-10,75,41,145.5,47,47,1,1237,1778.6,82.2,Stage-II Pending,9.4,4,438.12,Low/Plains,0.48,0.59,2026-04-10,OCMS_Historical,Under Implementation,1,1
PAIMANA-SEC_ATOM-2020-1933,Pressurized Heavy Water Reactor Nuclear Power Unit (78x700 MWe) at Amritsar,DAE,Department of Atomic Energy,SEC_ATOM,Atomic Energy & Nuclear Power,Punjab,North,NPCIL,31.4592,75.7318,290.03,348.74,58.71,20.24,142.94,41.0,65.2,2020-09-08,2022-07-08,2024-07-06,22,24,150.0,39,39,1,714,1641.7,81.3,Approved,9.2,1,231.3,Moderate/Plateau,0.14,0.85,2026-04-10,PAIMANA_Live,Under Implementation,1,1
PAIMANA-SEC_WATER-2018-1934,Urban 24x7 Water Supply & Advanced Smart Grid Pipeline in National Corridor,MoHUA,Ministry of Housing and Urban Affairs,SEC_WATER,Water Supply & Urban Sanitation,Multi-State / National,National,Jal Nigam,21.5816,79.585,157.0,190.11,33.11,21.09,80.24,42.2,71.0,2018-09-18,2020-03-18,2021-07-17,18,16,150.0,12,12,1,499,990.4,74.9,Stage-I,8.3,0,0.0,High/Himalayan/Riverine,0.16,0.86,2026-04-10,OCMS_Historical,Under Implementation,1,1
PAIMANA-SEC_MINE-2021-1935,Copper Ore Underground Mine Expansion Project in Barauni,MoMines,Ministry of Mines,SEC_MINE,Strategic Mineral Extraction,Bihar,East,HCL,24.985,84.9923,1743.45,2111.57,368.12,21.11,966.04,45.7,78.1,2021-10-19,2024-01-17,2025-01-15,27,12,150.0,39,39,1,364,641.7,76.4,Approved,7.5,0,0.0,High/Himalayan/Riverine,0.78,0.8,2026-04-10,PAIMANA_Live,Under Implementation,1,1
PAIMANA-SEC_CHEM-2020-1936,Coal-Gasification Based Urea & Fertilizer Complex at Bhavnagar,MoCF,Ministry of Chemicals and Fertilizers,SEC_CHEM,Fertilizer Plants & Petrochemicals,Gujarat,West,FCIL,22.2534,70.907,712.41,839.41,127.0,17.83,368.52,43.9,67.0,2020-01-11,2021-11-09,2024-02-07,22,27,150.0,27,27,1,830,954.8,78.0,Stage-I,5.0,1,200.95,Low/Plains,0.89,0.52,2026-04-10,PAIMANA_Live,Under Implementation,1,1
PAIMANA-SEC_HEAVY-2015-1937,Heavy Machine Tools & Engineering Foundry Unit in Visakhapatnam,MHI,Ministry of Heavy Industries,SEC_HEAVY,Heavy Engineering & Capital Goods,Andhra Pradesh,South,HMT,15.6233,79.7859,435.04,462.49,27.45,6.31,297.74,64.4,100.0,2015-07-11,2017-01-08,2017-01-08,18,0,150.0,24,24,0,0,1107.6,79.5,Approved,7.6,1,30.38,Low/Plains,0.45,0.27,2026-04-10,OCMS_Historical,Commissioned,0,0
PAIMANA-SEC_HEALTH-2014-1938,National Centre for Disease Control & Bio-Safety Level 4 Lab at Mumbai,MoHFW,Ministry of Health and Family Welfare,SEC_HEALTH,AIIMS & Super-Specialty Medical Infra,Maharashtra,West,MoHFW,19.6033,75.4319,2249.68,2622.49,372.81,16.57,1258.42,48.0,76.2,2014-09-18,2017-02-15,2018-05-17,29,15,150.0,37,37,1,452,1793.4,76.5,Exempted,7.2,0,0.0,High/Himalayan/Riverine,0.59,0.68,2026-04-10,OCMS_Historical,Under Implementation,1,1
PAIMANA-SEC_WATER-2023-1939,Urban 24x7 Water Supply & Advanced Smart Grid Pipeline in Belagavi,MoHUA,Ministry of Housing and Urban Affairs,SEC_WATER,Water Supply & Urban Sanitation,Karnataka,South,Jal Nigam,15.0308,75.4902,1446.96,1529.6,82.64,5.71,847.83,55.4,84.7,2023-11-18,2026-05-18,2026-05-18,30,0,96.4,37,29,0,0,1335.6,76.1,Approved,6.7,0,0.0,Low/Plains,0.77,0.77,2026-04-10,PAIMANA_Live,Under Implementation,0,0
PAIMANA-SEC_SMART-2014-1940,Industrial Smart City & Integrated Manufacturing Node at Lucknow,MoHUA,Ministry of Housing and Urban Affairs,SEC_SMART,Smart Cities & Industrial Corridors,Uttar Pradesh,North,NICDC,27.066,80.4204,671.65,845.19,173.54,25.84,335.43,39.7,62.9,2014-02-04,2015-11-04,2019-01-02,21,38,150.0,23,23,1,1140,1181.9,87.1,Approved,4.5,2,596.02,Low/Plains,0.38,0.37,2026-04-10,OCMS_Historical,Under Implementation,1,1
PAIMANA-SEC_HEAVY-2022-1941,Heavy Machine Tools & Engineering Foundry Unit in Visakhapatnam,MHI,Ministry of Heavy Industries,SEC_HEAVY,Heavy Engineering & Capital Goods,Andhra Pradesh,South,HMT,15.8955,79.199,340.13,368.85,28.72,8.44,233.91,63.4,100.0,2022-09-26,2024-11-24,2024-11-24,26,0,150.0,25,25,0,0,1198.2,93.8,Approved,7.1,0,0.0,Low/Plains,0.45,0.64,2026-04-10,PAIMANA_Live,Commissioned,0,0
PAIMANA-SEC_HEAVY-2023-1942,Heavy Machine Tools & Engineering Foundry Unit in Thane,MHI,Ministry of Heavy Industries,SEC_HEAVY,Heavy Engineering & Capital Goods,Maharashtra,West,HMT,19.2115,76.0609,2629.22,3006.9,377.68,14.36,1120.42,37.3,59.8,2023-05-26,2026-06-23,2028-05-22,37,23,93.9,31,21,3,678,476.4,86.6,Approved,9.0,2,672.39,Moderate/Plateau,0.87,0.36,2026-04-10,PAIMANA_Live,Under Implementation,1,1
PAIMANA-SEC_PORT-2016-1943,Port Connectivity Dedicated Rail-Sea Multimodal Corridor at Nashik,MoPSW,"Ministry of Ports, Shipping and Waterways",SEC_PORT,Major Ports & Maritime Channels,Maharashtra,West,Sagarmala Dev,20.1178,75.1486,2128.77,2482.76,353.99,16.63,1101.9,44.4,75.7,2016-01-27,2019-03-27,2021-04-25,38,25,150.0,32,32,1,783,1287.0,79.2,Exempted,5.5,0,0.0,Low/Plains,0.1,0.71,2026-04-10,OCMS_Historical,Under Implementation,1,1
PAIMANA-SEC_PWR_GEN-2017-1944,Ultra Mega Supercritical Thermal Power Project (92x800 MW) at Kozhikode,MoP,Ministry of Power,SEC_PWR_GEN,Thermal & Hydro Power Generation,Kerala,South,NTPC,11.3688,76.1817,1044.6,1325.05,280.45,26.85,560.92,42.3,70.7,2017-06-09,2020-02-06,2022-12-05,32,34,150.0,36,36,1,1026,653.8,28.2,Approved,3.7,1,18.18,High/Himalayan/Riverine,0.54,0.89,2026-04-10,OCMS_Historical,Under Implementation,1,1
PAIMANA-SEC_REN-2015-1945,Green Ammonia & Hydrogen Renewable Energy Island at Siliguri,MNRE,Ministry of New and Renewable Energy,SEC_REN,Solar & Renewable Green Energy,West Bengal,East,SECI,22.5112,87.4673,6633.66,7898.95,1265.29,19.07,3874.88,49.1,80.9,2015-03-05,2021-05-01,2024-02-28,74,34,150.0,23,23,1,1061,661.3,62.8,Approved,3.3,0,0.0,Low/Plains,0.47,0.24,2026-04-10,OCMS_Historical,Under Implementation,1,1
PAIMANA-SEC_PWR_TR-2015-1946,Substation Automation & GIS Grid Augmentation at Kochi,MoP,Ministry of Power,SEC_PWR_TR,Power Transmission & Grid,Kerala,South,PGCIL,11.1037,76.8611,415.31,528.25,112.94,27.19,200.41,37.9,61.9,2015-06-28,2018-01-25,2021-06-24,31,41,150.0,28,28,1,1218,773.3,76.4,Approved,6.7,3,118.6,Low/Plains,0.55,0.56,2026-04-10,OCMS_Historical,Under Implementation,1,1
PAIMANA-SEC_PWR_GEN-2017-1947,Ultra Mega Supercritical Thermal Power Project (25x800 MW) at Coimbatore,MoP,Ministry of Power,SEC_PWR_GEN,Thermal & Hydro Power Generation,Tamil Nadu,South,NTPC,10.5913,78.6914,269.44,319.22,49.78,18.48,158.17,49.5,76.3,2017-02-06,2019-10-06,2021-03-05,32,17,150.0,34,34,1,523,121.4,31.7,Approved,7.3,0,0.0,Low/Plains,0.49,0.88,2026-04-10,OCMS_Historical,Under Implementation,1,1
PAIMANA-SEC_METRO-2021-1948,Urban Light Rail Transit / MetroLite System for Pasighat Smart City,MoHUA,Ministry of Housing and Urban Affairs,SEC_METRO,Metro Rail & Urban Transit,Arunachal Pradesh,North-East,Metro Rail Corp,27.7661,94.7968,594.84,781.73,186.89,31.42,317.9,40.7,66.4,2021-06-08,2023-11-06,2027-01-04,29,38,150.0,34,34,1,1154,1068.4,58.6,Stage-II Pending,4.8,0,0.0,High/Himalayan/Riverine,0.37,0.66,2026-04-10,PAIMANA_Live,Under Implementation,1,1
PAIMANA-SEC_METRO-2022-1949,Metro Rail Project Phase-2 (Elevated & Underground Corridor Jamshedpur-Dhanbad),MoHUA,Ministry of Housing and Urban Affairs,SEC_METRO,Metro Rail & Urban Transit,Jharkhand,East,Metro Rail Corp,23.1952,85.5354,1099.16,1245.17,146.01,13.28,601.31,48.3,76.3,2022-06-09,2025-01-06,2026-11-05,31,22,149.3,29,29,1,664,1036.9,83.4,Approved,7.6,0,0.0,Moderate/Plateau,0.54,0.68,2026-04-10,PAIMANA_Live,Under Implementation,1,1
PAIMANA-SEC_IRR-2018-1950,National River Interlinking Canal & Barrage System (Siliguri-Haldia),DoWR,"Department of Water Resources, RD & GR",SEC_IRR,National River Link & Irrigation,West Bengal,East,NWDA,23.0335,88.0771,1446.32,1810.84,364.52,25.2,809.05,44.7,71.3,2018-09-20,2021-11-18,2025-01-16,38,38,150.0,17,17,1,1140,826.9,32.9,Approved,5.2,1,248.02,Moderate/Plateau,0.68,0.47,2026-04-10,OCMS_Historical,Under Implementation,1,1
PAIMANA-SEC_PET-2021-1951,Green Hydrogen & Bio-Ethanol Mega Plant at Coimbatore,MoPNG,Ministry of Petroleum and Natural Gas,SEC_PET,Petroleum Pipelines & Refineries,Tamil Nadu,South,BPCL,11.1815,79.0526,912.72,1023.89,111.17,12.18,501.52,49.0,74.3,2021-06-23,2023-01-21,2024-06-20,19,17,150.0,46,46,1,510,324.5,72.0,Stage-II Pending,9.2,0,0.0,Low/Plains,0.12,0.75,2026-04-10,PAIMANA_Live,Under Implementation,1,1
PAIMANA-SEC_PORT-2023-1952,Port Connectivity Dedicated Rail-Sea Multimodal Corridor at Pan-India Grid,MoPSW,"Ministry of Ports, Shipping and Waterways",SEC_PORT,Major Ports & Maritime Channels,Multi-State / National,National,Sagarmala Dev,21.7049,79.5001,1603.68,1902.51,298.83,18.63,845.63,44.4,71.1,2023-04-11,2025-11-08,2028-09-06,31,34,116.8,31,31,1,1050,1230.9,61.8,Stage-II Pending,4.3,1,90.2,Low/Plains,0.51,0.32,2026-04-10,PAIMANA_Live,Under Implementation,1,1
PAIMANA-SEC_TEL-2018-1953,BharatNet Rural Optical Fiber Network Phase-2 across Tiruchirappalli,DoT,Department of Telecommunications,SEC_TEL,Telecommunication & BharatNet Fiber,Tamil Nadu,South,BBNL,11.242,78.2334,349.55,415.19,65.64,18.78,167.93,40.4,62.4,2018-05-14,2019-11-12,2022-07-11,18,32,150.0,46,45,1,975,649.3,56.3,Approved,3.7,0,0.0,Low/Plains,0.42,0.75,2026-04-10,OCMS_Historical,Under Implementation,1,1
PAIMANA-SEC_IRR-2022-1954,National River Interlinking Canal & Barrage System (Singrauli-Ujjain),DoWR,"Department of Water Resources, RD & GR",SEC_IRR,National River Link & Irrigation,Madhya Pradesh,Central,NWDA,23.0679,78.2163,4524.14,5248.09,723.95,16.0,1838.84,35.0,50.9,2022-09-22,2027-05-21,2030-01-17,56,32,76.4,46,27,19,978,718.9,70.4,Approved,3.4,0,0.0,Low/Plains,0.18,0.5,2026-04-10,PAIMANA_Live,Under Implementation,1,1
PAIMANA-SEC_CHEM-2015-1955,Petrochemical Derivative & Polymer Manufacturing Unit at Prayagraj,MoCF,Ministry of Chemicals and Fertilizers,SEC_CHEM,Fertilizer Plants & Petrochemicals,Uttar Pradesh,North,HURL,27.3322,81.3442,1061.63,1226.46,164.83,15.53,565.08,46.1,71.9,2015-05-27,2018-03-25,2020-03-23,34,24,150.0,20,20,1,756,568.2,68.4,Approved,4.8,0,0.0,Moderate/Plateau,0.28,0.28,2026-04-10,OCMS_Historical,Under Implementation,1,1
PAIMANA-SEC_INLAND-2017-1956,National Waterway NW-95 Multimodal Navigation Terminal at Jabalpur,MoPSW,"Ministry of Ports, Shipping and Waterways",SEC_INLAND,National Waterways & River Ports,Madhya Pradesh,Central,IWAI,23.0671,79.1658,3317.74,3673.75,356.01,10.73,2154.63,58.6,91.7,2017-10-15,2021-05-14,2022-04-13,43,11,150.0,45,45,1,322,1144.1,85.8,Exempted,7.9,0,0.0,Moderate/Plateau,0.81,0.58,2026-04-10,OCMS_Historical,Nearing Completion,0,1
PAIMANA-SEC_REN-2016-1957,Ultra Mega Solar Park (95 MW) with Battery Storage at Cuttack,MNRE,Ministry of New and Renewable Energy,SEC_REN,Solar & Renewable Green Energy,Odisha,East,SECI,20.8152,84.5119,1589.53,1805.37,215.84,13.58,810.81,44.9,71.0,2016-02-02,2018-05-02,2019-12-31,27,20,150.0,12,12,1,586,818.5,70.3,Approved,5.3,0,0.0,Moderate/Plateau,0.64,0.47,2026-04-10,OCMS_Historical,Under Implementation,1,1
PAIMANA-SEC_PET-2018-1958,Green Hydrogen & Bio-Ethanol Mega Plant at Bongaigaon,MoPNG,Ministry of Petroleum and Natural Gas,SEC_PET,Petroleum Pipelines & Refineries,Assam,North-East,BPCL,26.3704,92.5716,1771.39,1894.91,123.52,6.97,1110.42,58.6,85.1,2018-04-12,2021-06-10,2022-05-10,38,11,150.0,17,17,1,374,96.0,89.9,Approved,9.7,0,0.0,Low/Plains,0.24,0.47,2026-04-10,OCMS_Historical,Nearing Completion,0,1
PAIMANA-SEC_AIR-2020-1959,Air Cargo Hub & Aircraft Maintenance Repair Overhaul (MRO) at Udaipur,MoCA,Ministry of Civil Aviation,SEC_AIR,Regional & Greenfield Airports,Tripura,North-East,AAI,23.7385,92.4717,1972.16,2331.69,359.53,18.23,1058.25,45.4,78.0,2020-10-11,2023-04-11,2024-12-09,30,20,150.0,14,14,1,638,1706.9,95.9,Approved,3.2,1,265.19,Moderate/Plateau,0.87,0.84,2026-04-10,PAIMANA_Live,Under Implementation,1,1
PAIMANA-SEC_RLY-2020-1960,Modern Multimodal Railway Terminal & Station Redevelopment at Kolkata,MoR,Ministry of Railways,SEC_RLY,Railways & High-Speed Rail,West Bengal,East,RLDA,23.3561,87.905,1756.24,2250.8,494.56,28.16,947.49,42.1,71.6,2020-07-22,2023-09-20,2026-10-18,38,37,150.0,39,39,1,1152,1793.9,78.5,Stage-I,3.9,4,1039.49,Moderate/Plateau,0.14,0.55,2026-04-10,PAIMANA_Live,Under Implementation,1,1
PAIMANA-SEC_PWR_TR-2020-1961,Green Energy Corridor Intra-State Transmission Scheme Phase-2 in Jodhpur,MoP,Ministry of Power,SEC_PWR_TR,Power Transmission & Grid,Rajasthan,North,POWERGRID,27.0886,74.0714,2113.7,2643.07,529.37,25.04,1220.44,46.2,75.0,2020-10-27,2024-08-25,2027-07-25,46,35,142.8,29,29,1,1068,1216.6,60.5,Approved,3.5,0,0.0,High/Himalayan/Riverine,0.66,0.51,2026-04-10,PAIMANA_Live,Under Implementation,1,1
PAIMANA-SEC_LOG-2023-1962,Multimodal Logistics Park (MMLP) with Inland Container Depot at Solapur,MoRTH,Ministry of Road Transport and Highways,SEC_LOG,Multimodal Logistics Parks (MMLP),Maharashtra,West,NHLML,19.2387,75.1507,4057.42,4804.41,746.99,18.41,1298.4,27.0,42.3,2023-10-13,2027-11-10,2029-11-08,49,24,61.5,36,16,17,719,365.5,73.7,Stage-I,7.7,3,261.21,Low/Plains,0.61,0.9,2026-04-10,PAIMANA_Live,Under Implementation,1,1
PAIMANA-SEC_LOG-2020-1963,Central Freight Logistics & Cold Chain Infrastructure Hub at Jodhpur,MoRTH,Ministry of Road Transport and Highways,SEC_LOG,Multimodal Logistics Parks (MMLP),Rajasthan,North,CONCOR,26.4414,74.7912,1383.4,1698.55,315.15,22.78,820.5,48.3,73.9,2020-03-12,2023-04-10,2025-10-08,37,30,150.0,16,16,1,929,655.8,64.4,Approved,4.4,0,0.0,High/Himalayan/Riverine,0.59,0.77,2026-04-10,PAIMANA_Live,Under Implementation,1,1
PAIMANA-SEC_HEALTH-2014-1964,All India Institute of Medical Sciences (AIIMS) 750-Bed Super-Specialty Campus at Baramulla,MoHFW,Ministry of Health and Family Welfare,SEC_HEALTH,AIIMS & Super-Specialty Medical Infra,Jammu & Kashmir,North,MoHFW/HSCC,33.6403,76.1981,2251.07,2840.82,589.75,26.2,1157.24,40.7,67.2,2014-10-12,2017-08-10,2020-09-07,34,37,150.0,16,16,1,1127,895.8,41.6,Approved,4.2,1,178.88,Low/Plains,0.44,0.56,2026-04-10,OCMS_Historical,Under Implementation,1,1
PAIMANA-SEC_PET-2015-1965,Crude Oil Pipeline Augmented Pumping Infrastructure at Nashik,MoPNG,Ministry of Petroleum and Natural Gas,SEC_PET,Petroleum Pipelines & Refineries,Maharashtra,West,HPCL,20.1249,76.1719,1054.01,1379.93,325.92,30.92,555.3,40.2,65.9,2015-09-22,2018-10-20,2022-05-19,37,43,150.0,21,20,1,1302,659.9,69.9,Approved,6.5,4,1329.14,Low/Plains,0.22,0.43,2026-04-10,OCMS_Historical,Under Implementation,1,1
PAIMANA-SEC_PORT-2019-1966,Greenfield Deep-Water Major Port & Container Terminal Phase-2 at Aurangabad,MoPSW,"Ministry of Ports, Shipping and Waterways",SEC_PORT,Major Ports & Maritime Channels,Maharashtra,West,Port Authority,19.7478,75.114,4508.49,4812.8,304.31,6.75,2741.02,57.0,88.3,2019-05-05,2023-08-02,2024-11-30,51,16,150.0,47,47,1,496,742.2,87.6,Approved,8.2,0,0.0,Moderate/Plateau,0.3,0.31,2026-04-10,OCMS_Historical,Nearing Completion,0,1
PAIMANA-SEC_LOG-2014-1967,Central Freight Logistics & Cold Chain Infrastructure Hub at Jammu,MoRTH,Ministry of Road Transport and Highways,SEC_LOG,Multimodal Logistics Parks (MMLP),Jammu & Kashmir,North,CONCOR,33.9114,77.0411,603.67,716.81,113.14,18.74,296.68,41.4,69.3,2014-12-02,2016-06-01,2018-05-31,18,24,150.0,37,37,1,722,1307.1,78.5,Approved,5.5,0,0.0,High/Himalayan/Riverine,0.63,0.26,2026-04-10,OCMS_Historical,Under Implementation,1,1
PAIMANA-SEC_PORT-2014-1968,Greenfield Deep-Water Major Port & Container Terminal Phase-3 at Surat,MoPSW,"Ministry of Ports, Shipping and Waterways",SEC_PORT,Major Ports & Maritime Channels,Gujarat,West,Port Authority,22.2365,70.6631,6351.84,7754.38,1402.54,22.08,3820.06,49.3,82.8,2014-01-03,2020-05-31,2023-04-30,77,35,150.0,45,45,1,1045,476.6,73.3,Stage-I,5.3,1,73.73,Moderate/Plateau,0.66,0.68,2026-04-10,OCMS_Historical,Under Implementation,1,1
PAIMANA-SEC_TEL-2022-1969,National 5G High-Density Core Network Infrastructure in Barauni,DoT,Department of Telecommunications,SEC_TEL,Telecommunication & BharatNet Fiber,Bihar,East,BSNL,25.3931,84.7654,1104.84,1272.16,167.32,15.14,569.84,44.8,67.4,2022-11-23,2024-08-22,2026-05-22,21,21,150.0,17,17,1,654,189.6,75.6,Exempted,9.6,1,176.22,Moderate/Plateau,0.38,0.55,2026-04-10,PAIMANA_Live,Under Implementation,1,1
PAIMANA-SEC_TEL-2017-1970,National 5G High-Density Core Network Infrastructure in Shillong,DoT,Department of Telecommunications,SEC_TEL,Telecommunication & BharatNet Fiber,Meghalaya,North-East,BSNL,25.7207,91.6052,294.82,365.21,70.39,23.88,186.69,51.1,81.7,2017-08-02,2020-03-31,2021-08-29,32,17,150.0,20,20,1,499,1672.4,90.3,Approved,5.7,1,270.45,High/Himalayan/Riverine,0.79,0.22,2026-04-10,OCMS_Historical,Under Implementation,1,1
PAIMANA-SEC_METRO-2016-1971,Urban Light Rail Transit / MetroLite System for Guwahati Smart City,MoHUA,Ministry of Housing and Urban Affairs,SEC_METRO,Metro Rail & Urban Transit,Assam,North-East,Metro Rail Corp,25.8432,92.7106,1296.35,1560.63,264.28,20.39,727.87,46.6,70.3,2016-10-17,2019-10-16,2022-03-15,36,29,150.0,38,38,1,877,982.9,57.6,Approved,6.8,2,390.21,Moderate/Plateau,0.87,0.75,2026-04-10,OCMS_Historical,Under Implementation,1,1
PAIMANA-SEC_HEALTH-2015-1972,All India Institute of Medical Sciences (AIIMS) 750-Bed Super-Specialty Campus at Tuticorin,MoHFW,Ministry of Health and Family Welfare,SEC_HEALTH,AIIMS & Super-Specialty Medical Infra,Tamil Nadu,South,MoHFW/HSCC,11.6921,78.9973,601.01,683.87,82.86,13.79,305.85,44.7,71.4,2015-04-25,2016-10-23,2018-05-23,18,19,150.0,14,14,1,577,967.7,79.9,Stage-II Pending,7.2,0,0.0,Moderate/Plateau,0.64,0.5,2026-04-10,OCMS_Historical,Under Implementation,1,1
PAIMANA-SEC_TEL-2021-1973,National 5G High-Density Core Network Infrastructure in Bikaner,DoT,Department of Telecommunications,SEC_TEL,Telecommunication & BharatNet Fiber,Rajasthan,North,BSNL,27.0813,74.8056,2550.94,3237.09,686.15,26.9,1509.93,46.6,71.9,2021-05-17,2024-08-14,2026-11-12,39,27,150.0,33,33,1,828,935.3,59.0,Approved,4.8,1,204.05,High/Himalayan/Riverine,0.86,0.65,2026-04-10,PAIMANA_Live,Under Implementation,1,1
PAIMANA-SEC_PORT-2018-1974,Port Connectivity Dedicated Rail-Sea Multimodal Corridor at Barmer,MoPSW,"Ministry of Ports, Shipping and Waterways",SEC_PORT,Major Ports & Maritime Channels,Rajasthan,North,Sagarmala Dev,26.8246,74.1525,617.46,705.63,88.17,14.28,335.46,47.5,71.7,2018-09-17,2020-07-16,2021-12-14,22,17,150.0,47,47,1,546,722.8,82.8,Approved,6.1,0,0.0,Moderate/Plateau,0.6,0.45,2026-04-10,OCMS_Historical,Under Implementation,1,1
PAIMANA-SEC_IRR-2018-1975,National River Interlinking Canal & Barrage System (Bhilai-Raipur),DoWR,"Department of Water Resources, RD & GR",SEC_IRR,National River Link & Irrigation,Chhattisgarh,Central,NWDA,20.8073,81.8582,751.25,867.89,116.64,15.53,375.11,43.2,71.6,2018-12-02,2021-06-01,2023-07-01,30,25,150.0,35,35,1,740,1722.1,89.0,Approved,4.3,0,0.0,Low/Plains,0.69,0.78,2026-04-10,OCMS_Historical,Under Implementation,1,1
PAIMANA-SEC_AIR-2014-1976,Regional Airport Modernization & Runway Extension under UDAN at Raipur,MoCA,Ministry of Civil Aviation,SEC_AIR,Regional & Greenfield Airports,Chhattisgarh,Central,AAI,21.1456,82.0902,190.67,228.61,37.94,19.9,88.21,38.6,66.2,2014-11-20,2016-05-20,2018-08-18,18,27,150.0,26,26,1,824,1742.7,84.3,Stage-II Pending,5.7,1,19.08,Low/Plains,0.15,0.57,2026-04-10,OCMS_Historical,Under Implementation,1,1
PAIMANA-SEC_REN-2016-1977,Ultra Mega Solar Park (27 MW) with Battery Storage at Chennai,MNRE,Ministry of New and Renewable Energy,SEC_REN,Solar & Renewable Green Energy,Tamil Nadu,South,SECI,11.0524,78.4334,746.89,812.82,65.93,8.83,509.29,62.7,100.0,2016-11-01,2019-04-01,2019-04-01,29,0,150.0,35,35,0,0,973.0,76.3,Approved,3.4,0,0.0,Low/Plains,0.12,0.6,2026-04-10,OCMS_Historical,Commissioned,0,0
PAIMANA-SEC_LOG-2019-1978,Central Freight Logistics & Cold Chain Infrastructure Hub at Warangal,MoRTH,Ministry of Road Transport and Highways,SEC_LOG,Multimodal Logistics Parks (MMLP),Telangana,South,CONCOR,18.0381,78.4719,157.0,226.58,69.58,44.32,83.42,36.8,61.4,2019-01-01,2020-07-01,2022-08-30,18,26,150.0,38,38,1,785,279.6,75.3,Stage-II Pending,8.8,2,529.13,Moderate/Plateau,0.68,0.76,2026-04-10,OCMS_Historical,Under Implementation,1,1
PAIMANA-SEC_CHEM-2015-1979,Coal-Gasification Based Urea & Fertilizer Complex at Surat,MoCF,Ministry of Chemicals and Fertilizers,SEC_CHEM,Fertilizer Plants & Petrochemicals,Gujarat,West,FCIL,22.0041,71.4054,254.91,316.6,61.69,24.2,132.91,42.0,66.9,2015-08-23,2017-04-22,2019-08-21,20,28,150.0,20,20,1,870,707.9,80.1,Stage-I,3.4,2,220.7,Low/Plains,0.37,0.39,2026-04-10,OCMS_Historical,Under Implementation,1,1
PAIMANA-SEC_COAL-2018-1980,Open Cast Coal Mining Project (84 MTPA) with High-Capacity Conveyors at Belagavi,MoCoal,Ministry of Coal,SEC_COAL,Coal Mining & Washeries,Karnataka,South,CIL,15.4534,75.2265,2363.74,2539.14,175.4,7.42,1200.56,47.3,77.8,2018-12-01,2021-11-29,2023-03-30,36,16,150.0,19,19,1,525,1158.3,90.7,Stage-I,9.1,0,0.0,Low/Plains,0.63,0.26,2026-04-10,OCMS_Historical,Under Implementation,0,1
PAIMANA-SEC_METRO-2019-1981,Metro Rail Project Phase-4 (Elevated & Underground Corridor Chennai-Coimbatore),MoHUA,Ministry of Housing and Urban Affairs,SEC_METRO,Metro Rail & Urban Transit,Tamil Nadu,South,Metro Rail Corp,11.6558,78.0726,2421.44,2979.34,557.9,23.04,1239.46,41.6,69.0,2019-10-20,2022-10-18,2026-02-15,36,40,150.0,46,46,1,1228,494.9,66.4,Approved,6.0,4,810.66,Low/Plains,0.3,0.63,2026-04-10,OCMS_Historical,Under Implementation,1,1
PAIMANA-SEC_HWY-2020-1982,National Highway NH-88 Widening & Bypass at Nashik,MoRTH,Ministry of Road Transport and Highways,SEC_HWY,Highways & Expressways,Maharashtra,West,MoRTH,19.3841,76.1318,1719.5,1978.78,259.28,15.08,1053.48,53.2,80.1,2020-10-14,2024-04-12,2025-10-11,42,18,150.0,15,15,1,555,1502.6,83.3,Exempted,8.9,0,0.0,Low/Plains,0.4,0.68,2026-04-10,PAIMANA_Live,Under Implementation,1,1
PAIMANA-SEC_AIR-2023-1983,Greenfield International Airport Terminal-13 & Parallel Runway at Bengaluru,MoCA,Ministry of Civil Aviation,SEC_AIR,Regional & Greenfield Airports,Karnataka,South,AAI,15.3092,76.2963,458.05,573.5,115.45,25.2,235.97,41.1,69.0,2023-12-12,2025-10-10,2028-01-08,22,27,128.0,13,11,2,819,158.9,75.6,Approved,6.4,0,0.0,High/Himalayan/Riverine,0.8,0.66,2026-04-10,PAIMANA_Live,Under Implementation,1,1
PAIMANA-SEC_STEEL-2018-1984,Integrated Steel Plant Modernization & Pelletization Unit at Thiruvananthapuram,MoSteel,Ministry of Steel,SEC_STEEL,Steel Plants & Metallurgy Units,Kerala,South,SAIL,10.3342,76.5558,1096.94,1210.21,113.27,10.33,577.78,47.7,69.1,2018-03-13,2020-04-11,2022-01-09,25,21,150.0,30,30,1,652,1322.3,83.1,Approved,5.3,0,0.0,Low/Plains,0.49,0.37,2026-04-10,OCMS_Historical,Under Implementation,0,1
PAIMANA-SEC_RLY-2023-1985,Railway Doubling & Electrification of Raipur-Bhilai Section (32 km),MoR,Ministry of Railways,SEC_RLY,Railways & High-Speed Rail,Chhattisgarh,Central,CORE,21.6322,82.0056,1143.88,1376.83,232.95,20.36,627.55,45.6,69.3,2023-01-21,2025-11-19,2028-02-17,34,27,114.2,14,10,4,827,951.5,69.4,Approved,4.0,2,659.42,Low/Plains,0.4,0.87,2026-04-10,PAIMANA_Live,Under Implementation,1,1
PAIMANA-SEC_HWY-2018-1986,Greenfield Coastal Corridor Expressway (Cuttack-Rourkela Phase 1),MoRTH,Ministry of Road Transport and Highways,SEC_HWY,Highways & Expressways,Odisha,East,NHAI,21.0638,85.2108,381.9,431.77,49.87,13.06,262.63,60.8,100.0,2018-11-11,2021-04-10,2021-04-10,29,0,150.0,33,33,0,0,1751.4,85.3,Stage-II Pending,9.2,1,271.67,Moderate/Plateau,0.66,0.78,2026-04-10,OCMS_Historical,Commissioned,1,0
PAIMANA-SEC_WATER-2018-1987,Comprehensive Sewage Treatment & River Cleaning Mission at Jaipur,MoHUA,Ministry of Housing and Urban Affairs,SEC_WATER,Water Supply & Urban Sanitation,Rajasthan,North,NMCG,26.6476,73.9249,4787.84,4976.01,188.17,3.93,3292.56,66.2,100.0,2018-03-13,2022-06-10,2022-06-10,51,0,150.0,26,26,0,0,464.7,96.5,Stage-I,9.4,0,0.0,Low/Plains,0.87,0.27,2026-04-10,OCMS_Historical,Commissioned,0,0
PAIMANA-SEC_IRR-2014-1988,National River Interlinking Canal & Barrage System (Bongaigaon-Guwahati),DoWR,"Department of Water Resources, RD & GR",SEC_IRR,National River Link & Irrigation,Assam,North-East,NWDA,26.7495,92.4564,2641.5,3079.43,437.93,16.58,1465.59,47.6,73.4,2014-12-20,2018-01-17,2020-04-16,37,27,150.0,12,12,1,846,671.1,73.9,Approved,5.1,2,677.97,Low/Plains,0.5,0.58,2026-04-10,OCMS_Historical,Under Implementation,1,1
PAIMANA-SEC_HEAVY-2016-1989,Heavy Machine Tools & Engineering Foundry Unit in Bengaluru,MHI,Ministry of Heavy Industries,SEC_HEAVY,Heavy Engineering & Capital Goods,Karnataka,South,HMT,15.3776,75.2118,930.47,1145.79,215.32,23.14,436.55,38.1,65.9,2016-02-12,2019-01-11,2022-08-10,35,43,150.0,19,19,1,1318,604.9,69.5,Stage-II Pending,7.7,2,331.06,Moderate/Plateau,0.84,0.51,2026-04-10,OCMS_Historical,Under Implementation,1,1
PAIMANA-SEC_LOG-2019-1990,Central Freight Logistics & Cold Chain Infrastructure Hub at IGI Airport,MoRTH,Ministry of Road Transport and Highways,SEC_LOG,Multimodal Logistics Parks (MMLP),Delhi NCR,North,CONCOR,28.7611,76.953,1177.5,1352.42,174.92,14.86,781.52,57.8,89.0,2019-10-24,2022-09-22,2023-05-23,35,8,150.0,42,42,1,260,1301.5,80.4,Approved,9.6,0,0.0,High/Himalayan/Riverine,0.72,0.4,2026-04-10,OCMS_Historical,Nearing Completion,1,1
PAIMANA-SEC_PWR_GEN-2022-1991,Ultra Mega Supercritical Thermal Power Project (74x800 MW) at Guntur,MoP,Ministry of Power,SEC_PWR_GEN,Thermal & Hydro Power Generation,Andhra Pradesh,South,NTPC,15.5694,79.4935,1399.08,1623.16,224.08,16.02,665.27,41.0,68.5,2022-10-16,2025-02-13,2027-03-15,28,25,150.0,44,44,1,777,88.1,68.9,Stage-I,5.3,0,0.0,Low/Plains,0.82,0.54,2026-04-10,PAIMANA_Live,Under Implementation,1,1
PAIMANA-SEC_PWR_GEN-2017-1992,Subansiri/Tehri Stage-II Hydroelectric Dam & Powerhouse (Prayagraj),MoP,Ministry of Power,SEC_PWR_GEN,Thermal & Hydro Power Generation,Uttar Pradesh,North,SJVN,27.4154,81.4941,165.0,191.07,26.07,15.8,90.14,47.2,72.3,2017-03-22,2018-09-20,2020-05-20,18,20,150.0,15,15,1,616,296.8,58.2,Approved,7.9,0,0.0,Moderate/Plateau,0.88,0.57,2026-04-10,OCMS_Historical,Under Implementation,1,1
PAIMANA-SEC_LOG-2023-1993,Multimodal Logistics Park (MMLP) with Inland Container Depot at Kolkata,MoRTH,Ministry of Road Transport and Highways,SEC_LOG,Multimodal Logistics Parks (MMLP),West Bengal,East,NHLML,23.2471,87.8526,907.59,947.32,39.73,4.38,624.14,65.9,100.0,2023-12-07,2025-07-06,2025-07-06,19,0,149.0,20,19,0,0,209.8,90.5,Approved,9.4,1,40.93,Low/Plains,0.67,0.83,2026-04-10,PAIMANA_Live,Commissioned,0,0
PAIMANA-SEC_PWR_GEN-2015-1994,Subansiri/Tehri Stage-II Hydroelectric Dam & Powerhouse (Dibrugarh),MoP,Ministry of Power,SEC_PWR_GEN,Thermal & Hydro Power Generation,Assam,North-East,SJVN,26.5523,92.6146,600.48,689.51,89.03,14.83,283.1,41.1,67.4,2015-04-12,2017-02-08,2019-02-07,22,24,150.0,14,14,1,731,1033.2,69.9,Approved,5.3,1,94.28,Low/Plains,0.42,0.72,2026-04-10,OCMS_Historical,Under Implementation,1,1
PAIMANA-SEC_IRR-2021-1995,Lift Irrigation & Pressurized Piped Distribution Network in Ujjain,DoWR,"Department of Water Resources, RD & GR",SEC_IRR,National River Link & Irrigation,Madhya Pradesh,Central,WRD,22.8271,78.7866,443.22,501.23,58.01,13.09,210.74,42.0,69.6,2021-08-12,2023-11-10,2025-09-08,27,22,150.0,18,18,1,694,1174.9,75.8,Stage-I,4.9,0,0.0,Low/Plains,0.68,0.87,2026-04-10,PAIMANA_Live,Under Implementation,1,1
PAIMANA-SEC_REN-2023-1996,Ultra Mega Solar Park (24 MW) with Battery Storage at Patiala,MNRE,Ministry of New and Renewable Energy,SEC_REN,Solar & Renewable Green Energy,Punjab,North,SECI,30.7281,74.8386,878.8,925.88,47.08,5.36,604.34,65.3,95.2,2023-12-17,2026-01-15,2026-01-15,25,0,111.8,19,19,0,0,1683.9,91.0,Stage-II Pending,8.8,1,133.1,Low/Plains,0.74,0.71,2026-04-10,PAIMANA_Live,Nearing Completion,0,0
PAIMANA-SEC_COAL-2015-1997,Open Cast Coal Mining Project (14 MTPA) with High-Capacity Conveyors at Hyderabad,MoCoal,Ministry of Coal,SEC_COAL,Coal Mining & Washeries,Telangana,South,CIL,18.1968,79.3843,6332.24,7380.22,1047.98,16.55,3769.95,51.1,82.6,2015-07-16,2020-09-11,2022-09-10,62,24,150.0,44,44,1,758,1500.2,86.7,Stage-I,5.8,0,0.0,Low/Plains,0.33,0.35,2026-04-10,OCMS_Historical,Under Implementation,1,1
PAIMANA-SEC_TEL-2019-1998,BharatNet Rural Optical Fiber Network Phase-2 across Kanpur,DoT,Department of Telecommunications,SEC_TEL,Telecommunication & BharatNet Fiber,Uttar Pradesh,North,BBNL,26.5164,80.8464,2109.92,2228.29,118.37,5.61,1375.61,61.7,100.0,2019-01-10,2022-11-08,2022-11-08,46,0,150.0,30,30,0,0,1450.7,95.6,Approved,8.5,1,89.7,Moderate/Plateau,0.31,0.89,2026-04-10,OCMS_Historical,Commissioned,0,0
PAIMANA-SEC_HWY-2018-1999,National Highway NH-89 Widening & Bypass at Kota,MoRTH,Ministry of Road Transport and Highways,SEC_HWY,Highways & Expressways,Rajasthan,North,MoRTH,26.5887,74.6124,667.13,875.01,207.88,31.16,340.74,38.9,68.7,2018-11-20,2021-04-19,2023-06-18,29,26,150.0,22,22,1,789,1273.1,56.0,Approved,7.4,2,478.83,High/Himalayan/Riverine,0.3,0.46,2026-04-10,OCMS_Historical,Under Implementation,1,1
PAIMANA-SEC_STEEL-2022-2000,Specialty Alloy & Hot Rolled Coil Expansion Facility at Kakinada,MoSteel,Ministry of Steel,SEC_STEEL,Steel Plants & Metallurgy Units,Andhra Pradesh,South,RINL,15.6863,80.1248,1977.44,2486.52,509.08,25.74,1049.93,42.2,68.2,2022-12-11,2025-11-09,2029-03-09,35,40,114.8,21,21,1,1219,847.5,71.2,Stage-II Pending,7.3,1,113.63,Low/Plains,0.64,0.61,2026-04-10,PAIMANA_Live,Under Implementation,1,1
PAIMANA-SEC_PET-2023-2001,Integrated Petroleum Refinery Expansion & Polypropylene Unit at Udhampur,MoPNG,Ministry of Petroleum and Natural Gas,SEC_PET,Petroleum Pipelines & Refineries,Jammu & Kashmir,North,IOCL,33.8162,76.2461,4337.24,5078.51,741.27,17.09,1430.43,28.2,39.1,2023-10-22,2028-08-19,2030-08-18,58,24,51.4,28,14,13,720,1749.2,88.1,Approved,4.4,0,0.0,Moderate/Plateau,0.37,0.73,2026-04-10,PAIMANA_Live,Stalled/Delayed,1,1
PAIMANA-SEC_PORT-2017-2002,LNG Import Terminal & Marine Jetty Infrastructure at Inter-State Hub,MoPSW,"Ministry of Ports, Shipping and Waterways",SEC_PORT,Major Ports & Maritime Channels,Multi-State / National,National,Petronet,22.3553,78.8817,2762.82,3157.1,394.28,14.27,1536.08,48.7,79.4,2017-01-26,2020-06-25,2021-10-24,41,16,150.0,16,16,1,490,1173.5,83.1,Approved,9.7,0,0.0,Low/Plains,0.71,0.45,2026-04-10,OCMS_Historical,Under Implementation,1,1
PAIMANA-SEC_PORT-2019-2003,Port Connectivity Dedicated Rail-Sea Multimodal Corridor at Kanpur,MoPSW,"Ministry of Ports, Shipping and Waterways",SEC_PORT,Major Ports & Maritime Channels,Uttar Pradesh,North,Sagarmala Dev,26.3416,80.7581,1214.7,1401.36,186.66,15.37,670.02,47.8,72.7,2019-04-12,2021-08-10,2023-06-09,28,22,150.0,39,39,1,670,758.7,87.1,Approved,8.0,0,0.0,Low/Plains,0.55,0.56,2026-04-10,OCMS_Historical,Under Implementation,1,1
PAIMANA-SEC_TEL-2014-2004,National 5G High-Density Core Network Infrastructure in Kozhikode,DoT,Department of Telecommunications,SEC_TEL,Telecommunication & BharatNet Fiber,Kerala,South,BSNL,10.4686,76.6952,620.8,711.05,90.25,14.54,298.85,42.0,65.1,2014-09-23,2016-03-23,2018-02-20,18,23,150.0,48,48,1,727,1506.9,76.1,Stage-I,5.7,0,0.0,Moderate/Plateau,0.4,0.22,2026-04-10,OCMS_Historical,Under Implementation,1,1
PAIMANA-SEC_METRO-2014-2005,Metro Rail Project Phase-4 (Elevated & Underground Corridor Dharamshala-Manali),MoHUA,Ministry of Housing and Urban Affairs,SEC_METRO,Metro Rail & Urban Transit,Himachal Pradesh,North,Metro Rail Corp,30.866,76.9535,2228.13,2832.11,603.98,27.11,1238.99,43.7,74.3,2014-08-28,2017-09-25,2019-11-24,37,26,150.0,20,20,1,776,1093.7,69.3,Approved,3.8,1,219.93,High/Himalayan/Riverine,0.75,0.74,2026-04-10,OCMS_Historical,Under Implementation,1,1
PAIMANA-SEC_AIR-2017-2006,Greenfield International Airport Terminal-67 & Parallel Runway at Tuticorin,MoCA,Ministry of Civil Aviation,SEC_AIR,Regional & Greenfield Airports,Tamil Nadu,South,AAI,11.6553,79.0432,1668.06,1752.26,84.2,5.05,1109.01,63.3,100.0,2017-12-26,2020-02-24,2020-02-24,26,0,150.0,40,40,0,0,757.4,95.3,Approved,7.2,0,0.0,Moderate/Plateau,0.92,0.33,2026-04-10,OCMS_Historical,Commissioned,0,0
PAIMANA-SEC_REN-2016-2007,Offshore & Onshore Hybrid Wind-Solar Power Hub in Singrauli,MNRE,Ministry of New and Renewable Energy,SEC_REN,Solar & Renewable Green Energy,Madhya Pradesh,Central,NTPC-REL,22.6939,78.8732,2686.62,3224.44,537.82,20.02,1493.72,46.3,72.9,2016-02-03,2019-10-02,2022-05-01,44,31,150.0,47,47,1,925,635.9,72.1,Stage-I,5.8,2,148.74,Low/Plains,0.57,0.42,2026-04-10,OCMS_Historical,Under Implementation,1,1
PAIMANA-SEC_SMART-2021-2008,Special Investment Region Trunk Infrastructure & Utilities at Visakhapatnam,MoHUA,Ministry of Housing and Urban Affairs,SEC_SMART,Smart Cities & Industrial Corridors,Andhra Pradesh,South,Dholera/DMIC,15.8683,79.2985,2098.59,2205.58,106.99,5.1,1443.19,65.4,100.0,2021-01-04,2024-08-03,2024-08-03,43,0,147.4,24,24,0,0,1548.6,94.8,Approved,8.1,0,0.0,Low/Plains,0.41,0.47,2026-04-10,PAIMANA_Live,Commissioned,0,0
PAIMANA-SEC_WATER-2020-2009,Comprehensive Sewage Treatment & River Cleaning Mission at Jamnagar,MoHUA,Ministry of Housing and Urban Affairs,SEC_WATER,Water Supply & Urban Sanitation,Gujarat,West,NMCG,21.7342,71.7055,3110.94,3513.4,402.46,12.94,1962.94,55.9,93.1,2020-11-11,2024-12-09,2025-10-09,49,10,133.0,24,24,1,302,928.3,63.5,Approved,8.5,0,0.0,Low/Plains,0.62,0.81,2026-04-10,PAIMANA_Live,Nearing Completion,1,1
PAIMANA-SEC_TEL-2019-2010,National 5G High-Density Core Network Infrastructure in Siliguri,DoT,Department of Telecommunications,SEC_TEL,Telecommunication & BharatNet Fiber,West Bengal,East,BSNL,22.4186,87.6163,690.3,819.28,128.98,18.68,306.82,37.4,64.4,2019-11-17,2021-05-17,2023-10-15,18,29,150.0,14,14,1,909,1368.1,83.2,Stage-II Pending,3.6,0,0.0,Low/Plains,0.34,0.61,2026-04-10,OCMS_Historical,Under Implementation,1,1
PAIMANA-SEC_LOG-2015-2011,Multimodal Logistics Park (MMLP) with Inland Container Depot at Ranchi,MoRTH,Ministry of Road Transport and Highways,SEC_LOG,Multimodal Logistics Parks (MMLP),Jharkhand,East,NHLML,23.4252,85.5309,4012.34,4227.03,214.69,5.35,2652.62,62.8,100.0,2015-04-25,2019-12-22,2019-12-22,56,0,150.0,45,45,0,0,935.4,80.6,Stage-II Pending,5.8,0,0.0,Moderate/Plateau,0.13,0.55,2026-04-10,OCMS_Historical,Commissioned,0,0
PAIMANA-SEC_MINE-2020-2012,Copper Ore Underground Mine Expansion Project in Jodhpur,MoMines,Ministry of Mines,SEC_MINE,Strategic Mineral Extraction,Rajasthan,North,HCL,26.6266,74.3858,1384.82,1440.95,56.13,4.05,917.88,63.7,100.0,2020-03-24,2022-02-21,2022-02-21,23,0,150.0,23,22,0,0,521.9,79.7,Approved,9.2,0,0.0,Low/Plains,0.32,0.34,2026-04-10,PAIMANA_Live,Commissioned,0,0
PAIMANA-SEC_IRR-2017-2013,National River Interlinking Canal & Barrage System (Thiruvananthapuram-Kannur),DoWR,"Department of Water Resources, RD & GR",SEC_IRR,National River Link & Irrigation,Kerala,South,NWDA,10.7627,76.2798,8242.88,9498.88,1256.0,15.24,5315.41,56.0,86.8,2017-12-20,2024-11-16,2026-08-16,83,21,120.4,45,38,1,633,1263.5,63.9,Approved,7.8,1,53.41,Moderate/Plateau,0.71,0.66,2026-04-10,OCMS_Historical,Nearing Completion,1,1
PAIMANA-SEC_RLY-2021-2014,New Broad Gauge Rail Link Tiruchirappalli to Coimbatore with Major Bridges,MoR,Ministry of Railways,SEC_RLY,Railways & High-Speed Rail,Tamil Nadu,South,RVNL,10.5441,78.2065,596.38,751.72,155.34,26.05,269.43,35.8,62.5,2021-07-03,2023-01-01,2025-08-30,18,32,150.0,47,47,1,969,738.1,33.5,Approved,4.7,2,158.09,Moderate/Plateau,0.92,0.71,2026-04-10,PAIMANA_Live,Under Implementation,1,1
PAIMANA-SEC_ATOM-2015-2015,Fast Breeder Reactor & Reprocessing Facility at Angul,DAE,Department of Atomic Energy,SEC_ATOM,Atomic Energy & Nuclear Power,Odisha,East,BHAVINI,20.7409,85.403,5971.61,7071.44,1099.83,18.42,3717.19,52.6,83.0,2015-06-21,2021-10-17,2024-04-16,76,30,150.0,26,26,1,939,430.6,81.9,Approved,6.4,3,288.38,Moderate/Plateau,0.74,0.35,2026-04-10,OCMS_Historical,Under Implementation,1,1
PAIMANA-SEC_PWR_GEN-2016-2016,Subansiri/Tehri Stage-II Hydroelectric Dam & Powerhouse (Mysuru),MoP,Ministry of Power,SEC_PWR_GEN,Thermal & Hydro Power Generation,Karnataka,South,SJVN,15.5984,75.5384,1385.23,1723.47,338.24,24.42,640.31,37.2,63.0,2016-04-07,2018-07-06,2021-06-04,27,35,150.0,21,21,1,1075,1400.8,55.8,Stage-I,8.9,2,555.06,Low/Plains,0.93,0.47,2026-04-10,OCMS_Historical,Under Implementation,1,1
PAIMANA-SEC_RLY-2020-2017,Dedicated Freight Corridor (Western/Eastern Phase-1) near Noida,MoR,Ministry of Railways,SEC_RLY,Railways & High-Speed Rail,Uttar Pradesh,North,DFCCIL,26.7229,81.2978,618.17,699.08,80.91,13.09,361.52,51.7,78.9,2020-03-27,2022-05-26,2023-10-24,26,17,150.0,25,25,1,510,1765.8,54.6,Approved,6.4,0,0.0,Low/Plains,0.4,0.31,2026-04-10,PAIMANA_Live,Under Implementation,1,1
PAIMANA-SEC_PORT-2015-2018,Port Connectivity Dedicated Rail-Sea Multimodal Corridor at Mumbai,MoPSW,"Ministry of Ports, Shipping and Waterways",SEC_PORT,Major Ports & Maritime Channels,Maharashtra,West,Sagarmala Dev,19.2203,76.0554,724.81,809.59,84.78,11.7,406.71,50.2,74.2,2015-04-01,2017-11-28,2019-12-28,32,25,150.0,32,31,1,776,1659.8,74.9,Exempted,4.4,0,0.0,Low/Plains,0.12,0.3,2026-04-10,OCMS_Historical,Under Implementation,1,1
PAIMANA-SEC_SMART-2020-2019,Industrial Smart City & Integrated Manufacturing Node at National Corridor,MoHUA,Ministry of Housing and Urban Affairs,SEC_SMART,Smart Cities & Industrial Corridors,Multi-State / National,National,NICDC,22.5728,78.7212,846.64,910.01,63.37,7.48,473.32,52.0,82.9,2020-04-19,2023-01-17,2024-02-16,33,13,150.0,35,35,1,425,538.0,97.0,Approved,9.4,0,0.0,Moderate/Plateau,0.22,0.36,2026-04-10,PAIMANA_Live,Under Implementation,0,1
PAIMANA-SEC_PET-2023-2020,Green Hydrogen & Bio-Ethanol Mega Plant at Kanpur,MoPNG,Ministry of Petroleum and Natural Gas,SEC_PET,Petroleum Pipelines & Refineries,Uttar Pradesh,North,BPCL,26.8193,80.3468,1717.4,2078.91,361.51,21.05,718.11,34.5,54.4,2023-11-11,2026-10-10,2028-06-09,35,20,83.3,39,26,10,631,947.0,72.4,Approved,3.9,0,0.0,High/Himalayan/Riverine,0.43,0.25,2026-04-10,PAIMANA_Live,Under Implementation,1,1
PAIMANA-SEC_PWR_GEN-2014-2021,Subansiri/Tehri Stage-II Hydroelectric Dam & Powerhouse (Varanasi),MoP,Ministry of Power,SEC_PWR_GEN,Thermal & Hydro Power Generation,Uttar Pradesh,North,SJVN,26.7309,80.9846,1886.16,2474.56,588.4,31.2,945.12,38.2,67.1,2014-05-06,2017-09-03,2021-01-01,40,40,150.0,22,22,1,1191,452.5,69.2,Approved,3.3,4,551.94,High/Himalayan/Riverine,0.38,0.53,2026-04-10,OCMS_Historical,Under Implementation,1,1
PAIMANA-SEC_INLAND-2021-2022,National Waterway NW-90 Multimodal Navigation Terminal at Kandla,MoPSW,"Ministry of Ports, Shipping and Waterways",SEC_INLAND,National Waterways & River Ports,Gujarat,West,IWAI,22.5763,71.1449,665.54,746.22,80.68,12.12,371.93,49.8,82.8,2021-07-02,2024-05-31,2025-07-30,35,14,150.0,45,45,1,432,88.2,69.7,Approved,9.1,1,64.81,Moderate/Plateau,0.36,0.52,2026-04-10,PAIMANA_Live,Under Implementation,1,1
PAIMANA-SEC_STEEL-2023-2023,Integrated Steel Plant Modernization & Pelletization Unit at Jalandhar,MoSteel,Ministry of Steel,SEC_STEEL,Steel Plants & Metallurgy Units,Punjab,North,SAIL,30.9176,74.7783,1121.55,1326.42,204.87,18.27,457.86,34.5,54.0,2023-09-18,2026-08-17,2028-09-15,35,25,88.3,46,34,11,794,1680.3,58.7,Exempted,4.8,0,0.0,Low/Plains,0.62,0.68,2026-04-10,PAIMANA_Live,Under Implementation,1,1
PAIMANA-SEC_MINE-2023-2024,Copper Ore Underground Mine Expansion Project in Bhagalpur,MoMines,Ministry of Mines,SEC_MINE,Strategic Mineral Extraction,Bihar,East,HCL,25.2642,85.6725,8784.67,9572.09,787.42,8.96,1440.93,15.1,27.4,2023-11-11,2031-02-06,2031-12-07,87,10,33.5,26,7,6,292,352.3,77.3,Exempted,8.1,0,0.0,Low/Plains,0.58,0.62,2026-04-10,PAIMANA_Live,Ongoing,0,1
PAIMANA-SEC_AIR-2021-2025,Air Cargo Hub & Aircraft Maintenance Repair Overhaul (MRO) at Ambala,MoCA,Ministry of Civil Aviation,SEC_AIR,Regional & Greenfield Airports,Haryana,North,AAI,29.5206,75.5924,5924.03,7282.09,1358.06,22.92,3222.46,44.3,72.6,2021-01-23,2026-01-21,2027-12-21,60,23,104.6,12,8,4,694,374.1,84.2,Approved,7.4,0,0.0,High/Himalayan/Riverine,0.89,0.83,2026-04-10,PAIMANA_Live,Under Implementation,1,1
PAIMANA-SEC_COAL-2020-2026,Open Cast Coal Mining Project (38 MTPA) with High-Capacity Conveyors at Ludhiana,MoCoal,Ministry of Coal,SEC_COAL,Coal Mining & Washeries,Punjab,North,CIL,31.2252,75.481,1737.35,1829.68,92.33,5.31,1174.1,64.2,100.0,2020-06-14,2022-08-13,2022-08-13,26,0,150.0,28,28,0,0,1709.6,98.3,Exempted,6.2,1,280.52,Moderate/Plateau,0.83,0.58,2026-04-10,PAIMANA_Live,Commissioned,0,0
PAIMANA-SEC_IRR-2021-2027,National River Interlinking Canal & Barrage System (Prayagraj-Varanasi),DoWR,"Department of Water Resources, RD & GR",SEC_IRR,National River Link & Irrigation,Uttar Pradesh,North,NWDA,26.4405,80.5395,1190.0,1486.06,296.06,24.88,634.55,42.7,68.8,2021-02-04,2024-05-04,2027-05-03,39,36,150.0,34,34,1,1085,738.5,69.4,Approved,7.8,3,689.16,Moderate/Plateau,0.57,0.26,2026-04-10,PAIMANA_Live,Under Implementation,1,1
PAIMANA-SEC_WATER-2017-2028,Comprehensive Sewage Treatment & River Cleaning Mission at Haldia,MoHUA,Ministry of Housing and Urban Affairs,SEC_WATER,Water Supply & Urban Sanitation,West Bengal,East,NMCG,22.8835,87.7765,1286.44,1369.93,83.49,6.49,884.67,64.6,100.0,2017-07-10,2019-12-08,2019-12-08,29,0,150.0,17,17,0,0,1207.6,78.1,Exempted,7.0,0,0.0,Moderate/Plateau,0.12,0.24,2026-04-10,OCMS_Historical,Commissioned,0,0
PAIMANA-SEC_AIR-2019-2029,Air Cargo Hub & Aircraft Maintenance Repair Overhaul (MRO) at Karimnagar,MoCA,Ministry of Civil Aviation,SEC_AIR,Regional & Greenfield Airports,Telangana,South,AAI,18.2064,78.7614,2055.86,2403.07,347.21,16.89,1199.92,49.9,80.8,2019-05-28,2022-06-25,2024-04-23,37,22,150.0,26,26,1,695,927.0,78.1,Approved,7.5,1,136.41,Moderate/Plateau,0.33,0.76,2026-04-10,OCMS_Historical,Under Implementation,1,1
PAIMANA-SEC_LOG-2018-2030,Central Freight Logistics & Cold Chain Infrastructure Hub at Ayodhya,MoRTH,Ministry of Road Transport and Highways,SEC_LOG,Multimodal Logistics Parks (MMLP),Uttar Pradesh,North,CONCOR,26.5457,80.4705,434.39,502.49,68.1,15.68,193.15,38.4,61.5,2018-07-09,2020-01-07,2022-02-05,18,25,150.0,45,45,1,749,1419.3,64.8,Stage-I,5.4,1,56.59,Moderate/Plateau,0.12,0.47,2026-04-10,OCMS_Historical,Under Implementation,1,1
PAIMANA-SEC_HWY-2023-2031,Economic Corridor NH-47 6-Lane Access Controlled Highway (Vijayawada),MoRTH,Ministry of Road Transport and Highways,SEC_HWY,Highways & Expressways,Andhra Pradesh,South,NHAI,15.88,79.8427,898.83,1058.99,160.16,17.82,431.61,40.8,64.7,2023-08-05,2025-04-04,2027-06-03,20,26,150.0,23,22,1,795,787.9,62.7,Approved,7.9,0,0.0,Low/Plains,0.91,0.28,2026-04-10,PAIMANA_Live,Under Implementation,1,1
PAIMANA-SEC_PWR_GEN-2014-2032,Ultra Mega Supercritical Thermal Power Project (17x800 MW) at Haldia,MoP,Ministry of Power,SEC_PWR_GEN,Thermal & Hydro Power Generation,West Bengal,East,NTPC,22.5504,87.3928,235.2,323.31,88.11,37.46,124.58,38.5,64.2,2014-04-01,2015-09-30,2018-07-29,18,34,150.0,31,31,1,1029,1710.9,63.9,Approved,7.4,2,530.03,Low/Plains,0.49,0.65,2026-04-10,OCMS_Historical,Under Implementation,1,1
PAIMANA-SEC_IRR-2019-2033,Lift Irrigation & Pressurized Piped Distribution Network in Indore,DoWR,"Department of Water Resources, RD & GR",SEC_IRR,National River Link & Irrigation,Madhya Pradesh,Central,WRD,22.6867,78.4895,1677.18,1950.16,272.98,16.28,985.31,50.5,76.7,2019-07-28,2022-07-26,2024-07-24,36,24,150.0,45,45,1,726,78.5,88.1,Approved,5.5,0,0.0,Moderate/Plateau,0.17,0.7,2026-04-10,OCMS_Historical,Under Implementation,1,1
PAIMANA-SEC_AIR-2017-2034,Greenfield International Airport Terminal-24 & Parallel Runway at National Corridor,MoCA,Ministry of Civil Aviation,SEC_AIR,Regional & Greenfield Airports,Multi-State / National,National,AAI,22.5193,79.289,2122.7,2569.83,447.13,21.06,1180.59,45.9,79.1,2017-05-23,2020-07-21,2022-09-19,38,26,150.0,37,37,1,779,579.2,95.4,Stage-I,3.6,2,84.32,High/Himalayan/Riverine,0.52,0.51,2026-04-10,OCMS_Historical,Under Implementation,1,1
PAIMANA-SEC_RLY-2017-2035,Himalayan Strategic Rail Network Rail Tunnel Complex near Pan-India Grid,MoR,Ministry of Railways,SEC_RLY,Railways & High-Speed Rail,Multi-State / National,National,IRCON,22.0626,79.4819,725.3,877.24,151.94,20.95,363.46,41.4,65.0,2017-04-10,2019-11-08,2022-10-07,31,35,150.0,30,30,1,1076,1187.8,85.6,Approved,3.3,1,253.65,Low/Plains,0.58,0.6,2026-04-10,OCMS_Historical,Under Implementation,1,1
PAIMANA-SEC_INLAND-2019-2036,Fairway Development & River Ro-Ro Terminal Facility in Nashik,MoPSW,"Ministry of Ports, Shipping and Waterways",SEC_INLAND,National Waterways & River Ports,Maharashtra,West,IWAI,19.3775,75.1589,5119.92,6150.39,1030.47,20.13,3138.0,51.0,80.8,2019-12-23,2024-08-20,2027-05-20,56,33,135.4,48,48,1,984,1146.4,96.5,Approved,7.1,3,202.55,Moderate/Plateau,0.7,0.74,2026-04-10,OCMS_Historical,Under Implementation,1,1
PAIMANA-SEC_COAL-2019-2037,Mechanized Coal Washery & Pithead Rail Dispatch Facility (Rajkot),MoCoal,Ministry of Coal,SEC_COAL,Coal Mining & Washeries,Gujarat,West,BCCL,22.5345,71.4971,358.21,474.12,115.91,32.36,188.76,39.8,62.0,2019-01-05,2020-10-04,2023-04-04,21,30,150.0,46,46,1,895,1635.5,78.7,Stage-I,7.4,2,555.84,Low/Plains,0.42,0.74,2026-04-10,OCMS_Historical,Under Implementation,1,1
PAIMANA-SEC_REN-2017-2038,Ultra Mega Solar Park (33 MW) with Battery Storage at Inter-State Hub,MNRE,Ministry of New and Renewable Energy,SEC_REN,Solar & Renewable Green Energy,Multi-State / National,National,SECI,21.4264,78.6367,285.56,291.65,6.09,2.13,184.78,63.4,100.0,2017-04-05,2019-10-04,2019-10-04,30,0,150.0,21,21,0,0,1337.5,79.0,Approved,5.5,0,0.0,Moderate/Plateau,0.87,0.41,2026-04-10,OCMS_Historical,Commissioned,0,0
PAIMANA-SEC_WATER-2021-2039,Comprehensive Sewage Treatment & River Cleaning Mission at Ambala,MoHUA,Ministry of Housing and Urban Affairs,SEC_WATER,Water Supply & Urban Sanitation,Haryana,North,NMCG,29.5372,75.5536,1420.6,1515.67,95.07,6.69,976.59,64.4,100.0,2021-08-03,2023-10-02,2023-10-02,26,0,150.0,39,39,0,0,1348.1,92.4,Approved,4.4,0,0.0,Moderate/Plateau,0.68,0.52,2026-04-10,PAIMANA_Live,Commissioned,0,0
PAIMANA-SEC_PORT-2019-2040,Greenfield Deep-Water Major Port & Container Terminal Phase-3 at Jamnagar,MoPSW,"Ministry of Ports, Shipping and Waterways",SEC_PORT,Major Ports & Maritime Channels,Gujarat,West,Port Authority,21.7404,71.759,3103.7,3563.2,459.5,14.8,1699.3,47.7,73.0,2019-04-02,2022-05-31,2024-08-28,38,27,150.0,23,23,1,805,769.1,63.1,Approved,4.0,0,0.0,Low/Plains,0.59,0.49,2026-04-10,OCMS_Historical,Under Implementation,1,1
PAIMANA-SEC_LOG-2014-2041,Central Freight Logistics & Cold Chain Infrastructure Hub at Bhavnagar,MoRTH,Ministry of Road Transport and Highways,SEC_LOG,Multimodal Logistics Parks (MMLP),Gujarat,West,CONCOR,22.5901,70.7143,5683.59,6650.04,966.45,17.0,3579.6,53.8,82.6,2014-02-15,2019-04-14,2021-12-11,62,32,150.0,22,22,1,948,1318.5,69.0,Stage-II Pending,5.5,1,72.17,Low/Plains,0.12,0.74,2026-04-10,OCMS_Historical,Under Implementation,1,1
PAIMANA-SEC_CHEM-2021-2042,Petrochemical Derivative & Polymer Manufacturing Unit at Ambala,MoCF,Ministry of Chemicals and Fertilizers,SEC_CHEM,Fertilizer Plants & Petrochemicals,Haryana,North,HURL,29.5055,75.5625,742.24,882.64,140.4,18.92,410.63,46.5,77.6,2021-06-27,2023-07-27,2024-09-24,25,14,150.0,38,38,1,408,1289.7,64.4,Stage-I,8.7,0,0.0,High/Himalayan/Riverine,0.17,0.6,2026-04-10,PAIMANA_Live,Under Implementation,1,1
PAIMANA-SEC_PWR_GEN-2019-2043,Subansiri/Tehri Stage-II Hydroelectric Dam & Powerhouse (Nashik),MoP,Ministry of Power,SEC_PWR_GEN,Thermal & Hydro Power Generation,Maharashtra,West,SJVN,20.0748,75.2055,3198.23,3598.38,400.15,12.51,2078.48,57.8,85.9,2019-10-02,2024-04-30,2025-09-28,55,17,142.8,33,33,1,553,463.0,67.4,Approved,9.1,0,0.0,Moderate/Plateau,0.87,0.22,2026-04-10,OCMS_Historical,Nearing Completion,1,1
PAIMANA-SEC_REN-2015-2044,Ultra Mega Solar Park (10 MW) with Battery Storage at Kharagpur,MNRE,Ministry of New and Renewable Energy,SEC_REN,Solar & Renewable Green Energy,West Bengal,East,SECI,23.4223,87.8367,1106.57,1287.39,180.82,16.34,585.04,45.4,71.6,2015-03-03,2016-12-30,2018-10-29,22,22,150.0,15,15,1,660,607.5,71.7,Approved,9.0,0,0.0,Low/Plains,0.62,0.29,2026-04-10,OCMS_Historical,Under Implementation,1,1
PAIMANA-SEC_RLY-2017-2045,Dedicated Freight Corridor (Western/Eastern Phase-2) near Bhubaneswar,MoR,Ministry of Railways,SEC_RLY,Railways & High-Speed Rail,Odisha,East,DFCCIL,21.4381,85.6329,974.19,1167.38,193.19,19.83,548.15,47.0,71.3,2017-10-05,2020-04-04,2022-09-02,30,29,150.0,18,18,1,866,1535.3,82.8,Approved,4.0,1,87.95,Low/Plains,0.4,0.66,2026-04-10,OCMS_Historical,Under Implementation,1,1
PAIMANA-SEC_PORT-2017-2046,Port Connectivity Dedicated Rail-Sea Multimodal Corridor at Lucknow,MoPSW,"Ministry of Ports, Shipping and Waterways",SEC_PORT,Major Ports & Maritime Channels,Uttar Pradesh,North,Sagarmala Dev,27.1347,80.348,2657.35,3047.89,390.54,14.7,1456.59,47.8,76.9,2017-04-18,2021-03-16,2023-03-15,47,24,150.0,23,23,1,714,67.4,75.0,Approved,8.4,1,303.37,Low/Plains,0.92,0.44,2026-04-10,OCMS_Historical,Under Implementation,1,1
PAIMANA-SEC_HEALTH-2017-2047,National Centre for Disease Control & Bio-Safety Level 4 Lab at Madurai,MoHFW,Ministry of Health and Family Welfare,SEC_HEALTH,AIIMS & Super-Specialty Medical Infra,Tamil Nadu,South,MoHFW,10.5395,78.5059,2133.06,2455.01,321.95,15.09,1425.34,58.1,91.2,2017-04-10,2020-06-08,2021-03-08,38,9,150.0,31,31,1,287,875.2,89.1,Exempted,7.2,0,0.0,High/Himalayan/Riverine,0.57,0.69,2026-04-10,OCMS_Historical,Nearing Completion,1,1
PAIMANA-SEC_SMART-2020-2048,Industrial Smart City & Integrated Manufacturing Node at Bikaner,MoHUA,Ministry of Housing and Urban Affairs,SEC_SMART,Smart Cities & Industrial Corridors,Rajasthan,North,NICDC,27.2133,73.8098,256.73,269.19,12.46,4.85,176.55,65.6,100.0,2020-09-22,2022-10-22,2022-10-22,25,0,150.0,16,16,0,0,1699.5,87.0,Approved,3.7,0,0.0,Moderate/Plateau,0.14,0.87,2026-04-10,PAIMANA_Live,Commissioned,0,0
PAIMANA-SEC_HEAVY-2019-2049,Heavy Machine Tools & Engineering Foundry Unit in Surat,MHI,Ministry of Heavy Industries,SEC_HEAVY,Heavy Engineering & Capital Goods,Gujarat,West,HMT,22.31,70.7625,4667.23,5659.77,992.54,21.27,2650.92,46.8,77.3,2019-07-08,2024-04-04,2027-09-02,57,41,142.8,23,23,1,1235,1330.2,60.4,Approved,5.1,2,352.58,Moderate/Plateau,0.26,0.57,2026-04-10,OCMS_Historical,Under Implementation,1,1
PAIMANA-SEC_HEAVY-2016-2050,Heavy Electrical Equipment & Gas Turbine Manufacturing Facility at Bikaner,MHI,Ministry of Heavy Industries,SEC_HEAVY,Heavy Engineering & Capital Goods,Rajasthan,North,BHEL,27.3327,74.4593,4258.59,5139.97,881.38,20.7,2626.11,51.1,78.1,2016-01-21,2020-10-18,2023-03-18,57,29,150.0,48,48,1,892,1416.4,57.1,Approved,4.2,1,50.14,High/Himalayan/Riverine,0.54,0.47,2026-04-10,OCMS_Historical,Under Implementation,1,1
PAIMANA-SEC_ATOM-2017-2051,Fast Breeder Reactor & Reprocessing Facility at Bengaluru,DAE,Department of Atomic Energy,SEC_ATOM,Atomic Energy & Nuclear Power,Karnataka,South,BHAVINI,15.5199,75.5215,633.54,707.23,73.69,11.63,365.76,51.7,81.7,2017-07-08,2020-02-05,2021-06-05,31,16,150.0,21,21,1,507,1630.6,75.2,Approved,7.0,0,0.0,Low/Plains,0.62,0.84,2026-04-10,OCMS_Historical,Under Implementation,1,1
PAIMANA-SEC_COAL-2017-2052,Coal Bed Methane & Deep Underground Extraction Unit at Coimbatore,MoCoal,Ministry of Coal,SEC_COAL,Coal Mining & Washeries,Tamil Nadu,South,NCDC,10.6403,79.0515,1671.74,1923.46,251.72,15.06,913.41,47.5,78.2,2017-12-04,2020-08-02,2022-03-02,32,19,150.0,46,46,1,572,697.9,63.8,Exempted,6.9,1,138.18,Moderate/Plateau,0.24,0.23,2026-04-10,OCMS_Historical,Under Implementation,1,1
PAIMANA-SEC_PET-2019-2053,Green Hydrogen & Bio-Ethanol Mega Plant at Patiala,MoPNG,Ministry of Petroleum and Natural Gas,SEC_PET,Petroleum Pipelines & Refineries,Punjab,North,BPCL,31.4634,74.8729,1835.25,2070.56,235.31,12.82,1262.09,61.0,100.0,2019-12-10,2023-06-08,2023-06-08,42,0,150.0,19,19,0,0,1371.1,86.1,Stage-I,7.5,0,0.0,High/Himalayan/Riverine,0.65,0.46,2026-04-10,OCMS_Historical,Commissioned,1,0
PAIMANA-SEC_STEEL-2018-2054,Specialty Alloy & Hot Rolled Coil Expansion Facility at Siliguri,MoSteel,Ministry of Steel,SEC_STEEL,Steel Plants & Metallurgy Units,West Bengal,East,RINL,23.3851,87.8799,1470.34,1591.74,121.4,8.26,854.95,53.7,79.6,2018-09-18,2020-09-16,2021-12-16,24,15,150.0,36,36,1,488,739.9,93.9,Approved,8.2,0,0.0,Low/Plains,0.85,0.73,2026-04-10,OCMS_Historical,Under Implementation,0,1
PAIMANA-SEC_ATOM-2020-2055,Fast Breeder Reactor & Reprocessing Facility at Rohini,DAE,Department of Atomic Energy,SEC_ATOM,Atomic Energy & Nuclear Power,Delhi NCR,North,BHAVINI,28.3361,76.523,680.49,745.07,64.58,9.49,369.47,49.6,80.5,2020-05-28,2022-10-26,2023-09-25,29,11,150.0,31,31,1,361,184.1,71.6,Stage-I,8.8,0,0.0,Low/Plains,0.14,0.65,2026-04-10,PAIMANA_Live,Under Implementation,0,1
PAIMANA-SEC_PET-2014-2056,Green Hydrogen & Bio-Ethanol Mega Plant at Kochi,MoPNG,Ministry of Petroleum and Natural Gas,SEC_PET,Petroleum Pipelines & Refineries,Kerala,South,BPCL,10.9563,76.384,606.41,665.67,59.26,9.77,355.98,53.5,78.8,2014-05-06,2016-05-04,2017-06-03,24,13,150.0,46,46,1,421,993.4,94.3,Stage-I,6.2,0,0.0,Low/Plains,0.73,0.54,2026-04-10,OCMS_Historical,Under Implementation,0,1
PAIMANA-SEC_HEAVY-2018-2057,Heavy Machine Tools & Engineering Foundry Unit in Bathinda,MHI,Ministry of Heavy Industries,SEC_HEAVY,Heavy Engineering & Capital Goods,Punjab,North,HMT,30.5497,74.7477,1120.28,1337.92,217.64,19.43,584.93,43.7,73.2,2018-10-23,2021-10-21,2024-07-20,36,33,150.0,18,18,1,982,1290.1,85.0,Stage-I,7.8,2,462.61,Moderate/Plateau,0.5,0.7,2026-04-10,OCMS_Historical,Under Implementation,1,1
PAIMANA-SEC_COAL-2016-2058,Open Cast Coal Mining Project (49 MTPA) with High-Capacity Conveyors at Surat,MoCoal,Ministry of Coal,SEC_COAL,Coal Mining & Washeries,Gujarat,West,CIL,22.3225,70.7866,3497.13,3949.56,452.43,12.94,2051.64,51.9,85.3,2016-09-11,2020-06-10,2021-10-09,45,16,150.0,46,46,1,485,648.6,71.6,Exempted,8.6,1,84.7,Moderate/Plateau,0.55,0.82,2026-04-10,OCMS_Historical,Nearing Completion,1,1
PAIMANA-SEC_WATER-2023-2059,Urban 24x7 Water Supply & Advanced Smart Grid Pipeline in Thane,MoHUA,Ministry of Housing and Urban Affairs,SEC_WATER,Water Supply & Urban Sanitation,Maharashtra,West,Jal Nigam,19.8828,75.5763,1923.74,2350.6,426.86,22.19,853.45,36.3,53.9,2023-03-22,2026-12-19,2029-11-17,45,35,81.9,15,11,4,1045,883.0,93.2,Stage-II Pending,6.2,1,297.42,Moderate/Plateau,0.53,0.64,2026-04-10,PAIMANA_Live,Under Implementation,1,1
PAIMANA-SEC_COAL-2017-2060,Open Cast Coal Mining Project (23 MTPA) with High-Capacity Conveyors at Madurai,MoCoal,Ministry of Coal,SEC_COAL,Coal Mining & Washeries,Tamil Nadu,South,CIL,11.3237,79.0062,807.16,944.53,137.37,17.02,391.13,41.4,66.5,2017-08-14,2019-04-14,2021-04-12,20,24,150.0,44,44,1,716,1466.8,71.3,Stage-I,6.8,2,330.78,Low/Plains,0.82,0.67,2026-04-10,OCMS_Historical,Under Implementation,1,1
PAIMANA-SEC_COAL-2017-2061,Coal Bed Methane & Deep Underground Extraction Unit at Gorakhpur,MoCoal,Ministry of Coal,SEC_COAL,Coal Mining & Washeries,Uttar Pradesh,North,NCDC,27.0966,81.2633,2389.22,2599.76,210.54,8.81,1620.73,62.3,100.0,2017-12-20,2020-11-18,2020-11-18,35,0,150.0,18,18,0,0,103.8,77.4,Stage-I,9.1,0,0.0,Moderate/Plateau,0.17,0.82,2026-04-10,OCMS_Historical,Commissioned,0,0
PAIMANA-SEC_HWY-2020-2062,Economic Corridor NH-13 6-Lane Access Controlled Highway (Pan-India Grid),MoRTH,Ministry of Road Transport and Highways,SEC_HWY,Highways & Expressways,Multi-State / National,National,NHAI,22.1454,78.9605,157.0,273.07,116.07,73.93,96.58,35.4,61.8,2020-08-16,2022-09-15,2026-07-14,25,46,150.0,18,18,1,1417,1074.1,47.4,Stage-II Pending,8.7,3,918.18,Moderate/Plateau,0.15,0.79,2026-04-10,PAIMANA_Live,Under Implementation,1,1
PAIMANA-SEC_IRR-2020-2063,National River Interlinking Canal & Barrage System (Kalaburagi-Bengaluru),DoWR,"Department of Water Resources, RD & GR",SEC_IRR,National River Link & Irrigation,Karnataka,South,NWDA,15.5524,76.1003,3418.42,4079.32,660.9,19.33,1982.66,48.6,78.2,2020-02-15,2024-09-13,2027-08-13,55,35,134.6,19,19,1,1069,148.9,33.0,Stage-II Pending,8.6,0,0.0,Low/Plains,0.42,0.28,2026-04-10,PAIMANA_Live,Under Implementation,1,1
PAIMANA-SEC_HEALTH-2020-2064,All India Institute of Medical Sciences (AIIMS) 750-Bed Super-Specialty Campus at Haldia,MoHFW,Ministry of Health and Family Welfare,SEC_HEALTH,AIIMS & Super-Specialty Medical Infra,West Bengal,East,MoHFW/HSCC,23.1096,88.0604,219.84,224.39,4.55,2.07,145.2,64.7,100.0,2020-03-20,2022-03-19,2022-03-19,24,0,150.0,48,48,0,0,273.7,98.0,Exempted,5.0,0,0.0,Low/Plains,0.22,0.23,2026-04-10,PAIMANA_Live,Commissioned,0,0
PAIMANA-SEC_INLAND-2014-2065,Fairway Development & River Ro-Ro Terminal Facility in Paradip,MoPSW,"Ministry of Ports, Shipping and Waterways",SEC_INLAND,National Waterways & River Ports,Odisha,East,IWAI,21.2691,85.1874,813.45,862.14,48.69,5.99,559.4,64.9,100.0,2014-08-24,2016-11-21,2016-11-21,27,0,150.0,20,20,0,0,245.7,94.6,Approved,3.5,0,0.0,Low/Plains,0.46,0.84,2026-04-10,OCMS_Historical,Commissioned,0,0
PAIMANA-SEC_ATOM-2021-2066,Fast Breeder Reactor & Reprocessing Facility at Hisar,DAE,Department of Atomic Energy,SEC_ATOM,Atomic Energy & Nuclear Power,Haryana,North,BHAVINI,29.6031,75.7178,396.2,500.34,104.14,26.28,180.16,36.0,60.4,2021-01-18,2022-07-19,2025-10-16,18,39,150.0,47,47,1,1198,1575.8,25.7,Exempted,6.3,1,180.86,Moderate/Plateau,0.45,0.55,2026-04-10,PAIMANA_Live,Under Implementation,1,1
PAIMANA-SEC_HEAVY-2022-2067,Heavy Machine Tools & Engineering Foundry Unit in Kochi,MHI,Ministry of Heavy Industries,SEC_HEAVY,Heavy Engineering & Capital Goods,Kerala,South,HMT,10.5985,75.683,335.51,386.49,50.98,15.19,181.7,47.0,71.0,2022-05-04,2024-08-01,2026-07-31,27,24,150.0,41,41,1,718,1580.0,72.6,Approved,8.0,0,0.0,Low/Plains,0.71,0.43,2026-04-10,PAIMANA_Live,Under Implementation,1,1
PAIMANA-SEC_HEAVY-2016-2068,Heavy Electrical Equipment & Gas Turbine Manufacturing Facility at Gaya,MHI,Ministry of Heavy Industries,SEC_HEAVY,Heavy Engineering & Capital Goods,Bihar,East,BHEL,25.1596,85.7952,3457.81,4109.37,651.56,18.84,2107.68,51.3,86.1,2016-11-21,2021-06-20,2023-03-20,55,21,150.0,37,37,1,622,1334.0,66.6,Approved,7.9,0,0.0,Moderate/Plateau,0.67,0.71,2026-04-10,OCMS_Historical,Nearing Completion,1,1
PAIMANA-SEC_HWY-2022-2069,Trans-Himalayan Highway Multi-Lane Tunnel & Approach Roads near Ranchi,MoRTH,Ministry of Road Transport and Highways,SEC_HWY,Highways & Expressways,Jharkhand,East,NHIDCL,23.7242,85.2484,736.04,889.49,153.45,20.85,413.53,46.5,74.5,2022-03-09,2025-01-05,2027-03-06,34,26,145.0,28,28,1,765,1243.8,72.7,Approved,7.8,3,224.61,Low/Plains,0.85,0.84,2026-04-10,PAIMANA_Live,Under Implementation,1,1
PAIMANA-SEC_PWR_TR-2022-2070,Substation Automation & GIS Grid Augmentation at Hubballi,MoP,Ministry of Power,SEC_PWR_TR,Power Transmission & Grid,Karnataka,South,PGCIL,15.7836,76.0482,1595.25,1819.23,223.98,14.04,732.01,40.2,68.2,2022-06-14,2025-01-11,2027-04-11,31,27,148.7,12,12,1,853,1205.3,87.8,Approved,5.1,0,0.0,Moderate/Plateau,0.24,0.84,2026-04-10,PAIMANA_Live,Under Implementation,1,1
PAIMANA-SEC_TEL-2017-2071,National 5G High-Density Core Network Infrastructure in Bhagalpur,DoT,Department of Telecommunications,SEC_TEL,Telecommunication & BharatNet Fiber,Bihar,East,BSNL,25.5908,85.4975,1097.77,1230.85,133.08,12.12,661.04,53.7,80.4,2017-01-12,2019-09-11,2020-12-10,32,15,150.0,30,30,1,487,444.5,95.4,Stage-I,7.6,0,0.0,Moderate/Plateau,0.94,0.77,2026-04-10,OCMS_Historical,Under Implementation,1,1
PAIMANA-SEC_MINE-2021-2072,Copper Ore Underground Mine Expansion Project in Vadodara,MoMines,Ministry of Mines,SEC_MINE,Strategic Mineral Extraction,Gujarat,West,HCL,22.2394,71.3907,1805.87,2086.5,280.63,15.54,897.6,43.0,71.0,2021-03-14,2023-06-12,2026-01-09,27,31,150.0,13,13,1,938,1050.8,60.5,Approved,3.6,1,245.68,Low/Plains,0.62,0.24,2026-04-10,PAIMANA_Live,Under Implementation,1,1
PAIMANA-SEC_WATER-2022-2073,Comprehensive Sewage Treatment & River Cleaning Mission at Nizamabad,MoHUA,Ministry of Housing and Urban Affairs,SEC_WATER,Water Supply & Urban Sanitation,Telangana,South,NMCG,18.4341,78.6404,1234.71,1367.38,132.67,10.75,718.82,52.6,84.0,2022-07-27,2025-03-25,2026-05-24,32,14,139.7,22,22,1,414,694.1,79.8,Approved,8.0,1,277.87,Low/Plains,0.26,0.61,2026-04-10,PAIMANA_Live,Under Implementation,0,1
PAIMANA-SEC_REN-2015-2074,Green Ammonia & Hydrogen Renewable Energy Island at Rajkot,MNRE,Ministry of New and Renewable Energy,SEC_REN,Solar & Renewable Green Energy,Gujarat,West,SECI,22.3754,71.3133,339.26,395.53,56.27,16.59,166.24,42.0,66.9,2015-10-01,2017-09-29,2019-08-29,24,23,150.0,27,27,1,725,233.2,56.2,Approved,7.1,0,0.0,Low/Plains,0.35,0.66,2026-04-10,OCMS_Historical,Under Implementation,1,1
PAIMANA-SEC_STEEL-2016-2075,Integrated Steel Plant Modernization & Pelletization Unit at Kota,MoSteel,Ministry of Steel,SEC_STEEL,Steel Plants & Metallurgy Units,Rajasthan,North,SAIL,27.313,74.0912,2957.38,3096.43,139.05,4.7,1750.86,56.5,88.1,2016-02-28,2019-08-27,2020-03-26,42,7,150.0,46,46,1,248,259.8,82.7,Approved,8.7,0,0.0,Moderate/Plateau,0.75,0.41,2026-04-10,OCMS_Historical,Nearing Completion,0,1
PAIMANA-SEC_SMART-2016-2076,Industrial Smart City & Integrated Manufacturing Node at Kandla,MoHUA,Ministry of Housing and Urban Affairs,SEC_SMART,Smart Cities & Industrial Corridors,Gujarat,West,NICDC,22.4688,71.2574,718.05,865.42,147.37,20.52,336.21,38.8,62.0,2016-02-28,2017-09-27,2019-12-26,19,27,150.0,42,42,1,826,190.4,71.5,Approved,3.8,1,67.05,Low/Plains,0.63,0.75,2026-04-10,OCMS_Historical,Under Implementation,1,1
PAIMANA-SEC_REN-2016-2077,Green Ammonia & Hydrogen Renewable Energy Island at Muzaffarpur,MNRE,Ministry of New and Renewable Energy,SEC_REN,Solar & Renewable Green Energy,Bihar,East,SECI,25.234,85.2515,261.61,285.04,23.43,8.96,179.43,62.9,100.0,2016-10-22,2018-09-21,2018-09-21,23,0,150.0,22,22,0,0,310.8,79.2,Approved,3.8,0,0.0,Low/Plains,0.14,0.88,2026-04-10,OCMS_Historical,Commissioned,0,0
PAIMANA-SEC_RLY-2019-2078,New Broad Gauge Rail Link Lucknow to Noida with Major Bridges,MoR,Ministry of Railways,SEC_RLY,Railways & High-Speed Rail,Uttar Pradesh,North,RVNL,26.7727,80.9809,764.25,968.28,204.03,26.7,338.61,35.0,60.0,2019-01-17,2020-08-16,2023-09-14,19,37,150.0,35,35,1,1123,1663.1,52.9,Stage-I,3.6,3,193.52,High/Himalayan/Riverine,0.64,0.33,2026-04-10,OCMS_Historical,Under Implementation,1,1
PAIMANA-SEC_AIR-2015-2079,Regional Airport Modernization & Runway Extension under UDAN at Bilaspur,MoCA,Ministry of Civil Aviation,SEC_AIR,Regional & Greenfield Airports,Chhattisgarh,Central,AAI,20.913,81.9019,4775.86,6111.45,1335.59,27.97,2632.09,43.1,74.2,2015-08-04,2020-08-31,2024-01-29,61,41,150.0,31,31,1,1231,784.5,51.9,Approved,5.6,2,343.58,Low/Plains,0.89,0.76,2026-04-10,OCMS_Historical,Under Implementation,1,1
PAIMANA-SEC_WATER-2015-2080,Urban 24x7 Water Supply & Advanced Smart Grid Pipeline in National Corridor,MoHUA,Ministry of Housing and Urban Affairs,SEC_WATER,Water Supply & Urban Sanitation,Multi-State / National,National,Jal Nigam,22.3533,78.9759,2574.26,2745.04,170.78,6.63,1717.47,62.6,100.0,2015-02-23,2018-04-23,2018-04-23,38,0,150.0,27,27,0,0,1266.1,84.8,Approved,4.9,0,0.0,Low/Plains,0.19,0.68,2026-04-10,OCMS_Historical,Commissioned,0,0
PAIMANA-SEC_CHEM-2017-2081,Coal-Gasification Based Urea & Fertilizer Complex at Vijayawada,MoCF,Ministry of Chemicals and Fertilizers,SEC_CHEM,Fertilizer Plants & Petrochemicals,Andhra Pradesh,South,FCIL,15.9272,80.1762,824.18,936.69,112.51,13.65,463.6,49.5,79.0,2017-01-10,2019-12-10,2021-03-10,35,15,150.0,39,39,1,446,686.7,83.5,Approved,5.7,0,0.0,Low/Plains,0.79,0.74,2026-04-10,OCMS_Historical,Under Implementation,1,1
PAIMANA-SEC_TEL-2020-2082,BharatNet Rural Optical Fiber Network Phase-2 across Ludhiana,DoT,Department of Telecommunications,SEC_TEL,Telecommunication & BharatNet Fiber,Punjab,North,BBNL,31.5235,74.9051,823.7,962.46,138.76,16.85,398.76,41.4,67.1,2020-11-16,2022-11-15,2025-08-14,24,33,150.0,30,29,1,980,1364.4,86.1,Exempted,3.6,1,63.45,Moderate/Plateau,0.23,0.29,2026-04-10,PAIMANA_Live,Under Implementation,1,1
PAIMANA-SEC_HEAVY-2023-2083,Heavy Electrical Equipment & Gas Turbine Manufacturing Facility at Bhubaneswar,MHI,Ministry of Heavy Industries,SEC_HEAVY,Heavy Engineering & Capital Goods,Odisha,East,BHEL,20.6252,84.5189,845.61,1056.78,211.17,24.97,406.66,38.5,67.7,2023-05-13,2025-12-10,2028-08-08,31,32,113.4,28,23,1,984,678.3,86.5,Approved,5.4,2,464.0,Moderate/Plateau,0.64,0.86,2026-04-10,PAIMANA_Live,Under Implementation,1,1
PAIMANA-SEC_METRO-2019-2084,Urban Light Rail Transit / MetroLite System for Pan-India Grid Smart City,MoHUA,Ministry of Housing and Urban Affairs,SEC_METRO,Metro Rail & Urban Transit,Multi-State / National,National,Metro Rail Corp,21.6048,79.493,8254.53,9340.28,1085.75,13.15,4526.42,48.5,77.4,2019-03-04,2025-10-30,2027-08-29,80,22,106.9,46,46,1,702,1504.2,79.1,Approved,9.5,0,0.0,Moderate/Plateau,0.55,0.21,2026-04-10,OCMS_Historical,Under Implementation,1,1
PAIMANA-SEC_TEL-2021-2085,BharatNet Rural Optical Fiber Network Phase-3 across Kollam,DoT,Department of Telecommunications,SEC_TEL,Telecommunication & BharatNet Fiber,Kerala,South,BBNL,10.899,76.4383,1649.86,1793.23,143.37,8.69,958.24,53.4,87.6,2021-06-21,2025-01-18,2026-01-17,43,12,134.6,34,30,1,398,339.0,74.2,Approved,8.7,0,0.0,Low/Plains,0.94,0.61,2026-04-10,PAIMANA_Live,Nearing Completion,0,1
PAIMANA-SEC_IRR-2015-2086,National River Interlinking Canal & Barrage System (Nashik-Aurangabad),DoWR,"Department of Water Resources, RD & GR",SEC_IRR,National River Link & Irrigation,Maharashtra,West,NWDA,19.2773,75.3326,1727.01,2302.26,575.25,33.31,970.25,42.1,66.4,2015-08-01,2018-06-30,2021-06-28,35,36,150.0,45,45,1,1116,1595.5,46.8,Exempted,9.5,4,1221.04,High/Himalayan/Riverine,0.28,0.78,2026-04-10,OCMS_Historical,Under Implementation,1,1
PAIMANA-SEC_COAL-2014-2087,Coal Bed Methane & Deep Underground Extraction Unit at Agartala,MoCoal,Ministry of Coal,SEC_COAL,Coal Mining & Washeries,Tripura,North-East,NCDC,24.0325,92.4532,3054.51,3156.72,102.21,3.35,1977.31,62.6,100.0,2014-04-17,2018-08-14,2018-08-14,52,0,150.0,33,32,0,0,1049.7,89.4,Approved,7.2,0,0.0,Low/Plains,0.9,0.73,2026-04-10,OCMS_Historical,Commissioned,0,0
PAIMANA-SEC_HWY-2023-2088,Greenfield Coastal Corridor Expressway (Bokaro-Deoghar Phase 2),MoRTH,Ministry of Road Transport and Highways,SEC_HWY,Highways & Expressways,Jharkhand,East,NHAI,23.1175,85.6748,1440.08,1702.51,262.43,18.22,453.55,26.6,41.2,2023-11-28,2027-04-27,2029-08-25,41,28,69.7,22,11,8,861,1344.6,24.6,Approved,9.6,0,0.0,Low/Plains,0.38,0.51,2026-04-10,PAIMANA_Live,Under Implementation,1,1
PAIMANA-SEC_STEEL-2022-2089,Integrated Steel Plant Modernization & Pelletization Unit at Bhopal,MoSteel,Ministry of Steel,SEC_STEEL,Steel Plants & Metallurgy Units,Madhya Pradesh,Central,SAIL,22.6628,78.7583,897.41,991.83,94.42,10.52,617.14,62.2,100.0,2022-09-25,2024-04-24,2024-04-24,19,0,150.0,41,41,0,0,325.0,82.6,Approved,4.7,1,172.03,Low/Plains,0.21,0.76,2026-04-10,PAIMANA_Live,Commissioned,0,0
PAIMANA-SEC_HWY-2017-2090,National Highway NH-68 Widening & Bypass at Prayagraj,MoRTH,Ministry of Road Transport and Highways,SEC_HWY,Highways & Expressways,Uttar Pradesh,North,MoRTH,27.1073,80.3975,952.48,1178.04,225.56,23.68,503.58,42.7,68.8,2017-09-05,2020-10-03,2023-09-02,37,35,150.0,42,42,1,1042,704.5,51.5,Approved,6.6,2,322.3,Moderate/Plateau,0.87,0.6,2026-04-10,OCMS_Historical,Under Implementation,1,1
PAIMANA-SEC_STEEL-2014-2091,Integrated Steel Plant Modernization & Pelletization Unit at Salem,MoSteel,Ministry of Steel,SEC_STEEL,Steel Plants & Metallurgy Units,Tamil Nadu,South,SAIL,11.3553,78.6685,1072.33,1248.95,176.62,16.47,592.42,47.4,75.5,2014-03-10,2016-05-08,2018-01-06,26,20,150.0,41,41,1,644,1113.5,84.5,Approved,5.2,1,167.01,Moderate/Plateau,0.23,0.56,2026-04-10,OCMS_Historical,Under Implementation,1,1
PAIMANA-SEC_HEAVY-2020-2092,Heavy Machine Tools & Engineering Foundry Unit in Guntur,MHI,Ministry of Heavy Industries,SEC_HEAVY,Heavy Engineering & Capital Goods,Andhra Pradesh,South,HMT,15.6085,79.9208,1107.93,1234.81,126.88,11.45,618.91,50.1,74.1,2020-10-08,2022-12-07,2024-06-06,26,18,150.0,34,34,1,565,1606.1,84.2,Stage-I,5.9,1,272.9,Low/Plains,0.56,0.26,2026-04-10,PAIMANA_Live,Under Implementation,1,1
PAIMANA-SEC_ATOM-2020-2093,Pressurized Heavy Water Reactor Nuclear Power Unit (64x700 MWe) at Udaipur,DAE,Department of Atomic Energy,SEC_ATOM,Atomic Energy & Nuclear Power,Rajasthan,North,NPCIL,27.0072,74.1662,2291.25,2698.2,406.95,17.76,1341.99,49.7,74.6,2020-04-19,2024-01-17,2026-08-16,45,31,150.0,48,48,1,921,858.5,35.3,Approved,5.5,0,0.0,Moderate/Plateau,0.91,0.42,2026-04-10,PAIMANA_Live,Under Implementation,1,1
PAIMANA-SEC_REN-2022-2094,Ultra Mega Solar Park (83 MW) with Battery Storage at Chennai,MNRE,Ministry of New and Renewable Energy,SEC_REN,Solar & Renewable Green Energy,Tamil Nadu,South,SECI,11.7261,78.6111,1205.87,1387.62,181.75,15.07,628.43,45.3,74.3,2022-10-14,2025-07-13,2027-08-12,33,25,127.5,38,38,1,746,384.2,78.4,Approved,5.4,1,186.24,Low/Plains,0.86,0.41,2026-04-10,PAIMANA_Live,Under Implementation,1,1
PAIMANA-SEC_STEEL-2017-2095,Integrated Steel Plant Modernization & Pelletization Unit at Jamshedpur,MoSteel,Ministry of Steel,SEC_STEEL,Steel Plants & Metallurgy Units,Jharkhand,East,SAIL,23.5941,84.9301,2302.19,2621.77,319.58,13.88,1272.81,48.5,76.0,2017-06-18,2020-09-15,2022-05-16,39,20,150.0,38,38,1,592,1735.5,95.2,Approved,6.1,2,63.61,Moderate/Plateau,0.82,0.55,2026-04-10,OCMS_Historical,Under Implementation,1,1
PAIMANA-SEC_PWR_GEN-2022-2096,Ultra Mega Supercritical Thermal Power Project (55x800 MW) at Mangaluru,MoP,Ministry of Power,SEC_PWR_GEN,Thermal & Hydro Power Generation,Karnataka,South,NTPC,15.0295,76.0213,1063.08,1248.14,185.06,17.41,493.13,39.5,68.0,2022-02-09,2024-06-09,2026-11-07,28,29,150.0,29,29,1,892,1789.8,55.5,Stage-I,7.4,0,0.0,Low/Plains,0.85,0.72,2026-04-10,PAIMANA_Live,Under Implementation,1,1
PAIMANA-SEC_SMART-2023-2097,Industrial Smart City & Integrated Manufacturing Node at Rourkela,MoHUA,Ministry of Housing and Urban Affairs,SEC_SMART,Smart Cities & Industrial Corridors,Odisha,East,NICDC,21.25,85.0429,1236.83,1433.58,196.75,15.91,580.91,40.5,66.6,2023-11-23,2025-08-22,2027-12-21,21,28,137.0,48,48,1,885,937.3,92.0,Approved,7.8,1,168.87,Low/Plains,0.37,0.42,2026-04-10,PAIMANA_Live,Under Implementation,1,1
PAIMANA-SEC_CHEM-2015-2098,Coal-Gasification Based Urea & Fertilizer Complex at Lucknow,MoCF,Ministry of Chemicals and Fertilizers,SEC_CHEM,Fertilizer Plants & Petrochemicals,Uttar Pradesh,North,FCIL,26.9555,81.2582,171.97,203.28,31.31,18.21,81.27,40.0,60.1,2015-08-09,2017-03-08,2019-09-06,19,30,150.0,13,13,1,935,1500.9,69.0,Stage-I,4.4,0,0.0,Moderate/Plateau,0.77,0.72,2026-04-10,OCMS_Historical,Under Implementation,1,1
PAIMANA-SEC_PET-2022-2099,Green Hydrogen & Bio-Ethanol Mega Plant at Pune,MoPNG,Ministry of Petroleum and Natural Gas,SEC_PET,Petroleum Pipelines & Refineries,Maharashtra,West,BPCL,19.1682,75.4152,2741.11,3016.66,275.55,10.05,1473.46,48.8,79.0,2022-08-07,2026-10-05,2026-10-05,50,0,88.6,42,32,0,0,70.2,86.5,Approved,7.4,0,0.0,Moderate/Plateau,0.25,0.85,2026-04-10,PAIMANA_Live,Under Implementation,0,0
PAIMANA-SEC_METRO-2014-2100,Regional Rapid Transit System (RRTS) Semi High-Speed Line (Manali-Shimla),MoHUA,Ministry of Housing and Urban Affairs,SEC_METRO,Metro Rail & Urban Transit,Himachal Pradesh,North,NCRTC,31.5781,77.3069,1595.23,1847.16,251.93,15.79,821.2,44.5,72.1,2014-10-01,2016-12-29,2018-12-28,27,24,150.0,34,34,1,716,413.5,48.7,Approved,9.2,0,0.0,Moderate/Plateau,0.63,0.51,2026-04-10,OCMS_Historical,Under Implementation,1,1
PAIMANA-SEC_INLAND-2019-2101,National Waterway NW-38 Multimodal Navigation Terminal at Thoubal,MoPSW,"Ministry of Ports, Shipping and Waterways",SEC_INLAND,National Waterways & River Ports,Manipur,North-East,IWAI,24.5092,94.2432,2962.29,3430.54,468.25,15.81,1718.35,50.1,77.5,2019-08-15,2022-11-12,2024-05-12,39,18,150.0,12,12,1,526,1332.2,70.8,Stage-I,7.9,0,0.0,Moderate/Plateau,0.51,0.78,2026-04-10,OCMS_Historical,Under Implementation,1,1
PAIMANA-SEC_HEALTH-2015-2102,All India Institute of Medical Sciences (AIIMS) 750-Bed Super-Specialty Campus at Patiala,MoHFW,Ministry of Health and Family Welfare,SEC_HEALTH,AIIMS & Super-Specialty Medical Infra,Punjab,North,MoHFW/HSCC,31.0353,74.9612,157.0,185.21,28.21,17.97,81.61,44.1,75.5,2015-01-20,2017-05-20,2018-10-18,28,17,150.0,31,31,1,543,1456.0,67.1,Approved,6.5,0,0.0,Moderate/Plateau,0.32,0.87,2026-04-10,OCMS_Historical,Under Implementation,1,1
PAIMANA-SEC_TEL-2015-2103,BharatNet Rural Optical Fiber Network Phase-1 across Jorhat,DoT,Department of Telecommunications,SEC_TEL,Telecommunication & BharatNet Fiber,Assam,North-East,BBNL,25.8315,92.7967,8346.21,9204.47,858.26,10.28,5584.26,60.7,98.0,2015-08-27,2022-11-22,2023-06-22,87,7,146.9,21,21,1,248,1141.5,69.7,Approved,9.4,0,0.0,Low/Plains,0.56,0.63,2026-04-10,OCMS_Historical,Nearing Completion,0,1
PAIMANA-SEC_WATER-2015-2104,Urban 24x7 Water Supply & Advanced Smart Grid Pipeline in National Corridor,MoHUA,Ministry of Housing and Urban Affairs,SEC_WATER,Water Supply & Urban Sanitation,Multi-State / National,National,Jal Nigam,22.4719,78.8969,1005.25,1216.56,211.31,21.02,565.02,46.4,70.4,2015-12-13,2018-02-10,2020-06-10,26,28,150.0,15,15,1,853,1741.2,87.1,Approved,6.5,3,996.77,Moderate/Plateau,0.78,0.32,2026-04-10,OCMS_Historical,Under Implementation,1,1
PAIMANA-SEC_PWR_GEN-2015-2105,Ultra Mega Supercritical Thermal Power Project (76x800 MW) at Bhubaneswar,MoP,Ministry of Power,SEC_PWR_GEN,Thermal & Hydro Power Generation,Odisha,East,NTPC,21.5105,84.5297,3289.14,3796.01,506.87,15.41,1815.65,47.8,81.0,2015-10-12,2019-06-10,2021-02-07,44,20,150.0,38,38,1,606,210.2,66.2,Approved,5.6,1,251.67,Moderate/Plateau,0.54,0.53,2026-04-10,OCMS_Historical,Under Implementation,1,1
PAIMANA-SEC_IRR-2017-2106,Lift Irrigation & Pressurized Piped Distribution Network in Bathinda,DoWR,"Department of Water Resources, RD & GR",SEC_IRR,National River Link & Irrigation,Punjab,North,WRD,30.7181,74.8851,427.39,467.48,40.09,9.38,226.35,48.4,74.5,2017-10-15,2019-04-15,2020-03-14,18,11,150.0,24,24,1,325,629.0,75.7,Approved,7.8,0,0.0,Moderate/Plateau,0.79,0.88,2026-04-10,OCMS_Historical,Under Implementation,0,1
PAIMANA-SEC_PORT-2019-2107,Port Connectivity Dedicated Rail-Sea Multimodal Corridor at Ambala,MoPSW,"Ministry of Ports, Shipping and Waterways",SEC_PORT,Major Ports & Maritime Channels,Haryana,North,Sagarmala Dev,28.9473,76.6655,2054.41,2630.86,576.45,28.06,1162.37,44.2,68.2,2019-12-25,2022-12-23,2025-10-21,36,34,150.0,38,38,1,1041,1274.5,83.7,Approved,9.3,3,847.84,High/Himalayan/Riverine,0.79,0.21,2026-04-10,OCMS_Historical,Under Implementation,1,1
PAIMANA-SEC_PWR_GEN-2017-2108,Ultra Mega Supercritical Thermal Power Project (43x800 MW) at Nagpur,MoP,Ministry of Power,SEC_PWR_GEN,Thermal & Hydro Power Generation,Maharashtra,West,NTPC,20.0418,75.6492,421.94,462.56,40.62,9.63,241.86,52.3,76.5,2017-05-10,2018-12-08,2019-10-08,19,10,150.0,23,23,1,285,214.7,68.9,Approved,9.3,0,0.0,Low/Plains,0.34,0.84,2026-04-10,OCMS_Historical,Under Implementation,0,1
PAIMANA-SEC_CHEM-2016-2109,Petrochemical Derivative & Polymer Manufacturing Unit at Vijayawada,MoCF,Ministry of Chemicals and Fertilizers,SEC_CHEM,Fertilizer Plants & Petrochemicals,Andhra Pradesh,South,HURL,15.8716,80.122,634.62,662.95,28.33,4.46,425.06,64.1,100.0,2016-07-20,2018-01-18,2018-01-18,18,0,150.0,25,25,0,0,625.5,91.4,Approved,6.9,0,0.0,Moderate/Plateau,0.28,0.36,2026-04-10,OCMS_Historical,Commissioned,0,0
PAIMANA-SEC_HEALTH-2014-2110,All India Institute of Medical Sciences (AIIMS) 750-Bed Super-Specialty Campus at Kolkata,MoHFW,Ministry of Health and Family Welfare,SEC_HEALTH,AIIMS & Super-Specialty Medical Infra,West Bengal,East,MoHFW/HSCC,23.5329,87.8994,7072.27,7507.3,435.03,6.15,4666.94,62.2,100.0,2014-11-05,2021-03-03,2021-03-03,76,0,150.0,34,34,0,0,1204.4,82.4,Stage-II Pending,8.4,1,128.24,Moderate/Plateau,0.82,0.62,2026-04-10,OCMS_Historical,Commissioned,0,0
PAIMANA-SEC_PET-2016-2111,Crude Oil Pipeline Augmented Pumping Infrastructure at Kollam,MoPNG,Ministry of Petroleum and Natural Gas,SEC_PET,Petroleum Pipelines & Refineries,Kerala,South,HPCL,10.8068,76.8701,957.63,1050.45,92.82,9.69,655.04,62.4,100.0,2016-07-18,2019-02-15,2019-02-15,31,0,150.0,30,30,0,0,1050.5,80.4,Stage-II Pending,8.6,0,0.0,Low/Plains,0.73,0.82,2026-04-10,OCMS_Historical,Commissioned,0,0
PAIMANA-SEC_HWY-2022-2112,Greenfield Coastal Corridor Expressway (Ayodhya-Varanasi Phase 4),MoRTH,Ministry of Road Transport and Highways,SEC_HWY,Highways & Expressways,Uttar Pradesh,North,NHAI,26.9904,81.0269,1411.16,1769.57,358.41,25.4,771.07,43.6,75.7,2022-09-09,2025-05-08,2027-07-07,32,26,135.2,41,41,1,793,1686.1,47.0,Stage-I,9.6,0,0.0,High/Himalayan/Riverine,0.86,0.81,2026-04-10,PAIMANA_Live,Under Implementation,1,1
PAIMANA-SEC_PET-2020-2113,Crude Oil Pipeline Augmented Pumping Infrastructure at Vijayawada,MoPNG,Ministry of Petroleum and Natural Gas,SEC_PET,Petroleum Pipelines & Refineries,Andhra Pradesh,South,HPCL,16.4885,79.4743,2623.25,2726.72,103.47,3.94,1803.99,66.2,100.0,2020-05-02,2023-01-30,2023-01-30,33,0,150.0,37,37,0,0,1503.8,91.1,Exempted,4.9,0,0.0,Moderate/Plateau,0.92,0.38,2026-04-10,PAIMANA_Live,Commissioned,0,0
PAIMANA-SEC_PORT-2022-2114,Port Connectivity Dedicated Rail-Sea Multimodal Corridor at Tirupati,MoPSW,"Ministry of Ports, Shipping and Waterways",SEC_PORT,Major Ports & Maritime Channels,Andhra Pradesh,South,Sagarmala Dev,16.3397,79.3418,1838.13,1961.93,123.8,6.74,1236.98,63.0,96.8,2022-07-09,2025-11-06,2025-11-06,40,0,113.2,14,14,0,0,199.6,81.0,Exempted,5.0,0,0.0,Moderate/Plateau,0.63,0.69,2026-04-10,PAIMANA_Live,Nearing Completion,0,0
PAIMANA-SEC_REN-2017-2115,Ultra Mega Solar Park (74 MW) with Battery Storage at Bhilai,MNRE,Ministry of New and Renewable Energy,SEC_REN,Solar & Renewable Green Energy,Chhattisgarh,Central,SECI,21.3015,81.5645,1324.12,1470.21,146.09,11.03,910.59,61.9,100.0,2017-12-24,2021-01-21,2021-01-21,37,0,150.0,21,21,0,0,1174.6,95.4,Approved,9.2,0,0.0,High/Himalayan/Riverine,0.31,0.86,2026-04-10,OCMS_Historical,Commissioned,1,0
PAIMANA-SEC_AIR-2020-2116,Regional Airport Modernization & Runway Extension under UDAN at Jagdalpur,MoCA,Ministry of Civil Aviation,SEC_AIR,Regional & Greenfield Airports,Chhattisgarh,Central,AAI,21.5013,81.5079,1623.47,1881.15,257.68,15.87,819.7,43.6,74.5,2020-08-08,2024-02-05,2026-05-05,42,27,150.0,19,19,1,802,1036.4,77.6,Exempted,7.7,4,136.9,Low/Plains,0.48,0.47,2026-04-10,PAIMANA_Live,Under Implementation,1,1
PAIMANA-SEC_IRR-2023-2117,Lift Irrigation & Pressurized Piped Distribution Network in Noida,DoWR,"Department of Water Resources, RD & GR",SEC_IRR,National River Link & Irrigation,Uttar Pradesh,North,WRD,26.5406,80.407,11258.19,12666.77,1408.58,12.51,1476.77,11.7,19.1,2023-11-18,2033-11-13,2035-07-14,120,20,24.1,41,8,25,585,1758.2,93.6,Approved,4.2,1,77.48,Low/Plains,0.77,0.27,2026-04-10,PAIMANA_Live,Ongoing,1,1
PAIMANA-SEC_HEAVY-2023-2118,Heavy Electrical Equipment & Gas Turbine Manufacturing Facility at Mumbai,MHI,Ministry of Heavy Industries,SEC_HEAVY,Heavy Engineering & Capital Goods,Maharashtra,West,BHEL,19.4625,75.7154,1086.67,1352.32,265.65,24.45,582.79,43.1,70.1,2023-09-09,2025-12-07,2027-12-06,27,24,115.7,27,26,1,765,656.9,51.5,Stage-II Pending,7.9,0,0.0,High/Himalayan/Riverine,0.18,0.41,2026-04-10,PAIMANA_Live,Under Implementation,1,1
PAIMANA-SEC_LOG-2018-2119,Central Freight Logistics & Cold Chain Infrastructure Hub at Guntur,MoRTH,Ministry of Road Transport and Highways,SEC_LOG,Multimodal Logistics Parks (MMLP),Andhra Pradesh,South,CONCOR,16.0416,79.4405,1389.43,1651.84,262.41,18.89,760.99,46.1,76.3,2018-03-01,2020-07-29,2021-11-27,29,16,150.0,28,28,1,488,998.8,51.7,Approved,6.3,0,0.0,High/Himalayan/Riverine,0.51,0.21,2026-04-10,OCMS_Historical,Under Implementation,1,1
PAIMANA-SEC_LOG-2018-2120,Multimodal Logistics Park (MMLP) with Inland Container Depot at Rohtak,MoRTH,Ministry of Road Transport and Highways,SEC_LOG,Multimodal Logistics Parks (MMLP),Haryana,North,NHLML,29.0672,76.5904,3114.2,3294.09,179.89,5.78,2088.75,63.4,100.0,2018-07-14,2022-09-11,2022-09-11,50,0,150.0,21,21,0,0,1415.1,88.6,Exempted,7.5,1,179.64,Moderate/Plateau,0.79,0.55,2026-04-10,OCMS_Historical,Commissioned,0,0
PAIMANA-SEC_INLAND-2017-2121,National Waterway NW-49 Multimodal Navigation Terminal at Gwalior,MoPSW,"Ministry of Ports, Shipping and Waterways",SEC_INLAND,National Waterways & River Ports,Madhya Pradesh,Central,IWAI,23.138,78.2881,3280.85,3836.13,555.28,16.92,1774.9,46.3,78.4,2017-09-15,2021-08-13,2023-11-11,47,27,150.0,12,12,1,797,169.0,45.2,Approved,7.3,0,0.0,Low/Plains,0.7,0.35,2026-04-10,OCMS_Historical,Under Implementation,1,1
PAIMANA-SEC_AIR-2016-2122,Greenfield International Airport Terminal-91 & Parallel Runway at Karimnagar,MoCA,Ministry of Civil Aviation,SEC_AIR,Regional & Greenfield Airports,Telangana,South,AAI,18.0148,78.5026,3544.97,4067.49,522.52,14.74,2309.29,56.8,85.1,2016-04-12,2020-10-09,2021-11-08,54,13,150.0,13,13,1,414,1632.1,46.6,Approved,9.4,0,0.0,Low/Plains,0.71,0.61,2026-04-10,OCMS_Historical,Nearing Completion,1,1
PAIMANA-SEC_REN-2019-2123,Ultra Mega Solar Park (58 MW) with Battery Storage at Namchi,MNRE,Ministry of New and Renewable Energy,SEC_REN,Solar & Renewable Green Energy,Sikkim,North-East,SECI,27.4231,87.9767,2105.69,2165.51,59.82,2.84,1350.93,62.4,100.0,2019-06-19,2021-10-17,2021-10-17,28,0,150.0,30,30,0,0,276.9,89.6,Approved,8.6,0,0.0,Moderate/Plateau,0.22,0.65,2026-04-10,OCMS_Historical,Commissioned,0,0
PAIMANA-SEC_PWR_GEN-2022-2124,Ultra Mega Supercritical Thermal Power Project (20x800 MW) at Singrauli,MoP,Ministry of Power,SEC_PWR_GEN,Thermal & Hydro Power Generation,Madhya Pradesh,Central,NTPC,22.4086,79.1422,387.51,457.7,70.19,18.11,212.49,46.4,71.7,2022-04-17,2023-11-15,2025-09-13,19,22,150.0,41,41,1,657,348.0,74.5,Approved,4.8,1,250.93,Low/Plains,0.85,0.65,2026-04-10,PAIMANA_Live,Under Implementation,1,1
PAIMANA-SEC_HEALTH-2019-2125,All India Institute of Medical Sciences (AIIMS) 750-Bed Super-Specialty Campus at Vadodara,MoHFW,Ministry of Health and Family Welfare,SEC_HEALTH,AIIMS & Super-Specialty Medical Infra,Gujarat,West,MoHFW/HSCC,22.8329,71.0952,5417.37,6459.26,1041.89,19.23,3559.87,55.1,86.1,2019-01-16,2024-09-13,2026-12-12,68,27,128.0,39,32,7,844,51.1,70.4,Stage-I,7.5,2,123.98,Low/Plains,0.18,0.47,2026-04-10,OCMS_Historical,Nearing Completion,1,1
PAIMANA-SEC_METRO-2018-2126,Regional Rapid Transit System (RRTS) Semi High-Speed Line (Jammu-Baramulla),MoHUA,Ministry of Housing and Urban Affairs,SEC_METRO,Metro Rail & Urban Transit,Jammu & Kashmir,North,NCRTC,33.5979,77.1295,386.29,418.44,32.15,8.32,265.65,63.5,100.0,2018-07-27,2020-01-25,2020-01-25,18,0,150.0,18,18,0,0,972.3,88.2,Approved,4.6,0,0.0,High/Himalayan/Riverine,0.48,0.71,2026-04-10,OCMS_Historical,Commissioned,0,0
PAIMANA-SEC_PET-2021-2127,Integrated Petroleum Refinery Expansion & Polypropylene Unit at Kanpur,MoPNG,Ministry of Petroleum and Natural Gas,SEC_PET,Petroleum Pipelines & Refineries,Uttar Pradesh,North,IOCL,26.858,81.363,1530.13,1612.01,81.88,5.35,1006.99,62.5,100.0,2021-07-18,2023-12-16,2023-12-16,29,0,150.0,22,22,0,0,300.1,81.2,Approved,5.1,0,0.0,Moderate/Plateau,0.2,0.27,2026-04-10,PAIMANA_Live,Commissioned,0,0
PAIMANA-SEC_ATOM-2019-2128,Fast Breeder Reactor & Reprocessing Facility at Haldia,DAE,Department of Atomic Energy,SEC_ATOM,Atomic Energy & Nuclear Power,West Bengal,East,BHAVINI,23.3826,88.0499,560.62,749.78,189.16,33.74,318.71,42.5,66.4,2019-12-26,2022-04-25,2025-06-23,28,38,150.0,21,21,1,1184,1685.3,91.7,Approved,3.2,3,602.67,High/Himalayan/Riverine,0.38,0.43,2026-04-10,OCMS_Historical,Under Implementation,1,1
PAIMANA-SEC_LOG-2014-2129,Central Freight Logistics & Cold Chain Infrastructure Hub at Warangal,MoRTH,Ministry of Road Transport and Highways,SEC_LOG,Multimodal Logistics Parks (MMLP),Telangana,South,CONCOR,17.5768,79.2906,1079.96,1223.49,143.53,13.29,656.59,53.7,79.3,2014-11-07,2017-06-06,2018-11-04,31,17,150.0,12,11,1,527,1040.2,92.6,Approved,4.1,0,0.0,Low/Plains,0.37,0.3,2026-04-10,OCMS_Historical,Under Implementation,1,1
PAIMANA-SEC_ATOM-2022-2130,Pressurized Heavy Water Reactor Nuclear Power Unit (40x700 MWe) at Pakyong,DAE,Department of Atomic Energy,SEC_ATOM,Atomic Energy & Nuclear Power,Sikkim,North-East,NPCIL,27.7044,88.0177,1568.59,1876.15,307.56,19.61,779.76,41.6,68.2,2022-03-04,2024-07-02,2027-07-01,28,36,150.0,17,17,1,1103,1701.1,58.2,Stage-II Pending,6.2,0,0.0,Low/Plains,0.26,0.49,2026-04-10,PAIMANA_Live,Under Implementation,1,1
PAIMANA-SEC_PWR_TR-2015-2131,Green Energy Corridor Intra-State Transmission Scheme Phase-2 in Lucknow,MoP,Ministry of Power,SEC_PWR_TR,Power Transmission & Grid,Uttar Pradesh,North,POWERGRID,26.3244,80.9664,1557.59,1972.4,414.81,26.63,878.13,44.5,74.0,2015-11-23,2019-02-20,2021-04-20,39,26,150.0,24,24,1,794,830.2,93.6,Approved,3.9,2,369.29,High/Himalayan/Riverine,0.28,0.78,2026-04-10,OCMS_Historical,Under Implementation,1,1
PAIMANA-SEC_LOG-2020-2132,Central Freight Logistics & Cold Chain Infrastructure Hub at Bhubaneswar,MoRTH,Ministry of Road Transport and Highways,SEC_LOG,Multimodal Logistics Parks (MMLP),Odisha,East,CONCOR,21.2514,84.5972,1713.74,1885.4,171.66,10.02,883.93,46.9,77.9,2020-09-01,2023-09-30,2025-02-27,37,17,150.0,37,37,1,549,235.3,78.4,Stage-I,4.1,0,0.0,Low/Plains,0.66,0.63,2026-04-10,PAIMANA_Live,Under Implementation,0,1
PAIMANA-SEC_REN-2017-2133,Ultra Mega Solar Park (10 MW) with Battery Storage at Paradip,MNRE,Ministry of New and Renewable Energy,SEC_REN,Solar & Renewable Green Energy,Odisha,East,SECI,21.5366,84.7417,5316.83,5550.32,233.49,4.39,3429.53,61.8,100.0,2017-01-04,2022-07-03,2022-07-03,66,0,150.0,15,15,0,0,1666.9,92.8,Approved,5.5,0,0.0,Moderate/Plateau,0.53,0.47,2026-04-10,OCMS_Historical,Commissioned,0,0
PAIMANA-SEC_RLY-2017-2134,Dedicated Freight Corridor (Western/Eastern Phase-1) near Hubballi,MoR,Ministry of Railways,SEC_RLY,Railways & High-Speed Rail,Karnataka,South,DFCCIL,15.313,75.2326,1765.99,2157.47,391.48,22.17,951.78,44.1,76.7,2017-02-20,2020-06-20,2022-12-19,40,30,150.0,47,47,1,890,679.8,48.0,Stage-II Pending,4.2,0,0.0,High/Himalayan/Riverine,0.8,0.62,2026-04-10,OCMS_Historical,Under Implementation,1,1
PAIMANA-SEC_IRR-2022-2135,Lift Irrigation & Pressurized Piped Distribution Network in Singrauli,DoWR,"Department of Water Resources, RD & GR",SEC_IRR,National River Link & Irrigation,Madhya Pradesh,Central,WRD,22.9334,78.6856,910.19,1105.07,194.88,21.41,516.53,46.7,70.4,2022-07-02,2024-04-30,2026-04-29,22,24,150.0,36,36,1,748,1770.7,71.0,Approved,5.2,1,107.37,Low/Plains,0.88,0.82,2026-04-10,PAIMANA_Live,Under Implementation,1,1
PAIMANA-SEC_TEL-2014-2136,BharatNet Rural Optical Fiber Network Phase-2 across Warangal,DoT,Department of Telecommunications,SEC_TEL,Telecommunication & BharatNet Fiber,Telangana,South,BBNL,18.2309,78.4868,2868.34,3660.35,792.01,27.61,1353.24,37.0,65.7,2014-11-04,2017-11-02,2021-11-30,36,49,150.0,25,25,1,1476,1244.8,69.6,Stage-II Pending,4.3,3,570.4,Moderate/Plateau,0.19,0.39,2026-04-10,OCMS_Historical,Under Implementation,1,1
PAIMANA-SEC_METRO-2021-2137,Urban Light Rail Transit / MetroLite System for Coimbatore Smart City,MoHUA,Ministry of Housing and Urban Affairs,SEC_METRO,Metro Rail & Urban Transit,Tamil Nadu,South,Metro Rail Corp,11.1156,78.2016,3553.2,4222.22,669.02,18.83,1949.71,46.2,77.8,2021-02-14,2024-09-13,2026-12-12,43,27,144.3,39,38,1,844,568.9,81.3,Approved,6.9,0,0.0,Moderate/Plateau,0.12,0.47,2026-04-10,PAIMANA_Live,Under Implementation,1,1
PAIMANA-SEC_COAL-2021-2138,Mechanized Coal Washery & Pithead Rail Dispatch Facility (Guwahati),MoCoal,Ministry of Coal,SEC_COAL,Coal Mining & Washeries,Assam,North-East,BCCL,25.8043,92.6459,357.59,402.36,44.77,12.52,175.52,43.6,70.6,2021-06-27,2023-03-27,2025-04-25,21,25,150.0,14,14,1,792,1340.2,74.2,Approved,6.6,0,0.0,Moderate/Plateau,0.8,0.39,2026-04-10,PAIMANA_Live,Under Implementation,1,1
PAIMANA-SEC_AIR-2017-2139,Regional Airport Modernization & Runway Extension under UDAN at Inter-State Hub,MoCA,Ministry of Civil Aviation,SEC_AIR,Regional & Greenfield Airports,Multi-State / National,National,AAI,21.9666,78.8667,2024.62,2557.37,532.75,26.31,1115.63,43.6,70.6,2017-03-07,2020-07-05,2023-01-03,40,30,150.0,23,23,1,922,1658.8,77.1,Stage-I,7.9,4,785.34,Low/Plains,0.68,0.89,2026-04-10,OCMS_Historical,Under Implementation,1,1
PAIMANA-SEC_IRR-2019-2140,Lift Irrigation & Pressurized Piped Distribution Network in Vadodara,DoWR,"Department of Water Resources, RD & GR",SEC_IRR,National River Link & Irrigation,Gujarat,West,WRD,22.772,70.8535,2234.38,2896.61,662.23,29.64,1242.35,42.9,67.7,2019-02-14,2021-10-13,2024-08-11,32,34,150.0,27,27,1,1010,998.3,82.1,Stage-I,9.5,4,625.44,High/Himalayan/Riverine,0.13,0.72,2026-04-10,OCMS_Historical,Under Implementation,1,1
PAIMANA-SEC_TEL-2014-2141,BharatNet Rural Optical Fiber Network Phase-1 across Tiruchirappalli,DoT,Department of Telecommunications,SEC_TEL,Telecommunication & BharatNet Fiber,Tamil Nadu,South,BBNL,10.8888,78.1855,865.17,1002.86,137.69,15.91,423.86,42.3,70.9,2014-11-17,2017-01-15,2019-02-14,26,25,150.0,22,22,1,774,937.8,96.4,Exempted,8.2,3,342.33,Low/Plains,0.53,0.55,2026-04-10,OCMS_Historical,Under Implementation,1,1
PAIMANA-SEC_WATER-2023-2142,Comprehensive Sewage Treatment & River Cleaning Mission at Kannur,MoHUA,Ministry of Housing and Urban Affairs,SEC_WATER,Water Supply & Urban Sanitation,Kerala,South,NMCG,10.5995,76.5266,4240.89,4489.22,248.33,5.86,2237.46,49.8,71.3,2023-02-27,2026-11-26,2026-11-26,45,0,83.6,32,23,0,0,683.1,89.0,Approved,6.7,0,0.0,High/Himalayan/Riverine,0.68,0.21,2026-04-10,PAIMANA_Live,Under Implementation,0,0
PAIMANA-SEC_METRO-2017-2143,Regional Rapid Transit System (RRTS) Semi High-Speed Line (Rourkela-Jharsuguda),MoHUA,Ministry of Housing and Urban Affairs,SEC_METRO,Metro Rail & Urban Transit,Odisha,East,NCRTC,20.9584,85.4686,995.31,1125.44,130.13,13.07,571.36,50.8,75.6,2017-11-28,2020-04-27,2021-10-26,29,18,150.0,26,26,1,525,1790.6,81.6,Approved,4.2,0,0.0,Low/Plains,0.23,0.29,2026-04-10,OCMS_Historical,Under Implementation,1,1
PAIMANA-SEC_WATER-2015-2144,Urban 24x7 Water Supply & Advanced Smart Grid Pipeline in Inter-State Hub,MoHUA,Ministry of Housing and Urban Affairs,SEC_WATER,Water Supply & Urban Sanitation,Multi-State / National,National,Jal Nigam,21.9973,78.5182,1293.24,1523.03,229.79,17.77,768.33,50.4,76.3,2015-06-16,2017-11-13,2019-09-12,29,22,150.0,47,47,1,679,353.4,69.8,Exempted,3.5,0,0.0,Low/Plains,0.88,0.59,2026-04-10,OCMS_Historical,Under Implementation,1,1
PAIMANA-SEC_TEL-2018-2145,National 5G High-Density Core Network Infrastructure in Gwalior,DoT,Department of Telecommunications,SEC_TEL,Telecommunication & BharatNet Fiber,Madhya Pradesh,Central,BSNL,22.4174,78.1345,973.78,1121.39,147.61,15.16,495.07,44.1,66.9,2018-03-13,2019-11-11,2021-09-09,20,22,150.0,41,41,1,654,778.9,75.1,Stage-I,7.4,0,0.0,Moderate/Plateau,0.73,0.9,2026-04-10,OCMS_Historical,Under Implementation,1,1
PAIMANA-SEC_PWR_TR-2014-2146,Substation Automation & GIS Grid Augmentation at Ambala,MoP,Ministry of Power,SEC_PWR_TR,Power Transmission & Grid,Haryana,North,PGCIL,29.326,75.7454,1164.92,1277.24,112.32,9.64,801.11,62.7,100.0,2014-08-07,2016-06-05,2016-06-05,22,0,150.0,44,44,0,0,1715.0,92.4,Stage-II Pending,8.2,1,349.05,Low/Plains,0.73,0.59,2026-04-10,OCMS_Historical,Commissioned,0,0
PAIMANA-SEC_CHEM-2019-2147,Coal-Gasification Based Urea & Fertilizer Complex at Prayagraj,MoCF,Ministry of Chemicals and Fertilizers,SEC_CHEM,Fertilizer Plants & Petrochemicals,Uttar Pradesh,North,FCIL,26.9218,80.745,405.1,531.15,126.05,31.12,206.43,38.9,61.1,2019-05-08,2021-12-05,2025-09-03,31,45,150.0,13,13,1,1387,1617.8,82.6,Approved,5.7,4,67.55,High/Himalayan/Riverine,0.93,0.9,2026-04-10,OCMS_Historical,Under Implementation,1,1
PAIMANA-SEC_ATOM-2022-2148,Pressurized Heavy Water Reactor Nuclear Power Unit (12x700 MWe) at Dharmanagar,DAE,Department of Atomic Energy,SEC_ATOM,Atomic Energy & Nuclear Power,Tripura,North-East,NPCIL,24.3724,92.2359,292.24,414.38,122.14,41.79,143.48,34.6,64.0,2022-07-05,2024-11-02,2028-03-02,28,40,150.0,23,23,1,1213,742.3,56.9,Stage-II Pending,7.1,2,491.2,High/Himalayan/Riverine,0.53,0.65,2026-04-10,PAIMANA_Live,Under Implementation,1,1
PAIMANA-SEC_STEEL-2017-2149,Integrated Steel Plant Modernization & Pelletization Unit at Kakinada,MoSteel,Ministry of Steel,SEC_STEEL,Steel Plants & Metallurgy Units,Andhra Pradesh,South,SAIL,15.9333,80.2634,5220.7,6370.09,1149.39,22.02,3140.33,49.3,80.8,2017-12-18,2023-05-17,2025-05-15,65,24,150.0,42,42,1,743,1530.4,80.3,Stage-I,4.5,1,241.94,High/Himalayan/Riverine,0.13,0.26,2026-04-10,OCMS_Historical,Under Implementation,1,1
PAIMANA-SEC_ATOM-2023-2150,Fast Breeder Reactor & Reprocessing Facility at Belagavi,DAE,Department of Atomic Energy,SEC_ATOM,Atomic Energy & Nuclear Power,Karnataka,South,BHAVINI,14.8179,76.1997,513.37,680.18,166.81,32.49,239.28,35.2,56.7,2023-11-08,2025-08-07,2028-12-05,21,40,139.3,15,15,1,1201,1487.8,63.0,Approved,3.6,2,519.39,Moderate/Plateau,0.39,0.47,2026-04-10,PAIMANA_Live,Under Implementation,1,1
PAIMANA-SEC_HEAVY-2021-2151,Heavy Machine Tools & Engineering Foundry Unit in Nashik,MHI,Ministry of Heavy Industries,SEC_HEAVY,Heavy Engineering & Capital Goods,Maharashtra,West,HMT,19.6751,75.2063,447.55,509.16,61.61,13.77,216.51,42.5,65.7,2021-07-09,2023-01-07,2024-08-06,18,19,150.0,32,32,1,583,1404.0,79.9,Stage-I,7.9,0,0.0,Low/Plains,0.34,0.71,2026-04-10,PAIMANA_Live,Under Implementation,1,1
PAIMANA-SEC_HWY-2017-2152,Bharatmala Pariyojana 4/6-Lane Corridor from Pune to Thane,MoRTH,Ministry of Road Transport and Highways,SEC_HWY,Highways & Expressways,Maharashtra,West,NHAI,20.0654,76.117,157.0,178.71,21.71,13.83,78.67,44.0,66.9,2017-09-09,2019-03-10,2021-04-08,18,25,150.0,23,23,1,764,1627.9,76.9,Approved,5.9,0,0.0,Moderate/Plateau,0.21,0.63,2026-04-10,OCMS_Historical,Under Implementation,1,1
PAIMANA-SEC_TEL-2021-2153,National 5G High-Density Core Network Infrastructure in Kolkata,DoT,Department of Telecommunications,SEC_TEL,Telecommunication & BharatNet Fiber,West Bengal,East,BSNL,23.051,87.2939,625.53,747.78,122.25,19.54,311.39,41.6,66.3,2021-07-20,2023-03-20,2025-02-16,20,23,150.0,43,43,1,724,1425.3,57.3,Approved,7.0,1,275.49,Low/Plains,0.22,0.4,2026-04-10,PAIMANA_Live,Under Implementation,1,1
PAIMANA-SEC_REN-2015-2154,Ultra Mega Solar Park (27 MW) with Battery Storage at Kandla,MNRE,Ministry of New and Renewable Energy,SEC_REN,Solar & Renewable Green Energy,Gujarat,West,SECI,22.473,70.9148,326.58,397.21,70.63,21.63,177.96,44.8,67.2,2015-07-19,2017-01-16,2019-04-16,18,27,150.0,25,25,1,796,1044.6,87.7,Approved,5.1,2,153.79,Moderate/Plateau,0.89,0.58,2026-04-10,OCMS_Historical,Under Implementation,1,1
PAIMANA-SEC_PET-2014-2155,Green Hydrogen & Bio-Ethanol Mega Plant at Noida,MoPNG,Ministry of Petroleum and Natural Gas,SEC_PET,Petroleum Pipelines & Refineries,Uttar Pradesh,North,BPCL,27.3125,81.1685,5461.73,5922.54,460.81,8.44,3756.0,63.4,100.0,2014-07-18,2019-02-14,2019-02-14,55,0,150.0,16,16,0,0,914.1,78.8,Stage-I,9.4,0,0.0,Moderate/Plateau,0.49,0.74,2026-04-10,OCMS_Historical,Commissioned,0,0
PAIMANA-SEC_RLY-2018-2156,New Broad Gauge Rail Link Mumbai to Aurangabad with Major Bridges,MoR,Ministry of Railways,SEC_RLY,Railways & High-Speed Rail,Maharashtra,West,RVNL,20.3262,76.213,2995.7,3543.11,547.41,18.27,1629.47,46.0,76.6,2018-10-07,2022-03-06,2024-12-03,41,33,150.0,23,23,1,991,1292.7,52.6,Approved,4.8,0,0.0,Low/Plains,0.26,0.39,2026-04-10,OCMS_Historical,Under Implementation,1,1
PAIMANA-SEC_HWY-2022-2157,Greenfield Coastal Corridor Expressway (Jharsuguda-Angul Phase 1),MoRTH,Ministry of Road Transport and Highways,SEC_HWY,Highways & Expressways,Odisha,East,NHAI,21.076,85.3843,596.97,608.38,11.41,1.91,401.34,66.0,100.0,2022-04-19,2023-10-18,2023-10-18,18,0,150.0,37,37,0,0,820.1,97.3,Approved,4.9,0,0.0,Moderate/Plateau,0.71,0.63,2026-04-10,PAIMANA_Live,Commissioned,0,0
PAIMANA-SEC_METRO-2016-2158,Regional Rapid Transit System (RRTS) Semi High-Speed Line (Bhavnagar-Ahmedabad),MoHUA,Ministry of Housing and Urban Affairs,SEC_METRO,Metro Rail & Urban Transit,Gujarat,West,NCRTC,22.6552,71.4546,9753.88,10903.2,1149.32,11.78,6142.12,56.3,91.5,2016-08-23,2024-07-20,2025-12-18,95,17,122.0,43,40,1,552,1598.8,90.9,Exempted,4.1,0,0.0,Low/Plains,0.23,0.23,2026-04-10,OCMS_Historical,Nearing Completion,1,1
PAIMANA-SEC_IRR-2020-2159,Lift Irrigation & Pressurized Piped Distribution Network in Jagdalpur,DoWR,"Department of Water Resources, RD & GR",SEC_IRR,National River Link & Irrigation,Chhattisgarh,Central,WRD,21.546,81.8729,2916.92,3088.77,171.85,5.89,2005.95,64.9,100.0,2020-11-11,2024-03-11,2024-03-11,40,0,150.0,41,41,0,0,644.0,84.7,Approved,9.6,0,0.0,Low/Plains,0.89,0.89,2026-04-10,PAIMANA_Live,Commissioned,0,0
PAIMANA-SEC_HEALTH-2020-2160,All India Institute of Medical Sciences (AIIMS) 750-Bed Super-Specialty Campus at Ahmedabad,MoHFW,Ministry of Health and Family Welfare,SEC_HEALTH,AIIMS & Super-Specialty Medical Infra,Gujarat,West,MoHFW/HSCC,22.5165,70.7163,843.04,882.68,39.64,4.7,579.75,65.7,100.0,2020-05-27,2021-11-25,2021-11-25,18,0,150.0,38,38,0,0,756.1,85.5,Stage-I,4.3,0,0.0,Low/Plains,0.4,0.2,2026-04-10,PAIMANA_Live,Commissioned,0,0
PAIMANA-SEC_REN-2023-2161,Ultra Mega Solar Park (28 MW) with Battery Storage at Srinagar,MNRE,Ministry of New and Renewable Energy,SEC_REN,Solar & Renewable Green Energy,Jammu & Kashmir,North,SECI,33.4749,76.1842,157.0,196.81,39.81,25.36,68.04,34.6,55.5,2023-01-06,2024-07-06,2027-09-04,18,38,150.0,16,16,1,1164,1746.6,60.8,Stage-II Pending,3.3,0,0.0,High/Himalayan/Riverine,0.68,0.49,2026-04-10,PAIMANA_Live,Under Implementation,1,1
PAIMANA-SEC_REN-2017-2162,Green Ammonia & Hydrogen Renewable Energy Island at Kochi,MNRE,Ministry of New and Renewable Energy,SEC_REN,Solar & Renewable Green Energy,Kerala,South,SECI,10.6448,76.5326,10117.3,10871.69,754.39,7.46,6908.87,63.5,100.0,2017-06-03,2025-02-28,2025-02-28,93,0,114.5,21,21,0,0,1347.2,80.0,Stage-I,4.6,0,0.0,Low/Plains,0.54,0.54,2026-04-10,OCMS_Historical,Commissioned,0,0
PAIMANA-SEC_RLY-2017-2163,New Broad Gauge Rail Link Jamnagar to Surat with Major Bridges,MoR,Ministry of Railways,SEC_RLY,Railways & High-Speed Rail,Gujarat,West,RVNL,22.1316,70.7883,306.59,343.62,37.03,12.08,210.84,61.4,100.0,2017-07-19,2020-01-17,2020-01-17,30,0,150.0,47,46,0,0,433.4,81.7,Exempted,4.5,1,155.74,Moderate/Plateau,0.74,0.62,2026-04-10,OCMS_Historical,Commissioned,1,0
PAIMANA-SEC_WATER-2016-2164,Urban 24x7 Water Supply & Advanced Smart Grid Pipeline in Raipur,MoHUA,Ministry of Housing and Urban Affairs,SEC_WATER,Water Supply & Urban Sanitation,Chhattisgarh,Central,Jal Nigam,21.1501,82.3553,240.44,282.73,42.29,17.59,139.28,49.3,76.0,2016-01-26,2018-07-26,2020-07-24,30,24,150.0,13,13,1,713,828.2,55.7,Stage-I,5.4,0,0.0,Low/Plains,0.26,0.43,2026-04-10,OCMS_Historical,Under Implementation,1,1
PAIMANA-SEC_HEAVY-2023-2165,Heavy Electrical Equipment & Gas Turbine Manufacturing Facility at Hubballi,MHI,Ministry of Heavy Industries,SEC_HEAVY,Heavy Engineering & Capital Goods,Karnataka,South,BHEL,15.4317,76.1543,3032.21,3633.96,601.75,19.85,1050.53,28.9,44.9,2023-10-05,2026-11-02,2030-01-30,37,39,82.1,19,11,7,1167,1317.6,85.7,Stage-II Pending,6.2,1,79.67,Low/Plains,0.16,0.44,2026-04-10,PAIMANA_Live,Under Implementation,1,1
PAIMANA-SEC_INLAND-2015-2166,National Waterway NW-51 Multimodal Navigation Terminal at Ramagundam,MoPSW,"Ministry of Ports, Shipping and Waterways",SEC_INLAND,National Waterways & River Ports,Telangana,South,IWAI,17.7909,78.9002,11653.61,12103.21,449.6,3.86,7211.76,59.6,94.3,2015-10-07,2025-09-01,2025-09-01,119,0,106.2,33,23,0,0,907.7,95.3,Stage-II Pending,9.2,1,267.45,Moderate/Plateau,0.23,0.31,2026-04-10,OCMS_Historical,Nearing Completion,0,0
PAIMANA-SEC_WATER-2018-2167,Urban 24x7 Water Supply & Advanced Smart Grid Pipeline in Kandla,MoHUA,Ministry of Housing and Urban Affairs,SEC_WATER,Water Supply & Urban Sanitation,Gujarat,West,Jal Nigam,21.6641,71.3041,4275.54,5559.69,1284.15,30.03,2508.36,45.1,73.0,2018-08-11,2022-10-09,2025-07-08,50,33,150.0,44,44,1,999,878.6,58.2,Approved,3.6,0,0.0,High/Himalayan/Riverine,0.4,0.83,2026-04-10,OCMS_Historical,Under Implementation,1,1
PAIMANA-SEC_SMART-2022-2168,Industrial Smart City & Integrated Manufacturing Node at Patna,MoHUA,Ministry of Housing and Urban Affairs,SEC_SMART,Smart Cities & Industrial Corridors,Bihar,East,NICDC,25.4224,84.8335,1961.22,2273.78,312.56,15.94,990.99,43.6,70.9,2022-05-11,2024-12-08,2027-03-08,31,27,150.0,29,29,1,799,1096.9,57.0,Approved,5.1,1,282.46,Moderate/Plateau,0.55,0.4,2026-04-10,PAIMANA_Live,Under Implementation,1,1
PAIMANA-SEC_INLAND-2015-2169,Fairway Development & River Ro-Ro Terminal Facility in Lucknow,MoPSW,"Ministry of Ports, Shipping and Waterways",SEC_INLAND,National Waterways & River Ports,Uttar Pradesh,North,IWAI,26.8488,80.6297,2019.54,2508.29,488.75,24.2,1016.81,40.5,61.0,2015-05-08,2017-10-05,2021-06-03,29,44,150.0,45,45,1,1345,557.1,57.1,Approved,3.9,2,370.18,Moderate/Plateau,0.6,0.33,2026-04-10,OCMS_Historical,Under Implementation,1,1
PAIMANA-SEC_PORT-2019-2170,Port Connectivity Dedicated Rail-Sea Multimodal Corridor at Mangaluru,MoPSW,"Ministry of Ports, Shipping and Waterways",SEC_PORT,Major Ports & Maritime Channels,Karnataka,South,Sagarmala Dev,14.9552,75.3647,2582.08,2657.68,75.6,2.93,1759.78,66.2,100.0,2019-12-18,2022-11-16,2022-11-16,35,0,150.0,23,23,0,0,447.6,85.0,Stage-I,9.5,0,0.0,Low/Plains,0.22,0.41,2026-04-10,OCMS_Historical,Commissioned,0,0
PAIMANA-SEC_METRO-2016-2171,Metro Rail Project Phase-3 (Elevated & Underground Corridor Muzaffarpur-Bhagalpur),MoHUA,Ministry of Housing and Urban Affairs,SEC_METRO,Metro Rail & Urban Transit,Bihar,East,Metro Rail Corp,25.1002,85.6544,2360.41,2974.2,613.79,26.0,1276.88,42.9,68.7,2016-10-19,2020-09-16,2024-08-14,47,47,150.0,39,39,1,1405,474.6,89.8,Stage-II Pending,6.3,4,161.28,Low/Plains,0.42,0.62,2026-04-10,OCMS_Historical,Under Implementation,1,1
PAIMANA-SEC_MINE-2022-2172,Strategic Rare Earth & Bauxite Mining Complex at Vijayawada,MoMines,Ministry of Mines,SEC_MINE,Strategic Mineral Extraction,Andhra Pradesh,South,NALCO,15.8916,79.9302,1499.28,1615.18,115.9,7.73,1031.04,63.8,100.0,2022-04-27,2025-08-25,2025-08-25,40,0,119.2,22,19,0,0,268.5,77.6,Approved,6.0,1,194.98,Low/Plains,0.91,0.79,2026-04-10,PAIMANA_Live,Commissioned,0,0
PAIMANA-SEC_REN-2019-2173,Ultra Mega Solar Park (25 MW) with Battery Storage at Bhubaneswar,MNRE,Ministry of New and Renewable Energy,SEC_REN,Solar & Renewable Green Energy,Odisha,East,SECI,21.26,85.6851,1267.24,1434.93,167.69,13.23,613.74,42.8,68.7,2019-05-07,2022-01-03,2024-06-02,32,29,150.0,35,35,1,890,1665.7,84.2,Approved,3.6,0,0.0,Low/Plains,0.71,0.34,2026-04-10,OCMS_Historical,Under Implementation,1,1
PAIMANA-SEC_IRR-2016-2174,Lift Irrigation & Pressurized Piped Distribution Network in Bhagalpur,DoWR,"Department of Water Resources, RD & GR",SEC_IRR,National River Link & Irrigation,Bihar,East,WRD,25.2227,85.4992,1081.54,1195.64,114.1,10.55,684.61,57.3,92.3,2016-09-14,2018-11-13,2019-05-14,26,6,150.0,28,28,1,219,496.6,71.5,Approved,9.7,0,0.0,Low/Plains,0.16,0.59,2026-04-10,OCMS_Historical,Nearing Completion,0,1
PAIMANA-SEC_ATOM-2016-2175,Fast Breeder Reactor & Reprocessing Facility at Ayodhya,DAE,Department of Atomic Energy,SEC_ATOM,Atomic Energy & Nuclear Power,Uttar Pradesh,North,BHAVINI,26.8194,80.6882,560.79,628.6,67.81,12.09,310.36,49.4,73.5,2016-12-15,2018-06-15,2019-11-13,18,17,150.0,20,20,1,553,865.9,90.7,Approved,5.0,1,57.37,Low/Plains,0.75,0.67,2026-04-10,OCMS_Historical,Under Implementation,1,1
PAIMANA-SEC_RLY-2014-2176,High-Speed Rail Bullet Train Section 15 (Vijayawada-Tirupati),MoR,Ministry of Railways,SEC_RLY,Railways & High-Speed Rail,Andhra Pradesh,South,NHSRCL,16.4525,79.4066,879.16,960.56,81.4,9.26,479.84,50.0,76.0,2014-12-08,2016-09-06,2017-10-06,21,13,150.0,15,15,1,390,920.5,64.2,Stage-I,7.9,0,0.0,Low/Plains,0.56,0.52,2026-04-10,OCMS_Historical,Under Implementation,0,1
PAIMANA-SEC_HWY-2014-2177,Trans-Himalayan Highway Multi-Lane Tunnel & Approach Roads near Ramagundam,MoRTH,Ministry of Road Transport and Highways,SEC_HWY,Highways & Expressways,Telangana,South,NHIDCL,17.8501,79.2698,229.82,241.92,12.1,5.26,140.51,58.1,86.6,2014-07-01,2016-11-28,2017-06-28,29,7,150.0,21,21,1,220,1622.6,70.9,Approved,9.7,0,0.0,Low/Plains,0.65,0.42,2026-04-10,OCMS_Historical,Nearing Completion,0,1
PAIMANA-SEC_TEL-2014-2178,BharatNet Rural Optical Fiber Network Phase-4 across National Corridor,DoT,Department of Telecommunications,SEC_TEL,Telecommunication & BharatNet Fiber,Multi-State / National,National,BBNL,21.4149,79.5242,1045.43,1256.06,210.63,20.15,625.08,49.8,78.6,2014-01-19,2016-07-19,2017-08-18,30,13,150.0,26,26,1,402,1619.7,89.0,Approved,8.2,0,0.0,High/Himalayan/Riverine,0.12,0.89,2026-04-10,OCMS_Historical,Under Implementation,1,1
PAIMANA-SEC_HEAVY-2018-2179,Heavy Machine Tools & Engineering Foundry Unit in Barmer,MHI,Ministry of Heavy Industries,SEC_HEAVY,Heavy Engineering & Capital Goods,Rajasthan,North,HMT,27.214,74.0839,448.74,525.6,76.86,17.13,205.97,39.2,64.5,2018-05-23,2019-11-21,2021-11-19,18,24,150.0,39,39,1,729,731.7,57.8,Approved,5.0,0,0.0,Moderate/Plateau,0.46,0.25,2026-04-10,OCMS_Historical,Under Implementation,1,1
PAIMANA-SEC_TEL-2021-2180,BharatNet Rural Optical Fiber Network Phase-3 across Rourkela,DoT,Department of Telecommunications,SEC_TEL,Telecommunication & BharatNet Fiber,Odisha,East,BBNL,20.4718,85.1591,402.3,505.64,103.34,25.69,159.46,31.5,56.0,2021-07-25,2023-01-23,2026-08-22,18,43,150.0,39,39,1,1313,252.5,63.6,Stage-II Pending,5.5,3,117.11,Low/Plains,0.61,0.37,2026-04-10,PAIMANA_Live,Under Implementation,1,1
PAIMANA-SEC_HWY-2015-2181,Delhi-Mumbai Expressway Package 16 (Rourkela-Cuttack Section),MoRTH,Ministry of Road Transport and Highways,SEC_HWY,Highways & Expressways,Odisha,East,NHAI,20.6741,85.0126,1361.72,1626.46,264.74,19.44,804.38,49.5,80.2,2015-08-20,2018-12-18,2020-04-17,40,16,150.0,24,24,1,521,81.7,76.6,Approved,6.8,0,0.0,High/Himalayan/Riverine,0.41,0.76,2026-04-10,OCMS_Historical,Under Implementation,1,1
PAIMANA-SEC_STEEL-2017-2182,Integrated Steel Plant Modernization & Pelletization Unit at Mysuru,MoSteel,Ministry of Steel,SEC_STEEL,Steel Plants & Metallurgy Units,Karnataka,South,SAIL,15.5432,75.3214,4307.05,5165.22,858.17,19.92,2794.11,54.1,88.8,2017-09-27,2022-07-26,2024-01-24,58,18,150.0,48,48,1,547,1692.2,30.0,Approved,9.4,1,291.92,Low/Plains,0.56,0.88,2026-04-10,OCMS_Historical,Nearing Completion,1,1
PAIMANA-SEC_MINE-2020-2183,Copper Ore Underground Mine Expansion Project in Kanpur,MoMines,Ministry of Mines,SEC_MINE,Strategic Mineral Extraction,Uttar Pradesh,North,HCL,27.118,80.6275,2746.29,3047.12,300.83,10.95,1691.36,55.5,82.4,2020-12-23,2024-05-22,2025-10-20,41,17,150.0,16,15,1,509,944.1,77.2,Approved,8.3,2,499.66,Low/Plains,0.23,0.25,2026-04-10,PAIMANA_Live,Under Implementation,1,1
PAIMANA-SEC_LOG-2023-2184,Multimodal Logistics Park (MMLP) with Inland Container Depot at Bhavnagar,MoRTH,Ministry of Road Transport and Highways,SEC_LOG,Multimodal Logistics Parks (MMLP),Gujarat,West,NHLML,22.2649,71.6802,258.17,338.03,79.86,30.93,140.76,41.6,65.8,2023-01-27,2024-07-27,2026-06-26,18,23,150.0,26,26,1,718,736.6,60.9,Stage-II Pending,9.5,1,260.77,High/Himalayan/Riverine,0.28,0.9,2026-04-10,PAIMANA_Live,Under Implementation,1,1
PAIMANA-SEC_PORT-2018-2185,Port Connectivity Dedicated Rail-Sea Multimodal Corridor at Nizamabad,MoPSW,"Ministry of Ports, Shipping and Waterways",SEC_PORT,Major Ports & Maritime Channels,Telangana,South,Sagarmala Dev,18.3277,78.8845,448.3,476.91,28.61,6.38,308.3,64.6,100.0,2018-04-15,2019-10-14,2019-10-14,18,0,150.0,37,37,0,0,681.9,83.9,Approved,5.5,0,0.0,Low/Plains,0.22,0.46,2026-04-10,OCMS_Historical,Commissioned,0,0
PAIMANA-SEC_METRO-2020-2186,Regional Rapid Transit System (RRTS) Semi High-Speed Line (Mumbai-Nagpur),MoHUA,Ministry of Housing and Urban Affairs,SEC_METRO,Metro Rail & Urban Transit,Maharashtra,West,NCRTC,20.1632,75.1272,2805.51,3081.26,275.75,9.83,1582.83,51.4,85.1,2020-09-26,2023-09-25,2024-09-23,36,12,150.0,35,35,1,397,1706.3,74.1,Approved,9.7,1,207.88,Moderate/Plateau,0.23,0.21,2026-04-10,PAIMANA_Live,Nearing Completion,0,1
PAIMANA-SEC_MINE-2018-2187,Strategic Rare Earth & Bauxite Mining Complex at Mumbai,MoMines,Ministry of Mines,SEC_MINE,Strategic Mineral Extraction,Maharashtra,West,NALCO,19.8621,75.4087,451.35,539.91,88.56,19.62,220.11,40.8,70.4,2018-06-02,2020-10-30,2023-01-28,29,27,150.0,47,47,1,818,252.0,59.6,Approved,4.6,0,0.0,Low/Plains,0.17,0.5,2026-04-10,OCMS_Historical,Under Implementation,1,1
PAIMANA-SEC_HWY-2020-2188,Economic Corridor NH-56 6-Lane Access Controlled Highway (Warangal),MoRTH,Ministry of Road Transport and Highways,SEC_HWY,Highways & Expressways,Telangana,South,NHAI,18.5778,78.9897,927.23,1216.96,289.73,31.25,503.02,41.3,68.4,2020-08-21,2023-05-21,2026-12-18,33,43,150.0,25,25,1,1319,1572.9,47.4,Approved,3.8,2,256.61,Low/Plains,0.84,0.83,2026-04-10,PAIMANA_Live,Under Implementation,1,1
PAIMANA-SEC_LOG-2018-2189,Central Freight Logistics & Cold Chain Infrastructure Hub at Bengaluru,MoRTH,Ministry of Road Transport and Highways,SEC_LOG,Multimodal Logistics Parks (MMLP),Karnataka,South,CONCOR,15.0829,76.0897,1935.57,2401.48,465.91,24.07,964.63,40.2,63.5,2018-02-20,2020-05-20,2023-05-19,27,36,150.0,44,44,1,1086,1064.3,77.7,Approved,9.2,3,315.5,Moderate/Plateau,0.3,0.72,2026-04-10,OCMS_Historical,Under Implementation,1,1
PAIMANA-SEC_MINE-2023-2190,Strategic Rare Earth & Bauxite Mining Complex at Tiruchirappalli,MoMines,Ministry of Mines,SEC_MINE,Strategic Mineral Extraction,Tamil Nadu,South,NALCO,10.8419,79.0846,457.46,568.3,110.84,24.23,231.83,40.8,65.0,2023-09-25,2026-03-25,2028-06-22,30,27,102.3,37,31,6,815,1302.8,60.4,Approved,9.7,2,322.01,Low/Plains,0.34,0.31,2026-04-10,PAIMANA_Live,Under Implementation,1,1
PAIMANA-SEC_WATER-2015-2191,Comprehensive Sewage Treatment & River Cleaning Mission at Vijayawada,MoHUA,Ministry of Housing and Urban Affairs,SEC_WATER,Water Supply & Urban Sanitation,Andhra Pradesh,South,NMCG,16.3201,79.2361,1268.66,1525.83,257.17,20.27,696.42,45.6,74.6,2015-09-28,2018-07-27,2021-01-24,34,30,150.0,40,40,1,896,963.4,74.1,Exempted,8.3,2,307.58,Low/Plains,0.54,0.34,2026-04-10,OCMS_Historical,Under Implementation,1,1
PAIMANA-SEC_LOG-2022-2192,Central Freight Logistics & Cold Chain Infrastructure Hub at Srinagar,MoRTH,Ministry of Road Transport and Highways,SEC_LOG,Multimodal Logistics Parks (MMLP),Jammu & Kashmir,North,CONCOR,33.883,76.1655,323.2,438.1,114.9,35.55,165.35,37.7,64.0,2022-03-16,2023-09-14,2026-05-13,18,32,150.0,47,46,1,994,336.5,85.5,Stage-I,5.3,2,398.49,High/Himalayan/Riverine,0.75,0.81,2026-04-10,PAIMANA_Live,Under Implementation,1,1
PAIMANA-SEC_COAL-2023-2193,Mechanized Coal Washery & Pithead Rail Dispatch Facility (Chennai),MoCoal,Ministry of Coal,SEC_COAL,Coal Mining & Washeries,Tamil Nadu,South,BCCL,11.7198,78.7755,648.27,801.37,153.1,23.62,348.19,43.4,68.7,2023-09-22,2025-09-20,2028-02-18,24,29,128.4,17,17,1,874,207.5,86.4,Approved,5.4,2,315.3,Moderate/Plateau,0.3,0.86,2026-04-10,PAIMANA_Live,Under Implementation,1,1
PAIMANA-SEC_PET-2023-2194,Integrated Petroleum Refinery Expansion & Polypropylene Unit at Deoghar,MoPNG,Ministry of Petroleum and Natural Gas,SEC_PET,Petroleum Pipelines & Refineries,Jharkhand,East,IOCL,23.8242,85.5684,1555.26,1836.32,281.06,18.07,608.84,33.2,55.0,2023-06-27,2026-11-24,2028-10-23,41,23,82.1,40,27,5,713,206.7,85.1,Approved,6.1,0,0.0,Low/Plains,0.39,0.66,2026-04-10,PAIMANA_Live,Under Implementation,1,1
PAIMANA-SEC_IRR-2022-2195,National River Interlinking Canal & Barrage System (Kozhikode-Thiruvananthapuram),DoWR,"Department of Water Resources, RD & GR",SEC_IRR,National River Link & Irrigation,Kerala,South,NWDA,10.706,76.6922,252.72,273.59,20.87,8.26,173.8,63.5,100.0,2022-02-14,2024-07-14,2024-07-14,29,0,150.0,44,44,0,0,1732.1,81.9,Approved,4.1,0,0.0,Moderate/Plateau,0.73,0.88,2026-04-10,PAIMANA_Live,Commissioned,0,0
PAIMANA-SEC_LOG-2016-2196,Multimodal Logistics Park (MMLP) with Inland Container Depot at Salem,MoRTH,Ministry of Road Transport and Highways,SEC_LOG,Multimodal Logistics Parks (MMLP),Tamil Nadu,South,NHLML,10.5644,78.8118,1744.21,2054.51,310.3,17.79,950.53,46.3,68.7,2016-11-17,2019-02-15,2021-07-15,27,29,150.0,33,33,1,862,623.4,88.2,Approved,4.2,0,0.0,Low/Plains,0.77,0.28,2026-04-10,OCMS_Historical,Under Implementation,1,1
PAIMANA-SEC_RLY-2022-2197,Himalayan Strategic Rail Network Rail Tunnel Complex near Hubballi,MoR,Ministry of Railways,SEC_RLY,Railways & High-Speed Rail,Karnataka,South,IRCON,15.7381,75.6631,1126.59,1373.73,247.14,21.94,612.47,44.6,70.6,2022-11-28,2024-10-27,2027-02-25,23,28,150.0,41,41,1,863,178.4,52.4,Approved,4.5,1,252.64,Low/Plains,0.15,0.8,2026-04-10,PAIMANA_Live,Under Implementation,1,1
PAIMANA-SEC_MINE-2022-2198,Copper Ore Underground Mine Expansion Project in Tiruchirappalli,MoMines,Ministry of Mines,SEC_MINE,Strategic Mineral Extraction,Tamil Nadu,South,HCL,11.0145,78.2158,1940.06,2321.02,380.96,19.64,922.5,39.7,64.5,2022-11-19,2025-12-17,2028-08-15,37,32,110.6,48,48,1,950,953.1,63.7,Exempted,4.7,0,0.0,Moderate/Plateau,0.47,0.6,2026-04-10,PAIMANA_Live,Under Implementation,1,1
PAIMANA-SEC_HEALTH-2014-2199,National Centre for Disease Control & Bio-Safety Level 4 Lab at Bokaro,MoHFW,Ministry of Health and Family Welfare,SEC_HEALTH,AIIMS & Super-Specialty Medical Infra,Jharkhand,East,MoHFW,23.4015,85.3937,1419.88,1513.47,93.59,6.59,976.44,64.5,100.0,2014-09-05,2016-08-04,2016-08-04,23,0,150.0,27,27,0,0,1659.8,75.9,Approved,6.0,0,0.0,Moderate/Plateau,0.78,0.55,2026-04-10,OCMS_Historical,Commissioned,0,0
PAIMANA-SEC_INLAND-2016-2200,National Waterway NW-88 Multimodal Navigation Terminal at Indore,MoPSW,"Ministry of Ports, Shipping and Waterways",SEC_INLAND,National Waterways & River Ports,Madhya Pradesh,Central,IWAI,23.4257,78.3148,4194.54,4505.19,310.65,7.41,2776.94,61.6,100.0,2016-11-09,2021-06-08,2021-06-08,55,0,150.0,45,45,0,0,1426.0,93.2,Stage-I,3.8,0,0.0,Low/Plains,0.53,0.55,2026-04-10,OCMS_Historical,Commissioned,0,0
PAIMANA-SEC_HEAVY-2014-2201,Heavy Machine Tools & Engineering Foundry Unit in Kollam,MHI,Ministry of Heavy Industries,SEC_HEAVY,Heavy Engineering & Capital Goods,Kerala,South,HMT,10.7026,76.5844,1292.81,1311.18,18.37,1.42,863.4,65.8,100.0,2014-10-03,2016-12-01,2016-12-01,26,0,150.0,26,26,0,0,1323.6,95.8,Approved,9.5,0,0.0,Low/Plains,0.36,0.4,2026-04-10,OCMS_Historical,Commissioned,0,0
PAIMANA-SEC_HWY-2016-2202,Economic Corridor NH-51 6-Lane Access Controlled Highway (Ayodhya),MoRTH,Ministry of Road Transport and Highways,SEC_HWY,Highways & Expressways,Uttar Pradesh,North,NHAI,27.1814,80.6803,763.32,950.14,186.82,24.47,380.81,40.1,66.1,2016-05-08,2018-11-06,2021-11-04,30,36,150.0,32,32,1,1087,1594.1,57.9,Stage-II Pending,6.5,1,204.92,Moderate/Plateau,0.38,0.52,2026-04-10,OCMS_Historical,Under Implementation,1,1
PAIMANA-SEC_HWY-2017-2203,National Highway NH-23 Widening & Bypass at Belagavi,MoRTH,Ministry of Road Transport and Highways,SEC_HWY,Highways & Expressways,Karnataka,South,MoRTH,15.9162,76.2668,1289.22,1478.04,188.82,14.65,707.84,47.9,75.7,2017-07-27,2020-01-25,2021-12-24,30,23,150.0,44,44,1,730,1267.7,72.6,Approved,5.1,1,118.95,Low/Plains,0.81,0.42,2026-04-10,OCMS_Historical,Under Implementation,1,1
PAIMANA-SEC_METRO-2020-2204,Regional Rapid Transit System (RRTS) Semi High-Speed Line (Mumbai-Nagpur),MoHUA,Ministry of Housing and Urban Affairs,SEC_METRO,Metro Rail & Urban Transit,Maharashtra,West,NCRTC,20.2376,75.2758,1923.19,2018.88,95.69,4.98,1286.85,63.7,100.0,2020-01-13,2023-04-12,2023-04-12,39,0,150.0,41,41,0,0,490.6,89.2,Approved,6.5,1,233.42,Moderate/Plateau,0.89,0.36,2026-04-10,PAIMANA_Live,Commissioned,0,0
PAIMANA-SEC_RLY-2018-2205,New Broad Gauge Rail Link Jagdalpur to Korba with Major Bridges,MoR,Ministry of Railways,SEC_RLY,Railways & High-Speed Rail,Chhattisgarh,Central,RVNL,21.411,81.9741,1202.34,1535.54,333.2,27.71,698.52,45.5,70.3,2018-03-20,2021-04-17,2024-02-14,37,34,150.0,36,36,1,1005,186.3,36.6,Approved,4.8,0,0.0,High/Himalayan/Riverine,0.67,0.75,2026-04-10,OCMS_Historical,Under Implementation,1,1
PAIMANA-SEC_HEAVY-2016-2206,Heavy Machine Tools & Engineering Foundry Unit in Surat,MHI,Ministry of Heavy Industries,SEC_HEAVY,Heavy Engineering & Capital Goods,Gujarat,West,HMT,21.9552,71.2226,1192.93,1552.0,359.07,30.1,642.87,41.4,69.3,2016-10-24,2019-12-23,2023-04-22,38,40,150.0,27,27,1,1220,845.0,83.1,Stage-II Pending,3.4,0,0.0,High/Himalayan/Riverine,0.67,0.84,2026-04-10,OCMS_Historical,Under Implementation,1,1
PAIMANA-SEC_RLY-2022-2207,Dedicated Freight Corridor (Western/Eastern Phase-3) near Visakhapatnam,MoR,Ministry of Railways,SEC_RLY,Railways & High-Speed Rail,Andhra Pradesh,South,DFCCIL,15.3725,80.3147,589.17,725.59,136.42,23.15,269.95,37.2,64.2,2022-05-20,2024-04-18,2027-04-17,23,36,150.0,18,18,1,1113,460.1,41.8,Approved,7.2,1,237.86,Low/Plains,0.79,0.57,2026-04-10,PAIMANA_Live,Under Implementation,1,1
PAIMANA-SEC_IRR-2020-2208,National River Interlinking Canal & Barrage System (Silchar-Guwahati),DoWR,"Department of Water Resources, RD & GR",SEC_IRR,National River Link & Irrigation,Assam,North-East,NWDA,25.7834,93.1003,611.46,772.4,160.94,26.32,253.1,32.8,57.9,2020-03-27,2021-09-25,2024-10-23,18,37,150.0,31,31,1,1150,1717.9,61.4,Stage-II Pending,5.1,1,239.78,Moderate/Plateau,0.26,0.35,2026-04-10,PAIMANA_Live,Under Implementation,1,1
PAIMANA-SEC_HEALTH-2021-2209,All India Institute of Medical Sciences (AIIMS) 750-Bed Super-Specialty Campus at Coimbatore,MoHFW,Ministry of Health and Family Welfare,SEC_HEALTH,AIIMS & Super-Specialty Medical Infra,Tamil Nadu,South,MoHFW/HSCC,11.1494,78.3371,302.82,361.56,58.74,19.4,174.35,48.2,72.8,2021-03-02,2023-10-30,2025-08-28,32,22,150.0,46,46,1,664,654.5,34.7,Stage-I,9.6,0,0.0,Moderate/Plateau,0.79,0.66,2026-04-10,PAIMANA_Live,Under Implementation,1,1
PAIMANA-SEC_METRO-2014-2210,Metro Rail Project Phase-4 (Elevated & Underground Corridor Tiruchirappalli-Tuticorin),MoHUA,Ministry of Housing and Urban Affairs,SEC_METRO,Metro Rail & Urban Transit,Tamil Nadu,South,Metro Rail Corp,10.6852,78.0621,6049.34,6923.99,874.65,14.46,4060.02,58.6,88.4,2014-10-16,2020-11-12,2022-11-11,73,24,150.0,39,39,1,740,172.6,60.7,Approved,3.3,0,0.0,Moderate/Plateau,0.35,0.4,2026-04-10,OCMS_Historical,Nearing Completion,1,1
PAIMANA-SEC_CHEM-2019-2211,Coal-Gasification Based Urea & Fertilizer Complex at Dwarka,MoCF,Ministry of Chemicals and Fertilizers,SEC_CHEM,Fertilizer Plants & Petrochemicals,Delhi NCR,North,FCIL,28.693,76.6471,352.11,479.68,127.57,36.23,177.37,37.0,57.6,2019-04-21,2020-10-19,2024-06-17,18,44,150.0,40,40,1,1364,1413.5,74.2,Stage-II Pending,5.8,2,285.68,High/Himalayan/Riverine,0.38,0.51,2026-04-10,OCMS_Historical,Under Implementation,1,1
PAIMANA-SEC_REN-2019-2212,Ultra Mega Solar Park (11 MW) with Battery Storage at Solapur,MNRE,Ministry of New and Renewable Energy,SEC_REN,Solar & Renewable Green Energy,Maharashtra,West,SECI,19.4224,75.2173,594.28,686.38,92.1,15.5,289.94,42.2,66.8,2019-04-03,2021-01-30,2022-10-30,22,21,150.0,42,42,1,621,1709.4,46.2,Approved,9.3,0,0.0,Low/Plains,0.4,0.52,2026-04-10,OCMS_Historical,Under Implementation,1,1
PAIMANA-SEC_LOG-2016-2213,Multimodal Logistics Park (MMLP) with Inland Container Depot at Mysuru,MoRTH,Ministry of Road Transport and Highways,SEC_LOG,Multimodal Logistics Parks (MMLP),Karnataka,South,NHLML,15.7333,75.4578,580.05,588.79,8.74,1.51,387.84,65.9,100.0,2016-01-05,2018-03-05,2018-03-05,26,0,150.0,16,16,0,0,1489.6,90.3,Stage-II Pending,3.4,0,0.0,Moderate/Plateau,0.29,0.35,2026-04-10,OCMS_Historical,Commissioned,0,0
PAIMANA-SEC_HEAVY-2014-2214,Heavy Machine Tools & Engineering Foundry Unit in Srinagar,MHI,Ministry of Heavy Industries,SEC_HEAVY,Heavy Engineering & Capital Goods,Jammu & Kashmir,North,HMT,33.2638,76.5417,2685.94,3362.89,676.95,25.2,1708.48,50.8,79.0,2014-05-16,2018-03-14,2019-12-12,46,21,150.0,13,13,1,664,498.2,65.9,Approved,9.2,0,0.0,High/Himalayan/Riverine,0.56,0.8,2026-04-10,OCMS_Historical,Under Implementation,1,1
PAIMANA-SEC_RLY-2022-2215,Himalayan Strategic Rail Network Rail Tunnel Complex near Amritsar,MoR,Ministry of Railways,SEC_RLY,Railways & High-Speed Rail,Punjab,North,IRCON,30.9627,75.6316,867.32,975.15,107.83,12.43,497.71,51.0,74.8,2022-06-03,2025-03-02,2026-11-30,33,21,140.8,27,27,1,620,563.3,73.2,Approved,4.6,0,0.0,Moderate/Plateau,0.31,0.4,2026-04-10,PAIMANA_Live,Under Implementation,1,1
PAIMANA-SEC_PWR_TR-2019-2216,Green Energy Corridor Intra-State Transmission Scheme Phase-1 in Bengaluru,MoP,Ministry of Power,SEC_PWR_TR,Power Transmission & Grid,Karnataka,South,POWERGRID,14.7309,75.4089,3755.44,3929.03,173.59,4.62,2582.59,65.7,100.0,2019-08-09,2023-10-07,2023-10-07,50,0,150.0,37,37,0,0,56.3,86.1,Approved,6.5,0,0.0,Low/Plains,0.34,0.29,2026-04-10,OCMS_Historical,Commissioned,0,0
PAIMANA-SEC_HWY-2018-2217,Delhi-Mumbai Expressway Package 7 (Kolkata-Kharagpur Section),MoRTH,Ministry of Road Transport and Highways,SEC_HWY,Highways & Expressways,West Bengal,East,NHAI,23.3095,88.1756,605.34,742.93,137.59,22.73,289.04,38.9,66.7,2018-06-10,2020-01-08,2022-07-08,19,30,150.0,46,46,1,923,1115.9,54.1,Stage-II Pending,5.5,1,26.3,Low/Plains,0.92,0.89,2026-04-10,OCMS_Historical,Under Implementation,1,1
PAIMANA-SEC_RLY-2017-2218,Himalayan Strategic Rail Network Rail Tunnel Complex near Gwalior,MoR,Ministry of Railways,SEC_RLY,Railways & High-Speed Rail,Madhya Pradesh,Central,IRCON,22.7124,78.5817,1496.15,1695.86,199.71,13.35,838.47,49.4,81.7,2017-09-12,2021-01-10,2022-06-10,40,17,150.0,47,47,1,537,160.2,96.3,Exempted,6.7,0,0.0,Low/Plains,0.61,0.85,2026-04-10,OCMS_Historical,Under Implementation,1,1
PAIMANA-SEC_HEAVY-2017-2219,Heavy Electrical Equipment & Gas Turbine Manufacturing Facility at Gwalior,MHI,Ministry of Heavy Industries,SEC_HEAVY,Heavy Engineering & Capital Goods,Madhya Pradesh,Central,BHEL,22.9801,79.2148,519.06,633.78,114.72,22.1,286.01,45.1,73.5,2017-04-24,2019-03-24,2021-02-20,23,23,150.0,33,33,1,678,1496.4,94.2,Approved,8.2,3,559.35,Low/Plains,0.42,0.28,2026-04-10,OCMS_Historical,Under Implementation,1,1
PAIMANA-SEC_HEALTH-2021-2220,All India Institute of Medical Sciences (AIIMS) 750-Bed Super-Specialty Campus at Silchar,MoHFW,Ministry of Health and Family Welfare,SEC_HEALTH,AIIMS & Super-Specialty Medical Infra,Assam,North-East,MoHFW/HSCC,26.628,92.5119,8808.73,10307.22,1498.49,17.01,3754.81,36.4,55.2,2021-01-20,2028-04-17,2030-01-15,87,21,72.3,14,7,5,659,817.7,40.0,Approved,8.6,1,115.68,Low/Plains,0.41,0.64,2026-04-10,PAIMANA_Live,Under Implementation,1,1
PAIMANA-SEC_ATOM-2020-2221,Fast Breeder Reactor & Reprocessing Facility at Dehradun,DAE,Department of Atomic Energy,SEC_ATOM,Atomic Energy & Nuclear Power,Uttarakhand,North,BHAVINI,30.4253,79.226,371.44,417.48,46.04,12.4,186.29,44.6,73.3,2020-02-04,2022-02-02,2023-06-03,24,16,150.0,46,46,1,486,1056.1,82.7,Approved,8.9,0,0.0,Low/Plains,0.45,0.79,2026-04-10,PAIMANA_Live,Under Implementation,1,1
PAIMANA-SEC_REN-2016-2222,Offshore & Onshore Hybrid Wind-Solar Power Hub in Kozhikode,MNRE,Ministry of New and Renewable Energy,SEC_REN,Solar & Renewable Green Energy,Kerala,South,NTPC-REL,11.325,75.767,1540.61,1688.04,147.43,9.57,1059.47,62.8,100.0,2016-01-11,2018-08-10,2018-08-10,31,0,150.0,42,42,0,0,660.9,85.4,Stage-II Pending,7.0,1,154.71,Low/Plains,0.72,0.63,2026-04-10,OCMS_Historical,Commissioned,0,0
PAIMANA-SEC_PET-2018-2223,Green Hydrogen & Bio-Ethanol Mega Plant at Cuttack,MoPNG,Ministry of Petroleum and Natural Gas,SEC_PET,Petroleum Pipelines & Refineries,Odisha,East,BPCL,21.1954,85.19,2095.81,2443.57,347.76,16.59,1110.67,45.5,73.5,2018-07-24,2021-01-21,2023-06-21,30,29,150.0,48,47,1,881,414.5,94.0,Approved,6.8,3,583.71,Low/Plains,0.14,0.25,2026-04-10,OCMS_Historical,Under Implementation,1,1
PAIMANA-SEC_HWY-2019-2224,Trans-Himalayan Highway Multi-Lane Tunnel & Approach Roads near Dehradun,MoRTH,Ministry of Road Transport and Highways,SEC_HWY,Highways & Expressways,Uttarakhand,North,NHIDCL,29.8636,79.3944,1700.56,2003.71,303.15,17.83,971.38,48.5,73.1,2019-04-01,2021-08-29,2023-06-28,29,22,150.0,36,36,1,653,764.7,37.6,Approved,8.7,0,0.0,Low/Plains,0.33,0.4,2026-04-10,OCMS_Historical,Under Implementation,1,1
PAIMANA-SEC_ATOM-2017-2225,Fast Breeder Reactor & Reprocessing Facility at Tuticorin,DAE,Department of Atomic Energy,SEC_ATOM,Atomic Energy & Nuclear Power,Tamil Nadu,South,BHAVINI,11.5586,78.7609,962.55,1092.63,130.08,13.51,531.53,48.6,75.0,2017-01-13,2019-08-13,2021-02-10,31,18,150.0,27,27,1,527,1234.2,78.3,Stage-II Pending,9.6,1,241.4,Moderate/Plateau,0.63,0.3,2026-04-10,OCMS_Historical,Under Implementation,1,1
PAIMANA-SEC_LOG-2015-2226,Central Freight Logistics & Cold Chain Infrastructure Hub at Mangaluru,MoRTH,Ministry of Road Transport and Highways,SEC_LOG,Multimodal Logistics Parks (MMLP),Karnataka,South,CONCOR,15.4067,76.1032,1014.63,1127.67,113.04,11.14,495.99,44.0,71.8,2015-03-02,2017-05-30,2019-02-27,27,21,150.0,13,13,1,653,824.4,76.2,Exempted,4.0,0,0.0,Low/Plains,0.22,0.47,2026-04-10,OCMS_Historical,Under Implementation,1,1
PAIMANA-SEC_ATOM-2014-2227,Fast Breeder Reactor & Reprocessing Facility at Madurai,DAE,Department of Atomic Energy,SEC_ATOM,Atomic Energy & Nuclear Power,Tamil Nadu,South,BHAVINI,10.8701,78.7251,1196.59,1501.28,304.69,25.46,635.02,42.3,71.4,2014-01-20,2017-03-20,2020-08-17,38,41,150.0,39,39,1,1273,141.1,50.3,Approved,5.5,2,88.86,Moderate/Plateau,0.51,0.79,2026-04-10,OCMS_Historical,Under Implementation,1,1
PAIMANA-SEC_HEAVY-2018-2228,Heavy Machine Tools & Engineering Foundry Unit in Vadodara,MHI,Ministry of Heavy Industries,SEC_HEAVY,Heavy Engineering & Capital Goods,Gujarat,West,HMT,22.7223,71.6067,998.2,1171.47,173.27,17.36,533.72,45.6,71.6,2018-12-10,2021-05-09,2023-08-07,29,27,150.0,26,26,1,835,1365.3,69.7,Approved,3.4,1,112.05,Low/Plains,0.52,0.25,2026-04-10,OCMS_Historical,Under Implementation,1,1
PAIMANA-SEC_STEEL-2020-2229,Specialty Alloy & Hot Rolled Coil Expansion Facility at Jabalpur,MoSteel,Ministry of Steel,SEC_STEEL,Steel Plants & Metallurgy Units,Madhya Pradesh,Central,RINL,22.8811,78.5941,2867.78,3514.87,647.09,22.56,1360.42,38.7,67.8,2020-07-06,2023-10-04,2027-03-03,39,41,150.0,35,35,1,1218,1297.0,88.8,Approved,7.5,4,933.83,Moderate/Plateau,0.45,0.42,2026-04-10,PAIMANA_Live,Under Implementation,1,1
PAIMANA-SEC_AIR-2021-2230,Greenfield International Airport Terminal-60 & Parallel Runway at Aizawl,MoCA,Ministry of Civil Aviation,SEC_AIR,Regional & Greenfield Airports,Mizoram,North-East,AAI,22.841,93.2086,9373.14,12122.12,2748.98,29.33,2935.58,24.2,40.8,2021-11-05,2030-01-31,2034-01-29,99,48,53.9,37,17,12,1476,919.4,82.7,Stage-II Pending,4.0,4,1380.59,High/Himalayan/Riverine,0.52,0.37,2026-04-10,PAIMANA_Live,Under Implementation,1,1
PAIMANA-SEC_PET-2020-2231,Strategic Petroleum Reserve Underground Rock Caverns at Bhopal,MoPNG,Ministry of Petroleum and Natural Gas,SEC_PET,Petroleum Pipelines & Refineries,Madhya Pradesh,Central,ISPRL,22.6678,78.4486,675.86,751.3,75.44,11.16,455.64,60.6,100.0,2020-08-26,2022-04-26,2022-04-26,20,0,150.0,32,32,0,0,410.4,87.8,Approved,8.1,1,36.0,High/Himalayan/Riverine,0.12,0.61,2026-04-10,PAIMANA_Live,Commissioned,1,0
PAIMANA-SEC_IRR-2023-2232,Lift Irrigation & Pressurized Piped Distribution Network in Jorhat,DoWR,"Department of Water Resources, RD & GR",SEC_IRR,National River Link & Irrigation,Assam,North-East,WRD,26.7209,92.4335,312.4,350.61,38.21,12.23,175.02,49.9,73.3,2023-05-02,2025-06-30,2027-05-30,26,23,136.6,28,26,1,681,110.0,69.1,Approved,6.9,0,0.0,Moderate/Plateau,0.68,0.27,2026-04-10,PAIMANA_Live,Under Implementation,1,1
PAIMANA-SEC_INLAND-2022-2233,National Waterway NW-37 Multimodal Navigation Terminal at Ayodhya,MoPSW,"Ministry of Ports, Shipping and Waterways",SEC_INLAND,National Waterways & River Ports,Uttar Pradesh,North,IWAI,26.9993,81.0177,1055.47,1236.08,180.61,17.11,576.36,46.6,70.1,2022-11-19,2025-12-17,2027-11-16,37,23,110.6,37,36,1,712,129.7,79.2,Stage-I,5.4,0,0.0,High/Himalayan/Riverine,0.24,0.21,2026-04-10,PAIMANA_Live,Under Implementation,1,1
PAIMANA-SEC_ATOM-2022-2234,Pressurized Heavy Water Reactor Nuclear Power Unit (7x700 MWe) at Dwarka,DAE,Department of Atomic Energy,SEC_ATOM,Atomic Energy & Nuclear Power,Delhi NCR,North,NPCIL,28.8283,77.0215,13310.79,15734.48,2423.69,18.21,3261.03,20.7,31.7,2022-01-12,2032-01-08,2034-07-08,120,30,42.6,15,5,8,939,1116.5,80.4,Stage-II Pending,4.7,0,0.0,Moderate/Plateau,0.85,0.44,2026-04-10,PAIMANA_Live,Stalled/Delayed,1,1
PAIMANA-SEC_METRO-2017-2235,Regional Rapid Transit System (RRTS) Semi High-Speed Line (Ludhiana-Jalandhar),MoHUA,Ministry of Housing and Urban Affairs,SEC_METRO,Metro Rail & Urban Transit,Punjab,North,NCRTC,31.6688,75.8161,534.92,634.82,99.9,18.68,289.18,45.6,75.6,2017-04-28,2018-12-27,2020-06-26,20,18,150.0,42,42,1,561,951.9,89.3,Approved,4.4,0,0.0,High/Himalayan/Riverine,0.93,0.8,2026-04-10,OCMS_Historical,Under Implementation,1,1
PAIMANA-SEC_IRR-2020-2236,National River Interlinking Canal & Barrage System (Dharmanagar-Udaipur),DoWR,"Department of Water Resources, RD & GR",SEC_IRR,National River Link & Irrigation,Tripura,North-East,NWDA,24.164,91.4142,5446.71,6665.49,1218.78,22.38,2311.56,34.7,59.5,2020-10-28,2026-11-25,2029-10-24,73,35,89.9,23,21,2,1093,1256.3,75.9,Approved,6.5,2,453.16,Moderate/Plateau,0.2,0.41,2026-04-10,PAIMANA_Live,Under Implementation,1,1
PAIMANA-SEC_PWR_TR-2018-2237,Substation Automation & GIS Grid Augmentation at Jabalpur,MoP,Ministry of Power,SEC_PWR_TR,Power Transmission & Grid,Madhya Pradesh,Central,PGCIL,22.3843,78.8641,5650.07,7195.91,1545.84,27.36,3449.94,47.9,74.4,2018-12-01,2023-10-29,2027-01-26,59,39,150.0,39,39,1,1188,875.7,74.9,Approved,3.4,3,998.87,High/Himalayan/Riverine,0.9,0.77,2026-04-10,OCMS_Historical,Under Implementation,1,1
PAIMANA-SEC_STEEL-2019-2238,Integrated Steel Plant Modernization & Pelletization Unit at Patiala,MoSteel,Ministry of Steel,SEC_STEEL,Steel Plants & Metallurgy Units,Punjab,North,SAIL,30.5824,75.6011,678.37,797.34,118.97,17.54,342.09,42.9,67.6,2019-02-11,2021-03-12,2024-04-09,25,37,150.0,33,33,1,1153,1101.0,81.2,Stage-II Pending,3.8,0,0.0,Low/Plains,0.2,0.34,2026-04-10,OCMS_Historical,Under Implementation,1,1
PAIMANA-SEC_ATOM-2018-2239,Fast Breeder Reactor & Reprocessing Facility at Pune,DAE,Department of Atomic Energy,SEC_ATOM,Atomic Energy & Nuclear Power,Maharashtra,West,BHAVINI,19.6337,75.4724,1970.69,2394.19,423.5,21.49,950.97,39.7,64.4,2018-04-07,2020-11-04,2023-12-03,31,37,150.0,23,23,1,1153,572.7,52.6,Approved,4.6,1,286.72,Low/Plains,0.51,0.37,2026-04-10,OCMS_Historical,Under Implementation,1,1
PAIMANA-SEC_CHEM-2014-2240,Coal-Gasification Based Urea & Fertilizer Complex at Kollam,MoCF,Ministry of Chemicals and Fertilizers,SEC_CHEM,Fertilizer Plants & Petrochemicals,Kerala,South,FCIL,11.2394,76.4395,5391.52,6333.96,942.44,17.48,2948.05,46.5,77.9,2014-08-01,2019-08-29,2021-11-26,61,27,150.0,47,47,1,846,991.7,63.8,Approved,5.8,1,111.19,Moderate/Plateau,0.23,0.46,2026-04-10,OCMS_Historical,Under Implementation,1,1
PAIMANA-SEC_AIR-2014-2241,Regional Airport Modernization & Runway Extension under UDAN at Belagavi,MoCA,Ministry of Civil Aviation,SEC_AIR,Regional & Greenfield Airports,Karnataka,South,AAI,15.1628,76.2251,800.66,835.59,34.93,4.36,550.61,65.9,100.0,2014-03-16,2016-05-14,2016-05-14,26,0,150.0,13,13,0,0,119.4,82.5,Approved,6.7,0,0.0,Moderate/Plateau,0.56,0.43,2026-04-10,OCMS_Historical,Commissioned,0,0
PAIMANA-SEC_WATER-2016-2242,Urban 24x7 Water Supply & Advanced Smart Grid Pipeline in Jalandhar,MoHUA,Ministry of Housing and Urban Affairs,SEC_WATER,Water Supply & Urban Sanitation,Punjab,North,Jal Nigam,30.9252,75.324,945.96,1137.44,191.48,20.24,487.6,42.9,70.0,2016-01-27,2017-09-26,2019-09-25,20,24,150.0,27,27,1,745,1769.5,83.8,Exempted,7.3,2,250.5,Moderate/Plateau,0.87,0.73,2026-04-10,OCMS_Historical,Under Implementation,1,1
PAIMANA-SEC_LOG-2017-2243,Central Freight Logistics & Cold Chain Infrastructure Hub at Deoghar,MoRTH,Ministry of Road Transport and Highways,SEC_LOG,Multimodal Logistics Parks (MMLP),Jharkhand,East,CONCOR,23.8528,85.4741,660.51,769.49,108.98,16.5,349.1,45.4,72.9,2017-02-17,2019-01-17,2020-09-16,23,20,150.0,48,48,1,601,834.9,72.4,Approved,6.6,0,0.0,Low/Plains,0.44,0.76,2026-04-10,OCMS_Historical,Under Implementation,1,1
PAIMANA-SEC_PWR_GEN-2020-2244,Subansiri/Tehri Stage-II Hydroelectric Dam & Powerhouse (Hisar),MoP,Ministry of Power,SEC_PWR_GEN,Thermal & Hydro Power Generation,Haryana,North,SJVN,29.4992,75.6108,437.72,554.1,116.38,26.59,199.2,36.0,62.4,2020-07-10,2022-04-09,2025-01-06,21,33,150.0,20,20,1,1032,648.3,72.4,Exempted,6.5,3,552.55,Moderate/Plateau,0.48,0.43,2026-04-10,PAIMANA_Live,Under Implementation,1,1
PAIMANA-SEC_HEAVY-2018-2245,Heavy Electrical Equipment & Gas Turbine Manufacturing Facility at Bhopal,MHI,Ministry of Heavy Industries,SEC_HEAVY,Heavy Engineering & Capital Goods,Madhya Pradesh,Central,BHEL,22.7336,79.049,619.43,720.47,101.04,16.31,381.36,52.9,79.0,2018-09-11,2020-08-10,2021-08-09,23,12,150.0,28,28,1,388,114.3,78.3,Stage-I,9.5,1,344.17,Low/Plains,0.26,0.48,2026-04-10,OCMS_Historical,Under Implementation,1,1
PAIMANA-SEC_INLAND-2016-2246,National Waterway NW-12 Multimodal Navigation Terminal at Anantnag,MoPSW,"Ministry of Ports, Shipping and Waterways",SEC_INLAND,National Waterways & River Ports,Jammu & Kashmir,North,IWAI,33.6437,76.0356,358.84,433.31,74.47,20.75,215.61,49.8,80.2,2016-06-13,2018-10-12,2020-04-11,28,18,150.0,44,44,1,583,1029.9,77.3,Approved,9.2,2,423.16,Moderate/Plateau,0.17,0.53,2026-04-10,OCMS_Historical,Under Implementation,1,1
PAIMANA-SEC_PET-2017-2247,Strategic Petroleum Reserve Underground Rock Caverns at Belagavi,MoPNG,Ministry of Petroleum and Natural Gas,SEC_PET,Petroleum Pipelines & Refineries,Karnataka,South,ISPRL,15.1068,75.628,1185.58,1242.86,57.28,4.83,815.32,65.6,100.0,2017-12-24,2020-05-23,2020-05-23,29,0,150.0,48,48,0,0,462.0,83.7,Approved,3.9,1,53.71,Moderate/Plateau,0.94,0.46,2026-04-10,OCMS_Historical,Commissioned,0,0
PAIMANA-SEC_IRR-2023-2248,National River Interlinking Canal & Barrage System (Ramagundam-Hyderabad),DoWR,"Department of Water Resources, RD & GR",SEC_IRR,National River Link & Irrigation,Telangana,South,NWDA,18.5685,78.9199,552.32,641.98,89.66,16.23,300.97,46.9,78.3,2023-05-19,2025-09-16,2027-02-14,28,17,124.8,24,23,1,549,1690.0,67.8,Approved,8.4,0,0.0,Low/Plains,0.76,0.63,2026-04-10,PAIMANA_Live,Under Implementation,1,1
PAIMANA-SEC_ATOM-2020-2249,Fast Breeder Reactor & Reprocessing Facility at Karimnagar,DAE,Department of Atomic Energy,SEC_ATOM,Atomic Energy & Nuclear Power,Telangana,South,BHAVINI,17.9349,79.6087,1433.25,1706.31,273.06,19.05,775.0,45.4,74.7,2020-03-01,2022-04-30,2023-11-28,26,19,150.0,38,38,1,598,1419.1,58.8,Approved,9.1,0,0.0,Low/Plains,0.25,0.84,2026-04-10,PAIMANA_Live,Under Implementation,1,1
PAIMANA-SEC_REN-2018-2250,Green Ammonia & Hydrogen Renewable Energy Island at Vijayawada,MNRE,Ministry of New and Renewable Energy,SEC_REN,Solar & Renewable Green Energy,Andhra Pradesh,South,SECI,15.8106,79.5635,261.78,325.87,64.09,24.48,142.78,43.8,68.3,2018-08-14,2020-06-12,2022-07-12,22,25,150.0,12,12,1,756,1475.7,85.9,Approved,5.2,0,0.0,High/Himalayan/Riverine,0.15,0.81,2026-04-10,OCMS_Historical,Under Implementation,1,1
PAIMANA-SEC_STEEL-2015-2251,Specialty Alloy & Hot Rolled Coil Expansion Facility at Paradip,MoSteel,Ministry of Steel,SEC_STEEL,Steel Plants & Metallurgy Units,Odisha,East,RINL,20.9668,84.7786,1571.75,2046.89,475.14,30.23,789.6,38.6,60.4,2015-03-06,2017-11-02,2022-06-01,32,55,150.0,31,31,1,1694,579.6,68.5,Stage-II Pending,6.7,4,999.84,Low/Plains,0.44,0.43,2026-04-10,OCMS_Historical,Under Implementation,1,1
PAIMANA-SEC_STEEL-2021-2252,Integrated Steel Plant Modernization & Pelletization Unit at Dhanbad,MoSteel,Ministry of Steel,SEC_STEEL,Steel Plants & Metallurgy Units,Jharkhand,East,SAIL,23.2182,85.6367,2533.76,2922.95,389.19,15.36,1395.13,47.7,72.2,2021-01-24,2023-11-23,2025-10-22,34,23,150.0,40,40,1,687,1072.5,72.9,Exempted,9.4,2,177.81,Low/Plains,0.29,0.38,2026-04-10,PAIMANA_Live,Under Implementation,1,1
PAIMANA-SEC_STEEL-2014-2253,Integrated Steel Plant Modernization & Pelletization Unit at Nashik,MoSteel,Ministry of Steel,SEC_STEEL,Steel Plants & Metallurgy Units,Maharashtra,West,SAIL,20.2047,75.2758,172.7,197.64,24.94,14.44,90.02,45.5,70.9,2014-09-20,2017-03-20,2019-04-19,30,25,150.0,26,26,1,748,1746.6,80.4,Stage-II Pending,7.7,0,0.0,Low/Plains,0.92,0.32,2026-04-10,OCMS_Historical,Under Implementation,1,1
PAIMANA-SEC_PORT-2019-2254,Port Connectivity Dedicated Rail-Sea Multimodal Corridor at Bhilai,MoPSW,"Ministry of Ports, Shipping and Waterways",SEC_PORT,Major Ports & Maritime Channels,Chhattisgarh,Central,Sagarmala Dev,21.8471,81.2831,1637.56,2076.97,439.41,26.83,794.23,38.2,67.5,2019-03-18,2021-12-15,2024-06-14,33,30,150.0,19,19,1,918,1619.2,26.5,Approved,7.1,0,0.0,High/Himalayan/Riverine,0.36,0.86,2026-04-10,OCMS_Historical,Under Implementation,1,1
PAIMANA-SEC_STEEL-2021-2255,Integrated Steel Plant Modernization & Pelletization Unit at Bhavnagar,MoSteel,Ministry of Steel,SEC_STEEL,Steel Plants & Metallurgy Units,Gujarat,West,SAIL,21.8353,71.6387,3684.51,4330.69,646.18,17.54,1942.2,44.8,76.5,2021-11-21,2025-11-19,2028-01-18,48,26,110.1,48,48,1,802,1149.7,67.5,Exempted,4.5,2,298.58,Moderate/Plateau,0.67,0.32,2026-04-10,PAIMANA_Live,Under Implementation,1,1
PAIMANA-SEC_RLY-2017-2256,Modern Multimodal Railway Terminal & Station Redevelopment at Chennai,MoR,Ministry of Railways,SEC_RLY,Railways & High-Speed Rail,Tamil Nadu,South,RLDA,10.8699,78.581,363.74,432.46,68.72,18.89,165.61,38.3,66.1,2017-02-12,2019-08-13,2022-05-12,30,33,150.0,20,20,1,1004,477.2,72.4,Stage-II Pending,4.2,0,0.0,Moderate/Plateau,0.9,0.75,2026-04-10,OCMS_Historical,Under Implementation,1,1
PAIMANA-SEC_TEL-2023-2257,BharatNet Rural Optical Fiber Network Phase-4 across Ujjain,DoT,Department of Telecommunications,SEC_TEL,Telecommunication & BharatNet Fiber,Madhya Pradesh,Central,BBNL,22.9906,79.182,5622.61,6869.4,1246.79,22.17,1546.28,22.5,38.8,2023-06-04,2028-10-31,2030-12-30,65,26,52.9,16,6,5,823,246.2,78.0,Stage-I,8.0,1,89.83,High/Himalayan/Riverine,0.69,0.37,2026-04-10,PAIMANA_Live,Stalled/Delayed,1,1
PAIMANA-SEC_PWR_TR-2023-2258,765kV High Voltage Direct Current (HVDC) Inter-Regional Grid (Mandi-Dharamshala),MoP,Ministry of Power,SEC_PWR_TR,Power Transmission & Grid,Himachal Pradesh,North,PGCIL,30.8558,77.193,1709.02,1973.25,264.23,15.46,820.09,41.6,67.0,2023-07-06,2026-03-04,2028-03-02,32,24,104.3,26,24,1,752,1603.1,65.6,Approved,7.9,0,0.0,Moderate/Plateau,0.23,0.25,2026-04-10,PAIMANA_Live,Under Implementation,1,1
PAIMANA-SEC_PWR_TR-2021-2259,Substation Automation & GIS Grid Augmentation at Gurugram,MoP,Ministry of Power,SEC_PWR_TR,Power Transmission & Grid,Haryana,North,PGCIL,29.3935,76.5492,587.48,744.44,156.96,26.72,298.06,40.0,61.3,2021-04-23,2022-10-22,2024-12-20,18,26,150.0,36,36,1,788,1367.1,49.0,Exempted,4.4,0,0.0,High/Himalayan/Riverine,0.94,0.76,2026-04-10,PAIMANA_Live,Under Implementation,1,1
PAIMANA-SEC_TEL-2019-2260,BharatNet Rural Optical Fiber Network Phase-1 across Jodhpur,DoT,Department of Telecommunications,SEC_TEL,Telecommunication & BharatNet Fiber,Rajasthan,North,BBNL,27.4845,73.8915,1088.58,1397.09,308.51,28.34,573.9,41.1,65.5,2019-10-10,2022-07-09,2025-08-06,33,37,150.0,47,47,1,1154,1748.6,86.0,Stage-II Pending,4.2,3,555.01,High/Himalayan/Riverine,0.39,0.7,2026-04-10,OCMS_Historical,Under Implementation,1,1
PAIMANA-SEC_SMART-2023-2261,Special Investment Region Trunk Infrastructure & Utilities at Cuttack,MoHUA,Ministry of Housing and Urban Affairs,SEC_SMART,Smart Cities & Industrial Corridors,Odisha,East,Dholera/DMIC,20.7393,84.8099,1950.84,2106.15,155.31,7.96,1221.82,58.0,88.2,2023-01-02,2026-05-02,2026-05-02,40,0,98.6,32,30,0,0,932.7,92.4,Approved,5.7,0,0.0,Low/Plains,0.32,0.84,2026-04-10,PAIMANA_Live,Nearing Completion,0,0
PAIMANA-SEC_INLAND-2021-2262,National Waterway NW-49 Multimodal Navigation Terminal at Varanasi,MoPSW,"Ministry of Ports, Shipping and Waterways",SEC_INLAND,National Waterways & River Ports,Uttar Pradesh,North,IWAI,26.9465,80.7307,1233.75,1538.02,304.27,24.66,661.12,43.0,68.9,2021-07-16,2024-02-13,2027-07-13,31,41,150.0,32,32,1,1267,1396.3,61.3,Stage-I,3.4,1,26.17,Moderate/Plateau,0.23,0.78,2026-04-10,PAIMANA_Live,Under Implementation,1,1
PAIMANA-SEC_HEAVY-2014-2263,Heavy Machine Tools & Engineering Foundry Unit in Ujjain,MHI,Ministry of Heavy Industries,SEC_HEAVY,Heavy Engineering & Capital Goods,Madhya Pradesh,Central,HMT,23.5248,78.8792,1914.91,2315.65,400.74,20.93,988.92,42.7,71.4,2014-09-19,2017-09-17,2020-12-15,36,39,150.0,35,35,1,1180,800.3,65.1,Approved,6.8,3,120.13,Low/Plains,0.23,0.65,2026-04-10,OCMS_Historical,Under Implementation,1,1
PAIMANA-SEC_ATOM-2015-2264,Pressurized Heavy Water Reactor Nuclear Power Unit (87x700 MWe) at Panipat,DAE,Department of Atomic Energy,SEC_ATOM,Atomic Energy & Nuclear Power,Haryana,North,NPCIL,29.3998,75.6035,478.65,553.27,74.62,15.59,268.82,48.6,82.3,2015-03-08,2017-12-05,2019-03-06,33,15,150.0,37,37,1,494,175.9,52.4,Approved,9.4,0,0.0,Moderate/Plateau,0.29,0.79,2026-04-10,OCMS_Historical,Under Implementation,1,1
PAIMANA-SEC_PWR_GEN-2014-2265,Subansiri/Tehri Stage-II Hydroelectric Dam & Powerhouse (Mangaluru),MoP,Ministry of Power,SEC_PWR_GEN,Thermal & Hydro Power Generation,Karnataka,South,SJVN,15.3812,76.1861,1348.16,1604.24,256.08,18.99,657.96,41.0,69.6,2014-11-27,2017-12-25,2020-07-24,37,31,150.0,12,12,1,970,1080.1,71.7,Approved,3.3,0,0.0,Low/Plains,0.27,0.73,2026-04-10,OCMS_Historical,Under Implementation,1,1
PAIMANA-SEC_METRO-2018-2266,Regional Rapid Transit System (RRTS) Semi High-Speed Line (Hyderabad-Karimnagar),MoHUA,Ministry of Housing and Urban Affairs,SEC_METRO,Metro Rail & Urban Transit,Telangana,South,NCRTC,18.2494,79.454,299.64,305.65,6.01,2.01,201.7,66.0,100.0,2018-12-17,2021-03-16,2021-03-16,27,0,150.0,31,31,0,0,1062.3,90.8,Exempted,3.4,0,0.0,Low/Plains,0.5,0.6,2026-04-10,OCMS_Historical,Commissioned,0,0
PAIMANA-SEC_METRO-2017-2267,Metro Rail Project Phase-3 (Elevated & Underground Corridor Thoubal-Imphal),MoHUA,Ministry of Housing and Urban Affairs,SEC_METRO,Metro Rail & Urban Transit,Manipur,North-East,Metro Rail Corp,24.8223,94.1239,1032.71,1108.52,75.81,7.34,710.19,64.1,100.0,2017-06-12,2020-04-10,2020-04-10,34,0,150.0,12,12,0,0,1016.3,91.8,Approved,5.7,1,209.36,Moderate/Plateau,0.4,0.42,2026-04-10,OCMS_Historical,Commissioned,0,0
PAIMANA-SEC_STEEL-2021-2268,Specialty Alloy & Hot Rolled Coil Expansion Facility at Lucknow,MoSteel,Ministry of Steel,SEC_STEEL,Steel Plants & Metallurgy Units,Uttar Pradesh,North,RINL,26.6879,80.9571,486.33,607.46,121.13,24.91,248.45,40.9,69.7,2021-11-02,2024-01-01,2026-05-01,26,28,150.0,20,20,1,864,492.8,64.7,Approved,7.5,0,0.0,High/Himalayan/Riverine,0.77,0.41,2026-04-10,PAIMANA_Live,Under Implementation,1,1
PAIMANA-SEC_COAL-2015-2269,Open Cast Coal Mining Project (29 MTPA) with High-Capacity Conveyors at Jamnagar,MoCoal,Ministry of Coal,SEC_COAL,Coal Mining & Washeries,Gujarat,West,CIL,22.1394,71.781,570.69,647.28,76.59,13.42,392.46,60.6,100.0,2015-02-10,2016-08-10,2016-08-10,18,0,150.0,31,31,0,0,176.9,80.7,Stage-I,4.5,0,0.0,High/Himalayan/Riverine,0.11,0.75,2026-04-10,OCMS_Historical,Commissioned,1,0
PAIMANA-SEC_PWR_TR-2019-2270,Substation Automation & GIS Grid Augmentation at Guntur,MoP,Ministry of Power,SEC_PWR_TR,Power Transmission & Grid,Andhra Pradesh,South,PGCIL,16.0795,79.5031,3714.11,4004.71,290.6,7.82,2554.17,63.8,100.0,2019-11-25,2024-04-23,2024-04-23,53,0,144.8,46,43,0,0,1166.3,86.7,Approved,4.1,1,189.75,Low/Plains,0.55,0.84,2026-04-10,OCMS_Historical,Commissioned,0,0
PAIMANA-SEC_INLAND-2018-2271,Fairway Development & River Ro-Ro Terminal Facility in Cuttack,MoPSW,"Ministry of Ports, Shipping and Waterways",SEC_INLAND,National Waterways & River Ports,Odisha,East,IWAI,20.6132,84.6602,3236.83,3889.46,652.63,20.16,2105.93,54.1,84.1,2018-06-14,2022-11-11,2024-12-10,53,25,150.0,30,30,1,736,178.9,79.0,Approved,7.3,0,0.0,Low/Plains,0.78,0.78,2026-04-10,OCMS_Historical,Under Implementation,1,1
PAIMANA-SEC_STEEL-2021-2272,Integrated Steel Plant Modernization & Pelletization Unit at Surat,MoSteel,Ministry of Steel,SEC_STEEL,Steel Plants & Metallurgy Units,Gujarat,West,SAIL,22.2696,71.7465,2047.32,2559.33,512.01,25.01,1211.31,47.3,75.4,2021-04-25,2024-11-22,2028-01-21,43,38,138.9,44,41,2,1162,1438.5,71.9,Stage-I,4.4,4,884.46,Low/Plains,0.12,0.75,2026-04-10,PAIMANA_Live,Under Implementation,1,1
PAIMANA-SEC_COAL-2014-2273,Open Cast Coal Mining Project (15 MTPA) with High-Capacity Conveyors at Noida,MoCoal,Ministry of Coal,SEC_COAL,Coal Mining & Washeries,Uttar Pradesh,North,CIL,26.6978,81.5374,406.63,477.97,71.34,17.54,279.64,58.5,100.0,2014-03-19,2015-09-17,2015-09-17,18,0,150.0,33,33,0,0,1056.0,88.9,Exempted,5.0,1,326.04,High/Himalayan/Riverine,0.68,0.36,2026-04-10,OCMS_Historical,Commissioned,1,0
PAIMANA-SEC_TEL-2015-2274,National 5G High-Density Core Network Infrastructure in Bikaner,DoT,Department of Telecommunications,SEC_TEL,Telecommunication & BharatNet Fiber,Rajasthan,North,BSNL,26.5706,74.5095,849.81,1001.24,151.43,17.82,455.24,45.5,74.8,2015-09-12,2017-11-10,2019-11-09,26,24,150.0,46,46,1,706,1275.2,84.2,Approved,6.2,0,0.0,Moderate/Plateau,0.9,0.6,2026-04-10,OCMS_Historical,Under Implementation,1,1
PAIMANA-SEC_LOG-2019-2275,Multimodal Logistics Park (MMLP) with Inland Container Depot at Gorakhpur,MoRTH,Ministry of Road Transport and Highways,SEC_LOG,Multimodal Logistics Parks (MMLP),Uttar Pradesh,North,NHLML,27.2477,80.6902,3633.86,4251.77,617.91,17.0,2089.91,49.2,73.5,2019-09-10,2023-04-09,2026-01-06,43,33,150.0,43,43,1,979,1780.9,50.7,Stage-II Pending,3.6,0,0.0,Low/Plains,0.53,0.21,2026-04-10,OCMS_Historical,Under Implementation,1,1
PAIMANA-SEC_PWR_TR-2017-2276,Substation Automation & GIS Grid Augmentation at IGI Airport,MoP,Ministry of Power,SEC_PWR_TR,Power Transmission & Grid,Delhi NCR,North,PGCIL,28.5902,77.2998,1313.22,1565.59,252.37,19.22,784.06,50.1,77.2,2017-05-27,2019-11-25,2021-06-24,30,19,150.0,42,42,1,607,593.4,73.3,Stage-I,3.8,0,0.0,High/Himalayan/Riverine,0.6,0.35,2026-04-10,OCMS_Historical,Under Implementation,1,1
PAIMANA-SEC_METRO-2017-2277,Urban Light Rail Transit / MetroLite System for Karimnagar Smart City,MoHUA,Ministry of Housing and Urban Affairs,SEC_METRO,Metro Rail & Urban Transit,Telangana,South,Metro Rail Corp,18.5812,78.918,10393.85,11477.67,1083.82,10.43,7147.78,62.3,98.3,2017-01-26,2025-04-23,2025-04-23,99,0,111.9,39,39,0,0,1313.1,79.5,Stage-I,8.5,1,52.15,Moderate/Plateau,0.94,0.83,2026-04-10,OCMS_Historical,Nearing Completion,0,0
PAIMANA-SEC_IRR-2021-2278,National River Interlinking Canal & Barrage System (Vadodara-Surat),DoWR,"Department of Water Resources, RD & GR",SEC_IRR,National River Link & Irrigation,Gujarat,West,NWDA,22.4748,71.767,1667.8,1919.52,251.72,15.09,1074.2,56.0,84.3,2021-02-20,2024-03-20,2025-09-18,37,18,150.0,38,38,1,533,1363.9,83.5,Approved,4.1,0,0.0,Low/Plains,0.18,0.72,2026-04-10,PAIMANA_Live,Under Implementation,1,1
PAIMANA-SEC_PORT-2023-2279,Greenfield Deep-Water Major Port & Container Terminal Phase-4 at Karimnagar,MoPSW,"Ministry of Ports, Shipping and Waterways",SEC_PORT,Major Ports & Maritime Channels,Telangana,South,Port Authority,17.599,78.599,1377.54,1671.78,294.24,21.36,747.37,44.7,72.4,2023-10-18,2025-10-16,2027-07-16,24,21,124.8,16,14,2,642,404.0,71.3,Approved,5.5,0,0.0,High/Himalayan/Riverine,0.25,0.33,2026-04-10,PAIMANA_Live,Under Implementation,1,1
PAIMANA-SEC_AIR-2018-2280,Regional Airport Modernization & Runway Extension under UDAN at Jorhat,MoCA,Ministry of Civil Aviation,SEC_AIR,Regional & Greenfield Airports,Assam,North-East,AAI,26.5769,92.4697,855.72,959.58,103.86,12.14,477.95,49.8,78.5,2018-07-04,2020-09-01,2022-01-30,26,17,150.0,30,30,1,510,60.5,94.7,Approved,5.0,0,0.0,Low/Plains,0.42,0.85,2026-04-10,OCMS_Historical,Under Implementation,1,1
PAIMANA-SEC_ATOM-2017-2281,Fast Breeder Reactor & Reprocessing Facility at Mysuru,DAE,Department of Atomic Energy,SEC_ATOM,Atomic Energy & Nuclear Power,Karnataka,South,BHAVINI,15.6916,75.4723,1303.06,1489.59,186.53,14.31,673.13,45.2,70.3,2017-08-25,2019-10-24,2022-01-21,26,27,150.0,36,36,1,852,1273.2,73.4,Approved,7.1,1,23.74,Low/Plains,0.61,0.35,2026-04-10,OCMS_Historical,Under Implementation,1,1
PAIMANA-SEC_RLY-2014-2282,High-Speed Rail Bullet Train Section 9 (Jamnagar-Vadodara),MoR,Ministry of Railways,SEC_RLY,Railways & High-Speed Rail,Gujarat,West,NHSRCL,21.8275,71.2325,993.03,1167.83,174.8,17.6,547.07,46.8,78.0,2014-04-28,2017-04-26,2018-08-25,36,16,150.0,32,32,1,486,1295.5,92.5,Stage-I,5.8,0,0.0,High/Himalayan/Riverine,0.36,0.43,2026-04-10,OCMS_Historical,Under Implementation,1,1
PAIMANA-SEC_HEALTH-2017-2283,National Centre for Disease Control & Bio-Safety Level 4 Lab at Guwahati,MoHFW,Ministry of Health and Family Welfare,SEC_HEALTH,AIIMS & Super-Specialty Medical Infra,Assam,North-East,MoHFW,26.0297,92.4749,2249.16,2514.83,265.67,11.81,1357.4,54.0,82.0,2017-10-01,2020-11-29,2022-08-29,38,21,150.0,42,42,1,631,532.4,96.0,Approved,8.6,2,564.87,Low/Plains,0.78,0.28,2026-04-10,OCMS_Historical,Under Implementation,1,1
PAIMANA-SEC_LOG-2021-2284,Central Freight Logistics & Cold Chain Infrastructure Hub at Mopa,MoRTH,Ministry of Road Transport and Highways,SEC_LOG,Multimodal Logistics Parks (MMLP),Goa,West,CONCOR,14.9325,74.362,2848.29,3381.09,532.8,18.71,1431.59,42.3,70.5,2021-09-17,2025-09-15,2028-04-14,48,31,114.5,32,32,1,933,1483.9,38.1,Approved,4.3,1,130.54,Low/Plains,0.37,0.45,2026-04-10,PAIMANA_Live,Under Implementation,1,1
PAIMANA-SEC_TEL-2022-2285,BharatNet Rural Optical Fiber Network Phase-4 across Hyderabad,DoT,Department of Telecommunications,SEC_TEL,Telecommunication & BharatNet Fiber,Telangana,South,BBNL,18.0075,79.1769,543.98,605.45,61.47,11.3,239.95,39.6,66.1,2022-01-02,2023-08-02,2025-05-01,19,21,150.0,46,45,1,634,979.0,87.0,Approved,4.7,0,0.0,Low/Plains,0.66,0.68,2026-04-10,PAIMANA_Live,Under Implementation,1,1
PAIMANA-SEC_HWY-2021-2286,Economic Corridor NH-22 6-Lane Access Controlled Highway (Mumbai),MoRTH,Ministry of Road Transport and Highways,SEC_HWY,Highways & Expressways,Maharashtra,West,NHAI,20.188,76.1003,324.06,439.04,114.98,35.48,174.54,39.8,67.5,2021-09-03,2024-04-02,2026-12-31,31,33,150.0,41,41,1,1002,982.2,65.9,Approved,7.4,2,698.71,Moderate/Plateau,0.57,0.34,2026-04-10,PAIMANA_Live,Under Implementation,1,1
PAIMANA-SEC_SMART-2017-2287,Industrial Smart City & Integrated Manufacturing Node at New Delhi,MoHUA,Ministry of Housing and Urban Affairs,SEC_SMART,Smart Cities & Industrial Corridors,Delhi NCR,North,NICDC,29.2548,77.0206,200.58,224.65,24.07,12.0,135.05,60.1,100.0,2017-04-26,2018-10-25,2018-10-25,18,0,150.0,35,35,0,0,420.8,85.4,Approved,9.0,1,125.92,Moderate/Plateau,0.35,0.52,2026-04-10,OCMS_Historical,Commissioned,1,0
PAIMANA-SEC_STEEL-2019-2288,Specialty Alloy & Hot Rolled Coil Expansion Facility at Jaipur,MoSteel,Ministry of Steel,SEC_STEEL,Steel Plants & Metallurgy Units,Rajasthan,North,RINL,27.31,74.2976,1859.75,2132.53,272.78,14.67,1026.55,48.1,77.1,2019-12-01,2022-11-29,2025-01-27,36,26,150.0,20,20,1,783,1403.7,71.5,Approved,3.7,1,229.1,Low/Plains,0.73,0.65,2026-04-10,OCMS_Historical,Under Implementation,1,1
PAIMANA-SEC_HWY-2015-2289,Greenfield Coastal Corridor Expressway (Lucknow-Gorakhpur Phase 2),MoRTH,Ministry of Road Transport and Highways,SEC_HWY,Highways & Expressways,Uttar Pradesh,North,NHAI,26.458,80.7931,402.38,538.67,136.29,33.87,163.44,30.3,55.2,2015-07-14,2017-05-12,2021-08-09,22,51,150.0,25,25,1,1523,1364.9,18.9,Stage-II Pending,3.2,0,0.0,High/Himalayan/Riverine,0.14,0.78,2026-04-10,OCMS_Historical,Under Implementation,1,1
PAIMANA-SEC_PWR_GEN-2014-2290,Pumped Storage Hydroelectric Power Facility (18 MW) in Faridabad,MoP,Ministry of Power,SEC_PWR_GEN,Thermal & Hydro Power Generation,Haryana,North,NHPC,29.4147,75.6756,157.0,184.87,27.87,17.75,75.41,40.8,69.3,2014-02-22,2015-08-23,2017-01-20,18,17,150.0,16,16,1,529,317.0,82.3,Approved,6.7,0,0.0,High/Himalayan/Riverine,0.72,0.85,2026-04-10,OCMS_Historical,Under Implementation,1,1
PAIMANA-SEC_HEAVY-2018-2291,Heavy Machine Tools & Engineering Foundry Unit in Anantnag,MHI,Ministry of Heavy Industries,SEC_HEAVY,Heavy Engineering & Capital Goods,Jammu & Kashmir,North,HMT,33.8786,76.4923,1660.3,1849.11,188.81,11.37,1003.58,54.3,81.5,2018-06-27,2021-08-25,2023-01-23,38,17,150.0,30,30,1,506,619.2,74.1,Approved,7.2,0,0.0,Low/Plains,0.28,0.59,2026-04-10,OCMS_Historical,Under Implementation,1,1
PAIMANA-SEC_COAL-2018-2292,Open Cast Coal Mining Project (49 MTPA) with High-Capacity Conveyors at Haldwani,MoCoal,Ministry of Coal,SEC_COAL,Coal Mining & Washeries,Uttarakhand,North,CIL,29.9525,79.3486,12258.27,14120.81,1862.54,15.19,6117.41,43.3,70.9,2018-03-24,2027-06-19,2029-01-16,111,19,87.3,34,25,8,595,1590.1,94.3,Approved,8.5,0,0.0,Moderate/Plateau,0.16,0.69,2026-04-10,OCMS_Historical,Under Implementation,1,1
PAIMANA-SEC_STEEL-2016-2293,Specialty Alloy & Hot Rolled Coil Expansion Facility at Vijayawada,MoSteel,Ministry of Steel,SEC_STEEL,Steel Plants & Metallurgy Units,Andhra Pradesh,South,RINL,15.6328,80.0793,1141.2,1296.41,155.21,13.6,637.75,49.2,81.3,2016-07-13,2019-03-12,2020-08-09,32,17,150.0,33,33,1,526,575.8,57.2,Approved,8.7,1,25.82,Low/Plains,0.64,0.66,2026-04-10,OCMS_Historical,Under Implementation,1,1
PAIMANA-SEC_TEL-2017-2294,BharatNet Rural Optical Fiber Network Phase-4 across Warangal,DoT,Department of Telecommunications,SEC_TEL,Telecommunication & BharatNet Fiber,Telangana,South,BBNL,18.4267,79.4761,2545.73,2983.38,437.65,17.19,1450.63,48.6,79.6,2017-04-13,2021-06-11,2023-12-10,50,30,150.0,35,35,1,944,1204.2,94.5,Approved,5.6,1,158.1,Low/Plains,0.16,0.65,2026-04-10,OCMS_Historical,Under Implementation,1,1
PAIMANA-SEC_LOG-2022-2295,Central Freight Logistics & Cold Chain Infrastructure Hub at Jaipur,MoRTH,Ministry of Road Transport and Highways,SEC_LOG,Multimodal Logistics Parks (MMLP),Rajasthan,North,CONCOR,27.1742,74.7354,1240.59,1498.33,257.74,20.78,636.65,42.5,70.2,2022-06-24,2024-10-22,2027-03-22,28,29,150.0,21,21,1,914,936.8,86.8,Approved,7.9,2,657.64,Moderate/Plateau,0.14,0.72,2026-04-10,PAIMANA_Live,Under Implementation,1,1
PAIMANA-SEC_STEEL-2018-2296,Integrated Steel Plant Modernization & Pelletization Unit at Patna,MoSteel,Ministry of Steel,SEC_STEEL,Steel Plants & Metallurgy Units,Bihar,East,SAIL,25.1747,85.4214,1044.88,1109.07,64.19,6.14,718.55,64.8,100.0,2018-04-22,2020-09-19,2020-09-19,29,0,150.0,38,38,0,0,1413.9,83.6,Approved,9.2,0,0.0,Moderate/Plateau,0.1,0.78,2026-04-10,OCMS_Historical,Commissioned,0,0
PAIMANA-SEC_METRO-2023-2297,Urban Light Rail Transit / MetroLite System for Jagdalpur Smart City,MoHUA,Ministry of Housing and Urban Affairs,SEC_METRO,Metro Rail & Urban Transit,Chhattisgarh,Central,Metro Rail Corp,20.9725,81.8626,2748.28,3147.82,399.54,14.54,753.26,23.9,41.3,2023-10-25,2027-12-23,2030-03-22,50,27,59.4,16,9,7,809,1260.1,89.7,Approved,5.7,1,176.56,Low/Plains,0.22,0.29,2026-04-10,PAIMANA_Live,Under Implementation,1,1
PAIMANA-SEC_COAL-2021-2298,Coal Bed Methane & Deep Underground Extraction Unit at Nagpur,MoCoal,Ministry of Coal,SEC_COAL,Coal Mining & Washeries,Maharashtra,West,NCDC,20.2361,75.1368,871.18,924.26,53.08,6.09,599.11,64.8,100.0,2021-03-13,2022-10-11,2022-10-11,19,0,150.0,42,42,0,0,1759.8,76.5,Approved,8.8,0,0.0,Low/Plains,0.24,0.32,2026-04-10,PAIMANA_Live,Commissioned,0,0
PAIMANA-SEC_PWR_GEN-2020-2299,Pumped Storage Hydroelectric Power Facility (86 MW) in Noida,MoP,Ministry of Power,SEC_PWR_GEN,Thermal & Hydro Power Generation,Uttar Pradesh,North,NHPC,26.5803,80.5192,1479.75,1855.9,376.15,25.42,862.83,46.5,78.4,2020-12-09,2024-05-08,2026-08-06,41,27,150.0,25,25,1,820,1566.9,57.1,Stage-I,6.4,2,110.64,High/Himalayan/Riverine,0.82,0.7,2026-04-10,PAIMANA_Live,Under Implementation,1,1
PAIMANA-SEC_LOG-2016-2300,Multimodal Logistics Park (MMLP) with Inland Container Depot at Udaipur,MoRTH,Ministry of Road Transport and Highways,SEC_LOG,Multimodal Logistics Parks (MMLP),Rajasthan,North,NHLML,26.7385,74.6337,1558.1,1867.76,309.66,19.87,891.16,47.7,72.2,2016-07-27,2019-04-26,2021-03-25,33,23,150.0,34,34,1,713,1231.5,62.8,Approved,5.1,0,0.0,High/Himalayan/Riverine,0.42,0.72,2026-04-10,OCMS_Historical,Under Implementation,1,1
PAIMANA-SEC_PET-2015-2301,Integrated Petroleum Refinery Expansion & Polypropylene Unit at Singrauli,MoPNG,Ministry of Petroleum and Natural Gas,SEC_PET,Petroleum Pipelines & Refineries,Madhya Pradesh,Central,IOCL,23.0935,78.0963,608.45,753.9,145.45,23.91,303.03,40.2,70.4,2015-03-21,2017-08-18,2019-11-16,29,27,150.0,36,36,1,834,251.0,39.6,Approved,8.9,0,0.0,Moderate/Plateau,0.15,0.89,2026-04-10,OCMS_Historical,Under Implementation,1,1
PAIMANA-SEC_ATOM-2015-2302,Fast Breeder Reactor & Reprocessing Facility at Vijayawada,DAE,Department of Atomic Energy,SEC_ATOM,Atomic Energy & Nuclear Power,Andhra Pradesh,South,BHAVINI,16.4141,79.6431,2945.54,3484.42,538.88,18.29,1650.11,47.4,80.4,2015-03-12,2019-08-09,2021-11-06,53,27,150.0,13,13,1,841,802.5,92.9,Approved,3.3,1,232.24,Low/Plains,0.26,0.62,2026-04-10,OCMS_Historical,Under Implementation,1,1
PAIMANA-SEC_CHEM-2017-2303,Coal-Gasification Based Urea & Fertilizer Complex at Haldia,MoCF,Ministry of Chemicals and Fertilizers,SEC_CHEM,Fertilizer Plants & Petrochemicals,West Bengal,East,FCIL,22.4962,87.7355,972.04,1063.59,91.55,9.42,535.58,50.4,78.8,2017-11-09,2020-11-07,2022-02-06,36,15,150.0,18,18,1,481,1019.5,77.9,Approved,8.7,0,0.0,Low/Plains,0.44,0.69,2026-04-10,OCMS_Historical,Under Implementation,0,1
PAIMANA-SEC_AIR-2023-2304,Greenfield International Airport Terminal-57 & Parallel Runway at Pune,MoCA,Ministry of Civil Aviation,SEC_AIR,Regional & Greenfield Airports,Maharashtra,West,AAI,20.2625,75.5989,559.84,581.84,22.0,3.93,295.01,50.7,72.1,2023-11-23,2026-09-21,2026-09-21,34,0,84.6,17,10,0,0,1557.6,93.1,Approved,6.3,0,0.0,Moderate/Plateau,0.59,0.64,2026-04-10,PAIMANA_Live,Under Implementation,0,0
PAIMANA-SEC_HEALTH-2014-2305,All India Institute of Medical Sciences (AIIMS) 750-Bed Super-Specialty Campus at Hisar,MoHFW,Ministry of Health and Family Welfare,SEC_HEALTH,AIIMS & Super-Specialty Medical Infra,Haryana,North,MoHFW/HSCC,28.6958,75.9962,1910.83,2405.65,494.82,25.9,1034.17,43.0,72.3,2014-12-03,2017-04-02,2019-04-01,28,24,150.0,27,27,1,721,1569.0,54.1,Approved,3.6,0,0.0,High/Himalayan/Riverine,0.3,0.88,2026-04-10,OCMS_Historical,Under Implementation,1,1
PAIMANA-SEC_CHEM-2023-2306,Coal-Gasification Based Urea & Fertilizer Complex at Chennai,MoCF,Ministry of Chemicals and Fertilizers,SEC_CHEM,Fertilizer Plants & Petrochemicals,Tamil Nadu,South,FCIL,10.6444,78.8751,488.85,584.14,95.29,19.49,221.57,37.9,56.8,2023-11-04,2026-05-04,2028-11-01,30,30,97.9,18,16,1,890,920.0,88.7,Approved,4.6,1,44.17,Low/Plains,0.11,0.88,2026-04-10,PAIMANA_Live,Under Implementation,1,1
PAIMANA-SEC_HWY-2016-2307,Bharatmala Pariyojana 4/6-Lane Corridor from Varanasi to Gorakhpur,MoRTH,Ministry of Road Transport and Highways,SEC_HWY,Highways & Expressways,Uttar Pradesh,North,NHAI,26.6056,80.5103,1178.95,1259.2,80.25,6.81,778.6,61.8,100.0,2016-05-15,2018-02-12,2018-02-12,21,0,150.0,22,22,0,0,647.9,86.7,Approved,7.2,1,200.66,Moderate/Plateau,0.86,0.26,2026-04-10,OCMS_Historical,Commissioned,0,0
PAIMANA-SEC_CHEM-2015-2308,Coal-Gasification Based Urea & Fertilizer Complex at Jamshedpur,MoCF,Ministry of Chemicals and Fertilizers,SEC_CHEM,Fertilizer Plants & Petrochemicals,Jharkhand,East,FCIL,24.1118,85.2791,1137.9,1212.74,74.84,6.58,782.53,64.5,100.0,2015-10-07,2018-08-05,2018-08-05,34,0,150.0,42,42,0,0,156.5,77.8,Approved,5.5,0,0.0,Moderate/Plateau,0.35,0.85,2026-04-10,OCMS_Historical,Commissioned,0,0
PAIMANA-SEC_HEAVY-2015-2309,Heavy Electrical Equipment & Gas Turbine Manufacturing Facility at Vadodara,MHI,Ministry of Heavy Industries,SEC_HEAVY,Heavy Engineering & Capital Goods,Gujarat,West,BHEL,21.9201,70.6541,3220.23,3639.85,419.62,13.03,2207.27,60.6,100.0,2015-11-13,2019-03-13,2019-03-13,40,0,150.0,48,48,0,0,713.0,85.2,Approved,8.9,0,0.0,High/Himalayan/Riverine,0.41,0.74,2026-04-10,OCMS_Historical,Commissioned,1,0
PAIMANA-SEC_HEAVY-2020-2310,Heavy Machine Tools & Engineering Foundry Unit in Udhampur,MHI,Ministry of Heavy Industries,SEC_HEAVY,Heavy Engineering & Capital Goods,Jammu & Kashmir,North,HMT,33.3449,76.4121,1801.85,1884.62,82.77,4.59,1186.66,63.0,100.0,2020-11-06,2024-01-05,2024-01-05,38,0,150.0,16,16,0,0,587.7,78.7,Stage-II Pending,3.5,1,84.27,Low/Plains,0.52,0.51,2026-04-10,PAIMANA_Live,Commissioned,0,0
PAIMANA-SEC_CHEM-2015-2311,Petrochemical Derivative & Polymer Manufacturing Unit at Kota,MoCF,Ministry of Chemicals and Fertilizers,SEC_CHEM,Fertilizer Plants & Petrochemicals,Rajasthan,North,HURL,26.4606,73.7451,1120.84,1243.94,123.1,10.98,770.79,62.0,100.0,2015-12-15,2019-02-12,2019-02-12,38,0,150.0,46,46,0,0,630.2,88.0,Approved,9.2,1,30.23,High/Himalayan/Riverine,0.94,0.53,2026-04-10,OCMS_Historical,Commissioned,1,0
PAIMANA-SEC_INLAND-2019-2312,Fairway Development & River Ro-Ro Terminal Facility in Barmer,MoPSW,"Ministry of Ports, Shipping and Waterways",SEC_INLAND,National Waterways & River Ports,Rajasthan,North,IWAI,26.5837,74.402,2496.1,2898.22,402.12,16.11,1374.25,47.4,75.9,2019-07-15,2023-01-11,2024-12-10,42,23,150.0,37,37,1,731,854.3,95.2,Approved,5.1,0,0.0,Low/Plains,0.94,0.4,2026-04-10,OCMS_Historical,Under Implementation,1,1
PAIMANA-SEC_ATOM-2019-2313,Pressurized Heavy Water Reactor Nuclear Power Unit (27x700 MWe) at Noida,DAE,Department of Atomic Energy,SEC_ATOM,Atomic Energy & Nuclear Power,Uttar Pradesh,North,NPCIL,26.5595,81.2911,4299.71,5324.47,1024.76,23.83,2578.62,48.4,81.5,2019-01-09,2023-11-07,2026-07-06,58,32,150.0,12,12,1,963,506.1,52.5,Approved,3.3,2,552.58,Low/Plains,0.41,0.87,2026-04-10,OCMS_Historical,Under Implementation,1,1
PAIMANA-SEC_MINE-2021-2314,Copper Ore Underground Mine Expansion Project in Jaipur,MoMines,Ministry of Mines,SEC_MINE,Strategic Mineral Extraction,Rajasthan,North,HCL,27.2879,73.764,1949.89,2177.82,227.93,11.69,1199.24,55.1,85.9,2021-02-01,2023-05-02,2024-03-01,27,10,150.0,38,38,1,336,671.7,87.3,Approved,9.7,1,165.39,Low/Plains,0.54,0.89,2026-04-10,PAIMANA_Live,Nearing Completion,1,1
PAIMANA-SEC_SMART-2016-2315,Industrial Smart City & Integrated Manufacturing Node at Gorakhpur,MoHUA,Ministry of Housing and Urban Affairs,SEC_SMART,Smart Cities & Industrial Corridors,Uttar Pradesh,North,NICDC,26.2482,80.4569,1159.15,1349.98,190.83,16.46,552.01,40.9,66.7,2016-03-08,2018-04-07,2020-04-05,25,24,150.0,47,47,1,723,88.7,64.3,Stage-I,6.0,1,55.74,Low/Plains,0.81,0.83,2026-04-10,OCMS_Historical,Under Implementation,1,1
PAIMANA-SEC_HEALTH-2018-2316,All India Institute of Medical Sciences (AIIMS) 750-Bed Super-Specialty Campus at Thane,MoHFW,Ministry of Health and Family Welfare,SEC_HEALTH,AIIMS & Super-Specialty Medical Infra,Maharashtra,West,MoHFW/HSCC,19.3492,75.8857,330.09,363.41,33.32,10.09,184.47,50.8,75.2,2018-08-20,2020-02-18,2021-01-17,18,11,150.0,26,26,1,374,1672.2,67.9,Approved,9.1,0,0.0,Low/Plains,0.37,0.3,2026-04-10,OCMS_Historical,Under Implementation,0,1
PAIMANA-SEC_LOG-2016-2317,Multimodal Logistics Park (MMLP) with Inland Container Depot at Pune,MoRTH,Ministry of Road Transport and Highways,SEC_LOG,Multimodal Logistics Parks (MMLP),Maharashtra,West,NHLML,19.18,75.474,417.28,625.87,208.59,49.99,242.37,38.7,68.2,2016-01-26,2018-05-26,2021-10-23,28,41,150.0,30,30,1,1250,447.6,65.9,Approved,7.1,4,1325.59,Low/Plains,0.78,0.45,2026-04-10,OCMS_Historical,Under Implementation,1,1
PAIMANA-SEC_HEAVY-2018-2318,Heavy Machine Tools & Engineering Foundry Unit in Bhavnagar,MHI,Ministry of Heavy Industries,SEC_HEAVY,Heavy Engineering & Capital Goods,Gujarat,West,HMT,22.0041,71.6529,858.89,1030.02,171.13,19.92,426.86,41.4,70.9,2018-12-11,2021-01-09,2023-04-09,25,27,150.0,31,31,1,845,613.0,60.2,Approved,5.2,0,0.0,Moderate/Plateau,0.93,0.69,2026-04-10,OCMS_Historical,Under Implementation,1,1
PAIMANA-SEC_PWR_GEN-2022-2319,Subansiri/Tehri Stage-II Hydroelectric Dam & Powerhouse (Belagavi),MoP,Ministry of Power,SEC_PWR_GEN,Thermal & Hydro Power Generation,Karnataka,South,SJVN,15.4195,75.2524,643.27,695.04,51.77,8.05,350.97,50.5,72.3,2022-01-06,2023-08-06,2024-10-04,19,14,150.0,44,43,1,429,905.0,78.3,Stage-I,8.8,0,0.0,Low/Plains,0.55,0.23,2026-04-10,PAIMANA_Live,Under Implementation,0,1
PAIMANA-SEC_PWR_GEN-2015-2320,Pumped Storage Hydroelectric Power Facility (48 MW) in Jharsuguda,MoP,Ministry of Power,SEC_PWR_GEN,Thermal & Hydro Power Generation,Odisha,East,NHPC,21.4497,85.4396,961.01,1035.65,74.64,7.77,660.88,63.8,100.0,2015-04-27,2018-01-24,2018-01-24,33,0,150.0,28,28,0,0,580.8,78.7,Stage-I,7.2,0,0.0,Low/Plains,0.94,0.56,2026-04-10,OCMS_Historical,Commissioned,0,0
PAIMANA-SEC_LOG-2023-2321,Multimodal Logistics Park (MMLP) with Inland Container Depot at Guntur,MoRTH,Ministry of Road Transport and Highways,SEC_LOG,Multimodal Logistics Parks (MMLP),Andhra Pradesh,South,NHLML,15.9367,80.1012,1211.27,1397.93,186.66,15.41,829.46,59.3,100.0,2023-05-23,2025-02-19,2025-02-19,21,0,150.0,46,46,0,0,369.1,90.6,Approved,3.7,1,279.77,High/Himalayan/Riverine,0.23,0.57,2026-04-10,PAIMANA_Live,Commissioned,1,0
PAIMANA-SEC_WATER-2014-2322,Comprehensive Sewage Treatment & River Cleaning Mission at Shimla,MoHUA,Ministry of Housing and Urban Affairs,SEC_WATER,Water Supply & Urban Sanitation,Himachal Pradesh,North,NMCG,31.002,77.6851,1898.49,2513.74,615.25,32.41,902.54,35.9,60.4,2014-07-03,2016-10-31,2021-03-30,28,53,150.0,36,36,1,1589,1147.7,69.7,Stage-II Pending,4.4,3,104.44,High/Himalayan/Riverine,0.83,0.66,2026-04-10,OCMS_Historical,Under Implementation,1,1
PAIMANA-SEC_WATER-2022-2323,Urban 24x7 Water Supply & Advanced Smart Grid Pipeline in Nashik,MoHUA,Ministry of Housing and Urban Affairs,SEC_WATER,Water Supply & Urban Sanitation,Maharashtra,West,Jal Nigam,19.5131,76.0425,1073.45,1290.51,217.06,20.22,533.03,41.3,66.6,2022-02-10,2025-04-10,2028-05-08,38,37,132.0,47,47,1,1135,122.6,72.8,Stage-II Pending,6.1,1,233.71,Low/Plains,0.31,0.44,2026-04-10,PAIMANA_Live,Under Implementation,1,1
PAIMANA-SEC_CHEM-2016-2324,Coal-Gasification Based Urea & Fertilizer Complex at Haldia,MoCF,Ministry of Chemicals and Fertilizers,SEC_CHEM,Fertilizer Plants & Petrochemicals,West Bengal,East,FCIL,23.2381,87.6244,1822.17,2032.02,209.85,11.52,914.64,45.0,73.4,2016-06-26,2018-08-25,2020-01-23,26,17,150.0,46,46,1,542,493.7,71.9,Stage-I,9.3,1,163.06,Low/Plains,0.79,0.52,2026-04-10,OCMS_Historical,Under Implementation,1,1
PAIMANA-SEC_STEEL-2019-2325,Specialty Alloy & Hot Rolled Coil Expansion Facility at Ramagundam,MoSteel,Ministry of Steel,SEC_STEEL,Steel Plants & Metallurgy Units,Telangana,South,RINL,17.8455,78.862,1220.31,1407.22,186.91,15.32,732.55,52.1,77.9,2019-04-28,2022-01-25,2023-06-25,33,17,150.0,18,18,1,524,560.7,78.6,Stage-I,9.0,0,0.0,Moderate/Plateau,0.28,0.54,2026-04-10,OCMS_Historical,Under Implementation,1,1
PAIMANA-SEC_RLY-2017-2326,Himalayan Strategic Rail Network Rail Tunnel Complex near Kollam,MoR,Ministry of Railways,SEC_RLY,Railways & High-Speed Rail,Kerala,South,IRCON,10.5859,76.7651,175.72,271.66,95.94,54.6,91.91,33.8,61.4,2017-04-08,2018-10-07,2022-04-05,18,42,150.0,33,33,1,1256,1533.0,69.8,Stage-I,3.2,3,598.14,Moderate/Plateau,0.66,0.59,2026-04-10,OCMS_Historical,Under Implementation,1,1
PAIMANA-SEC_PWR_GEN-2023-2327,Ultra Mega Supercritical Thermal Power Project (73x800 MW) at Kolkata,MoP,Ministry of Power,SEC_PWR_GEN,Thermal & Hydro Power Generation,West Bengal,East,NTPC,23.4999,87.4672,470.24,539.52,69.28,14.73,266.19,49.3,74.4,2023-07-13,2025-03-12,2026-10-10,20,19,150.0,17,17,1,573,1638.6,58.0,Approved,6.0,0,0.0,Moderate/Plateau,0.92,0.52,2026-04-10,PAIMANA_Live,Under Implementation,1,1
PAIMANA-SEC_PWR_TR-2019-2328,765kV High Voltage Direct Current (HVDC) Inter-Regional Grid (Dehradun-Haldwani),MoP,Ministry of Power,SEC_PWR_TR,Power Transmission & Grid,Uttarakhand,North,PGCIL,30.6322,78.5646,1000.97,1078.64,77.67,7.76,688.36,63.8,100.0,2019-11-08,2023-01-06,2023-01-06,38,0,150.0,23,23,0,0,1245.8,81.7,Approved,9.1,0,0.0,High/Himalayan/Riverine,0.21,0.33,2026-04-10,OCMS_Historical,Commissioned,0,0
PAIMANA-SEC_METRO-2023-2329,Urban Light Rail Transit / MetroLite System for Kolkata Smart City,MoHUA,Ministry of Housing and Urban Affairs,SEC_METRO,Metro Rail & Urban Transit,West Bengal,East,Metro Rail Corp,22.8352,87.5258,363.72,413.37,49.65,13.65,174.18,42.1,64.2,2023-03-17,2024-09-14,2026-07-14,18,22,150.0,31,31,1,656,1106.7,92.8,Stage-I,5.7,0,0.0,Low/Plains,0.49,0.68,2026-04-10,PAIMANA_Live,Under Implementation,1,1
PAIMANA-SEC_HEAVY-2021-2330,Heavy Machine Tools & Engineering Foundry Unit in Jamshedpur,MHI,Ministry of Heavy Industries,SEC_HEAVY,Heavy Engineering & Capital Goods,Jharkhand,East,HMT,23.6009,85.2968,2029.49,2361.27,331.78,16.35,1077.54,45.6,76.9,2021-02-20,2023-07-21,2025-02-17,29,19,150.0,12,12,1,600,705.8,62.2,Approved,6.3,1,318.83,Low/Plains,0.78,0.89,2026-04-10,PAIMANA_Live,Under Implementation,1,1
PAIMANA-SEC_TEL-2019-2331,BharatNet Rural Optical Fiber Network Phase-4 across Siliguri,DoT,Department of Telecommunications,SEC_TEL,Telecommunication & BharatNet Fiber,West Bengal,East,BBNL,23.1398,87.8136,4913.88,5810.39,896.51,18.24,2916.35,50.2,78.0,2019-10-10,2024-01-07,2026-03-07,51,26,150.0,40,40,1,765,115.6,59.6,Exempted,5.0,1,155.38,Low/Plains,0.78,0.41,2026-04-10,OCMS_Historical,Under Implementation,1,1
PAIMANA-SEC_HEALTH-2015-2332,All India Institute of Medical Sciences (AIIMS) 750-Bed Super-Specialty Campus at Kota,MoHFW,Ministry of Health and Family Welfare,SEC_HEALTH,AIIMS & Super-Specialty Medical Infra,Rajasthan,North,MoHFW/HSCC,26.9373,74.1228,3653.46,4269.43,615.97,16.86,2134.89,50.0,78.5,2015-05-11,2019-10-08,2021-08-06,53,22,150.0,30,30,1,673,975.4,71.1,Stage-I,6.6,0,0.0,Moderate/Plateau,0.72,0.64,2026-04-10,OCMS_Historical,Under Implementation,1,1
PAIMANA-SEC_WATER-2019-2333,Urban 24x7 Water Supply & Advanced Smart Grid Pipeline in Ujjain,MoHUA,Ministry of Housing and Urban Affairs,SEC_WATER,Water Supply & Urban Sanitation,Madhya Pradesh,Central,Jal Nigam,22.4393,78.8515,937.14,1002.08,64.94,6.93,614.77,61.3,100.0,2019-01-12,2021-01-10,2021-01-10,24,0,150.0,42,42,0,0,1323.3,81.3,Approved,8.5,0,0.0,High/Himalayan/Riverine,0.6,0.35,2026-04-10,OCMS_Historical,Commissioned,0,0
PAIMANA-SEC_HEAVY-2014-2334,Heavy Electrical Equipment & Gas Turbine Manufacturing Facility at Karnaprayag,MHI,Ministry of Heavy Industries,SEC_HEAVY,Heavy Engineering & Capital Goods,Uttarakhand,North,BHEL,29.6482,79.24,4730.55,5949.42,1218.87,25.77,2749.72,46.2,80.9,2014-03-05,2018-11-01,2021-01-29,56,27,150.0,16,16,1,835,797.5,38.3,Stage-I,7.9,0,0.0,High/Himalayan/Riverine,0.88,0.31,2026-04-10,OCMS_Historical,Under Implementation,1,1
PAIMANA-SEC_PWR_TR-2022-2335,Green Energy Corridor Intra-State Transmission Scheme Phase-4 in Patiala,MoP,Ministry of Power,SEC_PWR_TR,Power Transmission & Grid,Punjab,North,POWERGRID,30.6469,75.7562,1321.92,1418.87,96.95,7.33,909.08,64.1,100.0,2022-06-19,2024-08-17,2024-08-17,26,0,150.0,16,16,0,0,397.4,94.4,Approved,9.1,1,191.64,Moderate/Plateau,0.31,0.64,2026-04-10,PAIMANA_Live,Commissioned,0,0
PAIMANA-SEC_HEAVY-2018-2336,Heavy Electrical Equipment & Gas Turbine Manufacturing Facility at Haldwani,MHI,Ministry of Heavy Industries,SEC_HEAVY,Heavy Engineering & Capital Goods,Uttarakhand,North,BHEL,29.7784,78.8328,833.28,1005.74,172.46,20.7,415.82,41.3,65.8,2018-04-01,2019-10-30,2021-09-28,19,23,150.0,13,12,1,728,910.4,46.4,Approved,8.9,1,213.16,Moderate/Plateau,0.71,0.42,2026-04-10,OCMS_Historical,Under Implementation,1,1
PAIMANA-SEC_SMART-2022-2337,Industrial Smart City & Integrated Manufacturing Node at Jorhat,MoHUA,Ministry of Housing and Urban Affairs,SEC_SMART,Smart Cities & Industrial Corridors,Assam,North-East,NICDC,25.768,92.4507,640.9,755.75,114.85,17.92,363.26,48.1,74.9,2022-07-13,2024-06-11,2025-12-10,23,18,150.0,20,20,1,556,275.6,74.1,Approved,7.5,0,0.0,High/Himalayan/Riverine,0.48,0.76,2026-04-10,PAIMANA_Live,Under Implementation,1,1
PAIMANA-SEC_PORT-2014-2338,Greenfield Deep-Water Major Port & Container Terminal Phase-4 at National Corridor,MoPSW,"Ministry of Ports, Shipping and Waterways",SEC_PORT,Major Ports & Maritime Channels,Multi-State / National,National,Port Authority,22.5921,78.7791,861.14,928.89,67.75,7.87,592.2,63.8,100.0,2014-07-26,2016-12-23,2016-12-23,29,0,150.0,22,22,0,0,1622.1,81.5,Approved,9.5,1,272.27,Low/Plains,0.3,0.87,2026-04-10,OCMS_Historical,Commissioned,0,0
PAIMANA-SEC_TEL-2017-2339,BharatNet Rural Optical Fiber Network Phase-3 across Mangaluru,DoT,Department of Telecommunications,SEC_TEL,Telecommunication & BharatNet Fiber,Karnataka,South,BBNL,15.1584,75.2583,793.81,950.71,156.9,19.77,399.62,42.0,69.7,2017-04-16,2019-09-14,2021-11-12,29,26,150.0,37,37,1,791,1519.9,88.4,Approved,4.6,0,0.0,High/Himalayan/Riverine,0.53,0.41,2026-04-10,OCMS_Historical,Under Implementation,1,1
PAIMANA-SEC_AIR-2020-2340,Regional Airport Modernization & Runway Extension under UDAN at Ambala,MoCA,Ministry of Civil Aviation,SEC_AIR,Regional & Greenfield Airports,Haryana,North,AAI,28.5239,75.9916,1349.52,1485.47,135.95,10.07,928.06,62.5,100.0,2020-11-05,2023-07-05,2023-07-05,32,0,150.0,12,12,0,0,1750.1,84.2,Approved,7.4,1,336.8,Low/Plains,0.95,0.47,2026-04-10,PAIMANA_Live,Commissioned,0,0
PAIMANA-SEC_PWR_GEN-2021-2341,Ultra Mega Supercritical Thermal Power Project (77x800 MW) at Asansol,MoP,Ministry of Power,SEC_PWR_GEN,Thermal & Hydro Power Generation,West Bengal,East,NTPC,22.5191,87.7795,1336.96,1694.55,357.59,26.75,689.23,40.7,63.9,2021-07-23,2024-08-20,2028-03-19,37,43,150.0,23,23,1,1319,901.7,32.9,Approved,4.5,3,273.61,Low/Plains,0.23,0.58,2026-04-10,PAIMANA_Live,Under Implementation,1,1
PAIMANA-SEC_SMART-2019-2342,Special Investment Region Trunk Infrastructure & Utilities at Visakhapatnam,MoHUA,Ministry of Housing and Urban Affairs,SEC_SMART,Smart Cities & Industrial Corridors,Andhra Pradesh,South,Dholera/DMIC,15.7612,80.1768,1151.13,1361.32,210.19,18.26,655.76,48.2,73.3,2019-01-06,2021-02-04,2023-04-05,25,26,150.0,24,24,1,800,443.1,49.3,Approved,9.3,0,0.0,Moderate/Plateau,0.85,0.46,2026-04-10,OCMS_Historical,Under Implementation,1,1
PAIMANA-SEC_AIR-2014-2343,Greenfield International Airport Terminal-92 & Parallel Runway at Bhopal,MoCA,Ministry of Civil Aviation,SEC_AIR,Regional & Greenfield Airports,Madhya Pradesh,Central,AAI,22.4407,78.7378,1738.36,2117.95,379.59,21.84,897.75,42.4,64.9,2014-08-01,2017-02-28,2020-05-28,31,39,150.0,26,26,1,1160,1664.1,59.0,Approved,4.7,1,53.84,Low/Plains,0.63,0.4,2026-04-10,OCMS_Historical,Under Implementation,1,1
PAIMANA-SEC_PORT-2019-2344,Port Connectivity Dedicated Rail-Sea Multimodal Corridor at Thane,MoPSW,"Ministry of Ports, Shipping and Waterways",SEC_PORT,Major Ports & Maritime Channels,Maharashtra,West,Sagarmala Dev,19.2323,75.2799,3557.17,4204.88,647.71,18.21,2084.86,49.6,77.6,2019-02-23,2023-06-22,2025-08-20,52,26,150.0,43,43,1,790,270.4,70.7,Approved,7.0,0,0.0,Low/Plains,0.22,0.72,2026-04-10,OCMS_Historical,Under Implementation,1,1
PAIMANA-SEC_PWR_GEN-2014-2345,Ultra Mega Supercritical Thermal Power Project (90x800 MW) at Dwarka,MoP,Ministry of Power,SEC_PWR_GEN,Thermal & Hydro Power Generation,Delhi NCR,North,NTPC,28.7956,76.53,2829.01,3579.96,750.95,26.54,1800.65,50.3,79.1,2014-01-24,2018-03-24,2020-11-20,50,32,150.0,30,30,1,969,152.6,63.8,Stage-I,3.6,1,132.53,High/Himalayan/Riverine,0.83,0.46,2026-04-10,OCMS_Historical,Under Implementation,1,1
PAIMANA-SEC_MINE-2016-2346,Copper Ore Underground Mine Expansion Project in Ayodhya,MoMines,Ministry of Mines,SEC_MINE,Strategic Mineral Extraction,Uttar Pradesh,North,HCL,27.4291,81.4469,280.05,356.81,76.76,27.41,160.34,44.9,72.3,2016-12-18,2019-02-16,2020-07-16,26,17,150.0,43,43,1,519,779.6,79.0,Approved,9.1,2,561.47,Low/Plains,0.79,0.39,2026-04-10,OCMS_Historical,Under Implementation,1,1
PAIMANA-SEC_PORT-2023-2347,Port Connectivity Dedicated Rail-Sea Multimodal Corridor at Hyderabad,MoPSW,"Ministry of Ports, Shipping and Waterways",SEC_PORT,Major Ports & Maritime Channels,Telangana,South,Sagarmala Dev,17.6423,78.8175,157.0,162.88,5.88,3.75,107.97,66.3,100.0,2023-12-27,2025-06-26,2025-06-26,18,0,150.0,19,19,0,0,1424.2,89.5,Approved,9.4,0,0.0,Moderate/Plateau,0.19,0.23,2026-04-10,PAIMANA_Live,Commissioned,0,0
PAIMANA-SEC_ATOM-2015-2348,Fast Breeder Reactor & Reprocessing Facility at Kalaburagi,DAE,Department of Atomic Energy,SEC_ATOM,Atomic Energy & Nuclear Power,Karnataka,South,BHAVINI,15.0555,75.4402,2788.36,3113.3,324.94,11.65,1731.26,55.6,85.6,2015-08-12,2019-10-10,2021-02-07,50,16,150.0,15,15,1,525,237.4,68.1,Approved,7.8,1,233.02,Moderate/Plateau,0.47,0.29,2026-04-10,OCMS_Historical,Nearing Completion,1,1
PAIMANA-SEC_PET-2019-2349,Green Hydrogen & Bio-Ethanol Mega Plant at Barmer,MoPNG,Ministry of Petroleum and Natural Gas,SEC_PET,Petroleum Pipelines & Refineries,Rajasthan,North,BPCL,26.8465,73.6778,313.27,455.87,142.6,45.52,170.72,37.4,67.0,2019-07-13,2022-01-10,2025-02-07,30,37,150.0,33,33,1,1107,1126.8,67.3,Stage-II Pending,6.4,2,592.92,High/Himalayan/Riverine,0.71,0.8,2026-04-10,OCMS_Historical,Under Implementation,1,1
PAIMANA-SEC_RLY-2023-2350,Dedicated Freight Corridor (Western/Eastern Phase-1) near Ayodhya,MoR,Ministry of Railways,SEC_RLY,Railways & High-Speed Rail,Uttar Pradesh,North,DFCCIL,27.313,81.2946,927.12,1091.32,164.2,17.71,486.61,44.6,67.7,2023-11-01,2025-08-30,2027-09-29,22,25,134.1,37,37,1,753,1524.3,28.9,Approved,8.8,0,0.0,Moderate/Plateau,0.72,0.47,2026-04-10,PAIMANA_Live,Under Implementation,1,1
PAIMANA-SEC_SMART-2015-2351,Special Investment Region Trunk Infrastructure & Utilities at Ambala,MoHUA,Ministry of Housing and Urban Affairs,SEC_SMART,Smart Cities & Industrial Corridors,Haryana,North,Dholera/DMIC,29.1443,76.4775,377.66,493.78,116.12,30.75,190.32,38.5,65.4,2015-07-20,2018-02-16,2020-12-15,31,34,150.0,47,47,1,1049,111.8,86.9,Approved,6.6,4,375.26,High/Himalayan/Riverine,0.47,0.66,2026-04-10,OCMS_Historical,Under Implementation,1,1
PAIMANA-SEC_ATOM-2021-2352,Pressurized Heavy Water Reactor Nuclear Power Unit (36x700 MWe) at Visakhapatnam,DAE,Department of Atomic Energy,SEC_ATOM,Atomic Energy & Nuclear Power,Andhra Pradesh,South,NPCIL,15.7407,79.7869,207.21,226.95,19.74,9.53,109.53,48.3,76.8,2021-06-19,2023-11-17,2025-05-17,29,18,150.0,24,24,1,529,1765.2,71.9,Approved,6.5,0,0.0,Moderate/Plateau,0.25,0.49,2026-04-10,PAIMANA_Live,Under Implementation,0,1
PAIMANA-SEC_LOG-2019-2353,Central Freight Logistics & Cold Chain Infrastructure Hub at Pan-India Grid,MoRTH,Ministry of Road Transport and Highways,SEC_LOG,Multimodal Logistics Parks (MMLP),Multi-State / National,National,CONCOR,22.1913,78.5131,1919.84,2053.99,134.15,6.99,1320.26,64.3,100.0,2019-07-11,2022-12-08,2022-12-08,41,0,150.0,21,21,0,0,1714.5,90.7,Approved,7.5,0,0.0,Low/Plains,0.47,0.4,2026-04-10,OCMS_Historical,Commissioned,0,0
PAIMANA-SEC_CHEM-2019-2354,Coal-Gasification Based Urea & Fertilizer Complex at Noida,MoCF,Ministry of Chemicals and Fertilizers,SEC_CHEM,Fertilizer Plants & Petrochemicals,Uttar Pradesh,North,FCIL,26.4358,81.3371,2360.91,2981.81,620.9,26.3,1151.47,38.6,66.3,2019-09-02,2022-05-01,2025-10-28,32,42,150.0,33,33,1,1272,1655.6,82.4,Approved,4.1,4,506.27,Moderate/Plateau,0.76,0.84,2026-04-10,OCMS_Historical,Under Implementation,1,1
PAIMANA-SEC_REN-2021-2355,Offshore & Onshore Hybrid Wind-Solar Power Hub in Patna,MNRE,Ministry of New and Renewable Energy,SEC_REN,Solar & Renewable Green Energy,Bihar,East,NTPC-REL,25.0079,85.875,663.76,806.49,142.73,21.5,381.7,47.3,74.1,2021-07-14,2024-06-12,2026-03-12,35,21,150.0,47,47,1,635,865.5,88.1,Approved,8.9,2,576.55,Low/Plains,0.31,0.81,2026-04-10,PAIMANA_Live,Under Implementation,1,1
PAIMANA-SEC_HWY-2022-2356,Economic Corridor NH-64 6-Lane Access Controlled Highway (Bhopal),MoRTH,Ministry of Road Transport and Highways,SEC_HWY,Highways & Expressways,Madhya Pradesh,Central,NHAI,22.9364,79.1607,157.0,184.43,27.43,17.47,72.02,39.1,62.5,2022-08-27,2024-03-26,2027-03-25,19,36,150.0,12,12,1,1121,820.1,60.2,Exempted,3.3,0,0.0,Low/Plains,0.24,0.55,2026-04-10,PAIMANA_Live,Under Implementation,1,1
PAIMANA-SEC_PWR_TR-2015-2357,765kV High Voltage Direct Current (HVDC) Inter-Regional Grid (Srinagar-Udhampur),MoP,Ministry of Power,SEC_PWR_TR,Power Transmission & Grid,Jammu & Kashmir,North,PGCIL,34.2073,76.1452,683.12,827.75,144.63,21.17,288.54,34.9,61.2,2015-09-10,2017-06-09,2019-11-07,21,29,150.0,32,32,1,867,66.2,86.7,Approved,4.8,0,0.0,High/Himalayan/Riverine,0.57,0.25,2026-04-10,OCMS_Historical,Under Implementation,1,1
PAIMANA-SEC_AIR-2018-2358,Air Cargo Hub & Aircraft Maintenance Repair Overhaul (MRO) at Jorhat,MoCA,Ministry of Civil Aviation,SEC_AIR,Regional & Greenfield Airports,Assam,North-East,AAI,26.2961,93.0947,1665.4,1823.56,158.16,9.5,1145.28,62.8,100.0,2018-08-07,2020-10-05,2020-10-05,26,0,150.0,34,34,0,0,192.1,75.1,Exempted,7.5,1,187.62,Low/Plains,0.9,0.65,2026-04-10,OCMS_Historical,Commissioned,0,0
PAIMANA-SEC_PWR_TR-2020-2359,Substation Automation & GIS Grid Augmentation at Aurangabad,MoP,Ministry of Power,SEC_PWR_TR,Power Transmission & Grid,Maharashtra,West,PGCIL,19.4966,75.4331,281.64,298.7,17.06,6.06,189.83,63.6,100.0,2020-06-23,2022-09-21,2022-09-21,27,0,150.0,34,34,0,0,138.9,80.7,Approved,6.6,0,0.0,Low/Plains,0.87,0.71,2026-04-10,PAIMANA_Live,Commissioned,0,0
PAIMANA-SEC_HWY-2023-2360,Economic Corridor NH-62 6-Lane Access Controlled Highway (Rajkot),MoRTH,Ministry of Road Transport and Highways,SEC_HWY,Highways & Expressways,Gujarat,West,NHAI,22.4077,71.741,1366.21,1535.27,169.06,12.37,939.53,61.2,96.2,2023-12-12,2026-02-09,2026-02-09,26,0,108.2,22,19,0,0,1587.4,96.5,Stage-II Pending,4.8,0,0.0,High/Himalayan/Riverine,0.74,0.4,2026-04-10,PAIMANA_Live,Nearing Completion,1,0
PAIMANA-SEC_REN-2016-2361,Ultra Mega Solar Park (85 MW) with Battery Storage at Mangaluru,MNRE,Ministry of New and Renewable Energy,SEC_REN,Solar & Renewable Green Energy,Karnataka,South,SECI,15.4214,75.213,1131.23,1249.52,118.29,10.46,683.84,54.7,83.4,2016-02-19,2018-01-18,2018-09-18,23,8,150.0,28,27,1,226,1541.2,94.6,Stage-I,9.6,1,290.1,Moderate/Plateau,0.39,0.87,2026-04-10,OCMS_Historical,Under Implementation,0,1
PAIMANA-SEC_STEEL-2014-2362,Specialty Alloy & Hot Rolled Coil Expansion Facility at Deoghar,MoSteel,Ministry of Steel,SEC_STEEL,Steel Plants & Metallurgy Units,Jharkhand,East,RINL,23.5571,85.3475,1990.09,2329.35,339.26,17.05,942.24,40.5,65.3,2014-12-23,2017-06-22,2020-02-19,30,32,150.0,14,14,1,945,1739.7,73.9,Stage-II Pending,7.2,2,239.23,Low/Plains,0.47,0.67,2026-04-10,OCMS_Historical,Under Implementation,1,1
PAIMANA-SEC_COAL-2017-2363,Coal Bed Methane & Deep Underground Extraction Unit at Patna,MoCoal,Ministry of Coal,SEC_COAL,Coal Mining & Washeries,Bihar,East,NCDC,24.6056,85.0157,1285.89,1432.4,146.51,11.39,884.29,61.7,100.0,2017-06-10,2020-08-08,2020-08-08,38,0,150.0,44,44,0,0,739.7,88.1,Exempted,7.9,1,318.04,Moderate/Plateau,0.35,0.81,2026-04-10,OCMS_Historical,Commissioned,1,0
PAIMANA-SEC_METRO-2022-2364,Urban Light Rail Transit / MetroLite System for Indore Smart City,MoHUA,Ministry of Housing and Urban Affairs,SEC_METRO,Metro Rail & Urban Transit,Madhya Pradesh,Central,Metro Rail Corp,22.8112,78.9913,455.41,461.12,5.71,1.25,303.46,65.8,100.0,2022-07-21,2024-10-18,2024-10-18,27,0,150.0,30,30,0,0,1293.4,88.0,Approved,9.0,0,0.0,Moderate/Plateau,0.76,0.33,2026-04-10,PAIMANA_Live,Commissioned,0,0
PAIMANA-SEC_PWR_GEN-2018-2365,Ultra Mega Supercritical Thermal Power Project (89x800 MW) at Singrauli,MoP,Ministry of Power,SEC_PWR_GEN,Thermal & Hydro Power Generation,Madhya Pradesh,Central,NTPC,22.433,78.4219,3577.25,4126.97,549.72,15.37,2041.21,49.5,75.0,2018-07-18,2022-09-15,2025-02-12,50,29,150.0,28,28,1,897,688.5,47.6,Stage-I,4.7,1,167.91,Low/Plains,0.33,0.48,2026-04-10,OCMS_Historical,Under Implementation,1,1
PAIMANA-SEC_ATOM-2014-2366,Pressurized Heavy Water Reactor Nuclear Power Unit (44x700 MWe) at Solapur,DAE,Department of Atomic Energy,SEC_ATOM,Atomic Energy & Nuclear Power,Maharashtra,West,NPCIL,20.2298,76.1279,987.33,1170.03,182.7,18.5,550.59,47.1,79.6,2014-06-03,2017-07-01,2019-05-31,37,23,150.0,13,13,1,688,1204.2,59.1,Approved,9.4,1,219.8,Moderate/Plateau,0.38,0.69,2026-04-10,OCMS_Historical,Under Implementation,1,1
PAIMANA-SEC_COAL-2020-2367,Open Cast Coal Mining Project (70 MTPA) with High-Capacity Conveyors at Aurangabad,MoCoal,Ministry of Coal,SEC_COAL,Coal Mining & Washeries,Maharashtra,West,CIL,19.2882,75.1182,1118.41,1190.11,71.7,6.41,621.62,52.2,76.3,2020-10-23,2022-12-22,2024-01-21,26,13,150.0,12,12,1,421,1572.7,93.9,Stage-II Pending,9.4,0,0.0,Low/Plains,0.4,0.5,2026-04-10,PAIMANA_Live,Under Implementation,0,1
PAIMANA-SEC_AIR-2022-2368,Air Cargo Hub & Aircraft Maintenance Repair Overhaul (MRO) at Kakinada,MoCA,Ministry of Civil Aviation,SEC_AIR,Regional & Greenfield Airports,Andhra Pradesh,South,AAI,16.1604,79.9,472.96,575.72,102.76,21.73,273.26,47.5,74.2,2022-01-06,2024-08-05,2026-08-04,31,24,150.0,26,26,1,726,1474.6,43.4,Approved,9.0,1,200.2,Moderate/Plateau,0.13,0.22,2026-04-10,PAIMANA_Live,Under Implementation,1,1
PAIMANA-SEC_WATER-2020-2369,Comprehensive Sewage Treatment & River Cleaning Mission at Indore,MoHUA,Ministry of Housing and Urban Affairs,SEC_WATER,Water Supply & Urban Sanitation,Madhya Pradesh,Central,NMCG,23.3896,79.1031,753.32,885.55,132.23,17.55,444.76,50.2,81.1,2020-02-08,2022-09-07,2024-04-06,31,19,150.0,37,37,1,563,462.0,75.9,Approved,5.4,1,173.69,Low/Plains,0.6,0.74,2026-04-10,PAIMANA_Live,Under Implementation,1,1
PAIMANA-SEC_METRO-2015-2370,Metro Rail Project Phase-1 (Elevated & Underground Corridor Bokaro-Dhanbad),MoHUA,Ministry of Housing and Urban Affairs,SEC_METRO,Metro Rail & Urban Transit,Jharkhand,East,Metro Rail Corp,23.3803,85.4806,495.24,662.77,167.53,33.83,242.23,36.5,64.2,2015-02-02,2017-04-02,2020-08-30,26,41,150.0,47,47,1,1270,1035.7,51.7,Exempted,6.5,4,716.31,Low/Plains,0.53,0.23,2026-04-10,OCMS_Historical,Under Implementation,1,1
PAIMANA-SEC_HEAVY-2017-2371,Heavy Machine Tools & Engineering Foundry Unit in Rohtak,MHI,Ministry of Heavy Industries,SEC_HEAVY,Heavy Engineering & Capital Goods,Haryana,North,HMT,29.2486,76.1368,973.9,1063.37,89.47,9.19,669.75,63.0,100.0,2017-08-14,2020-02-12,2020-02-12,30,0,150.0,13,12,0,0,1320.2,84.9,Stage-II Pending,9.8,1,83.52,Moderate/Plateau,0.7,0.74,2026-04-10,OCMS_Historical,Commissioned,0,0
PAIMANA-SEC_COAL-2020-2372,Mechanized Coal Washery & Pithead Rail Dispatch Facility (Guntur),MoCoal,Ministry of Coal,SEC_COAL,Coal Mining & Washeries,Andhra Pradesh,South,BCCL,15.5036,79.6501,5835.58,5988.76,153.18,2.62,3477.32,58.1,85.0,2020-04-14,2026-07-12,2026-07-12,75,0,96.1,45,33,0,0,461.7,82.7,Approved,9.4,0,0.0,Low/Plains,0.53,0.65,2026-04-10,PAIMANA_Live,Nearing Completion,0,0
PAIMANA-SEC_WATER-2021-2373,Urban 24x7 Water Supply & Advanced Smart Grid Pipeline in Muzaffarpur,MoHUA,Ministry of Housing and Urban Affairs,SEC_WATER,Water Supply & Urban Sanitation,Bihar,East,Jal Nigam,24.8458,85.4136,311.78,324.49,12.71,4.08,210.38,64.8,100.0,2021-09-27,2024-03-27,2024-03-27,30,0,150.0,12,11,0,0,156.8,76.0,Stage-I,4.1,0,0.0,Low/Plains,0.57,0.35,2026-04-10,PAIMANA_Live,Commissioned,0,0
PAIMANA-SEC_STEEL-2023-2374,Specialty Alloy & Hot Rolled Coil Expansion Facility at Ramagundam,MoSteel,Ministry of Steel,SEC_STEEL,Steel Plants & Metallurgy Units,Telangana,South,RINL,17.9556,79.3098,247.83,283.43,35.6,14.36,111.64,39.4,60.7,2023-09-04,2025-03-04,2027-07-03,18,28,150.0,32,32,1,854,85.0,75.3,Approved,6.3,0,0.0,Moderate/Plateau,0.17,0.35,2026-04-10,PAIMANA_Live,Under Implementation,1,1
PAIMANA-SEC_HWY-2019-2375,Greenfield Coastal Corridor Expressway (Noida-Gorakhpur Phase 4),MoRTH,Ministry of Road Transport and Highways,SEC_HWY,Highways & Expressways,Uttar Pradesh,North,NHAI,27.2084,80.9875,4643.48,5901.19,1257.71,27.09,2735.07,46.3,75.7,2019-01-03,2023-11-01,2027-01-29,58,39,150.0,19,19,1,1176,849.6,27.6,Stage-II Pending,4.6,1,310.25,Low/Plains,0.39,0.88,2026-04-10,OCMS_Historical,Under Implementation,1,1
PAIMANA-SEC_IRR-2015-2376,National River Interlinking Canal & Barrage System (Vadodara-Bhavnagar),DoWR,"Department of Water Resources, RD & GR",SEC_IRR,National River Link & Irrigation,Gujarat,West,NWDA,22.661,71.1819,940.82,1061.52,120.7,12.83,486.6,45.8,75.4,2015-11-04,2018-03-04,2019-06-03,28,15,150.0,45,45,1,484,1036.9,96.8,Stage-I,8.3,2,134.07,Moderate/Plateau,0.32,0.5,2026-04-10,OCMS_Historical,Under Implementation,1,1
PAIMANA-SEC_INLAND-2021-2377,Fairway Development & River Ro-Ro Terminal Facility in Indore,MoPSW,"Ministry of Ports, Shipping and Waterways",SEC_INLAND,National Waterways & River Ports,Madhya Pradesh,Central,IWAI,22.5785,78.962,607.89,784.2,176.31,29.0,288.72,36.8,62.4,2021-01-21,2022-12-21,2025-07-20,23,31,150.0,13,13,1,922,394.9,81.1,Stage-II Pending,8.1,2,81.12,High/Himalayan/Riverine,0.44,0.85,2026-04-10,PAIMANA_Live,Under Implementation,1,1
PAIMANA-SEC_HWY-2020-2378,Economic Corridor NH-53 6-Lane Access Controlled Highway (Warangal),MoRTH,Ministry of Road Transport and Highways,SEC_HWY,Highways & Expressways,Telangana,South,NHAI,17.7142,78.4695,3082.56,3416.22,333.66,10.82,2119.86,62.1,100.0,2020-11-21,2024-10-19,2024-10-19,47,0,138.0,21,21,0,0,1337.5,97.3,Approved,4.7,0,0.0,High/Himalayan/Riverine,0.15,0.26,2026-04-10,PAIMANA_Live,Commissioned,1,0
PAIMANA-SEC_CHEM-2017-2379,Coal-Gasification Based Urea & Fertilizer Complex at Salem,MoCF,Ministry of Chemicals and Fertilizers,SEC_CHEM,Fertilizer Plants & Petrochemicals,Tamil Nadu,South,FCIL,10.6375,78.8273,645.66,761.88,116.22,18.0,326.63,42.9,69.9,2017-01-05,2019-02-04,2021-06-04,25,28,150.0,23,23,1,841,216.1,97.6,Approved,7.9,2,262.0,Low/Plains,0.35,0.3,2026-04-10,OCMS_Historical,Under Implementation,1,1
PAIMANA-SEC_PORT-2018-2380,LNG Import Terminal & Marine Jetty Infrastructure at Gorakhpur,MoPSW,"Ministry of Ports, Shipping and Waterways",SEC_PORT,Major Ports & Maritime Channels,Uttar Pradesh,North,Petronet,26.5093,80.7426,6504.93,7938.93,1434.0,22.04,3949.7,49.8,80.9,2018-07-22,2024-10-18,2028-02-16,75,40,123.9,38,38,1,1188,860.0,91.6,Approved,3.2,2,479.92,Low/Plains,0.66,0.63,2026-04-10,OCMS_Historical,Under Implementation,1,1
PAIMANA-SEC_PET-2018-2381,Strategic Petroleum Reserve Underground Rock Caverns at Ujjain,MoPNG,Ministry of Petroleum and Natural Gas,SEC_PET,Petroleum Pipelines & Refineries,Madhya Pradesh,Central,ISPRL,23.0473,79.0843,2185.58,2351.38,165.8,7.59,1503.01,63.9,100.0,2018-07-21,2022-01-17,2022-01-17,42,0,150.0,47,46,0,0,1602.4,92.7,Stage-II Pending,8.8,1,345.57,Moderate/Plateau,0.74,0.89,2026-04-10,OCMS_Historical,Commissioned,0,0
PAIMANA-SEC_SMART-2019-2382,Special Investment Region Trunk Infrastructure & Utilities at Rourkela,MoHUA,Ministry of Housing and Urban Affairs,SEC_SMART,Smart Cities & Industrial Corridors,Odisha,East,Dholera/DMIC,21.3845,85.4722,722.05,760.22,38.17,5.29,496.55,65.3,100.0,2019-11-18,2022-05-18,2022-05-18,30,0,150.0,22,22,0,0,1343.2,78.4,Approved,6.2,0,0.0,Low/Plains,0.83,0.83,2026-04-10,OCMS_Historical,Commissioned,0,0
PAIMANA-SEC_CHEM-2019-2383,Coal-Gasification Based Urea & Fertilizer Complex at Ujjain,MoCF,Ministry of Chemicals and Fertilizers,SEC_CHEM,Fertilizer Plants & Petrochemicals,Madhya Pradesh,Central,FCIL,23.4189,78.9315,8911.07,11253.36,2342.29,26.29,5068.12,45.0,71.2,2019-09-16,2026-08-13,2028-11-10,83,27,95.2,44,40,2,805,1381.8,53.8,Approved,5.1,0,0.0,High/Himalayan/Riverine,0.68,0.85,2026-04-10,OCMS_Historical,Under Implementation,1,1
PAIMANA-SEC_HEAVY-2019-2384,Heavy Machine Tools & Engineering Foundry Unit in Hyderabad,MHI,Ministry of Heavy Industries,SEC_HEAVY,Heavy Engineering & Capital Goods,Telangana,South,HMT,18.3918,78.4291,645.6,674.42,28.82,4.46,419.41,62.2,100.0,2019-09-02,2021-12-31,2021-12-31,28,0,150.0,13,13,0,0,774.6,89.0,Approved,8.4,0,0.0,Moderate/Plateau,0.54,0.68,2026-04-10,OCMS_Historical,Commissioned,0,0
PAIMANA-SEC_IRR-2017-2385,Lift Irrigation & Pressurized Piped Distribution Network in Udaipur,DoWR,"Department of Water Resources, RD & GR",SEC_IRR,National River Link & Irrigation,Rajasthan,North,WRD,27.0985,73.6522,2322.96,2835.72,512.76,22.07,1256.06,44.3,75.6,2017-05-06,2020-05-04,2022-12-02,36,31,150.0,48,48,1,929,930.6,76.8,Approved,3.8,0,0.0,High/Himalayan/Riverine,0.5,0.3,2026-04-10,OCMS_Historical,Under Implementation,1,1
PAIMANA-SEC_WATER-2016-2386,Comprehensive Sewage Treatment & River Cleaning Mission at Anantnag,MoHUA,Ministry of Housing and Urban Affairs,SEC_WATER,Water Supply & Urban Sanitation,Jammu & Kashmir,North,NMCG,34.2399,76.1433,1525.28,1820.94,295.66,19.38,855.16,47.0,78.9,2016-06-18,2019-05-18,2021-06-16,35,25,150.0,19,19,1,754,329.0,65.0,Exempted,7.3,2,195.23,High/Himalayan/Riverine,0.76,0.48,2026-04-10,OCMS_Historical,Under Implementation,1,1
PAIMANA-SEC_IRR-2023-2387,Lift Irrigation & Pressurized Piped Distribution Network in Gaya,DoWR,"Department of Water Resources, RD & GR",SEC_IRR,National River Link & Irrigation,Bihar,East,WRD,24.9774,84.9347,3953.12,4777.26,824.14,20.85,1273.71,26.7,46.6,2023-05-25,2027-07-23,2030-07-21,50,36,69.5,26,14,4,1070,213.5,88.3,Stage-II Pending,7.3,2,624.68,Low/Plains,0.82,0.34,2026-04-10,PAIMANA_Live,Under Implementation,1,1
PAIMANA-SEC_IRR-2018-2388,Lift Irrigation & Pressurized Piped Distribution Network in Jodhpur,DoWR,"Department of Water Resources, RD & GR",SEC_IRR,National River Link & Irrigation,Rajasthan,North,WRD,27.5693,73.9294,5059.6,6216.94,1157.34,22.87,2704.68,43.5,73.6,2018-03-18,2023-08-15,2026-12-13,65,40,149.3,36,36,1,1229,1299.3,26.4,Approved,4.2,1,165.91,Low/Plains,0.38,0.41,2026-04-10,OCMS_Historical,Under Implementation,1,1
PAIMANA-SEC_WATER-2014-2389,Comprehensive Sewage Treatment & River Cleaning Mission at Kota,MoHUA,Ministry of Housing and Urban Affairs,SEC_WATER,Water Supply & Urban Sanitation,Rajasthan,North,NMCG,26.9925,74.2705,1183.24,1400.48,217.24,18.36,724.91,51.8,79.5,2014-10-27,2016-09-25,2017-12-25,23,15,150.0,26,26,1,477,1386.4,83.4,Approved,7.7,1,259.2,High/Himalayan/Riverine,0.18,0.69,2026-04-10,OCMS_Historical,Under Implementation,1,1
PAIMANA-SEC_PWR_TR-2020-2390,Green Energy Corridor Intra-State Transmission Scheme Phase-1 in Inter-State Hub,MoP,Ministry of Power,SEC_PWR_TR,Power Transmission & Grid,Multi-State / National,National,POWERGRID,22.3039,78.4345,561.08,635.28,74.2,13.22,287.12,45.2,71.2,2020-08-07,2022-07-07,2023-12-05,23,17,150.0,40,40,1,549,1263.4,74.3,Stage-I,7.9,1,56.73,Moderate/Plateau,0.35,0.73,2026-04-10,PAIMANA_Live,Under Implementation,1,1
PAIMANA-SEC_PORT-2022-2391,LNG Import Terminal & Marine Jetty Infrastructure at Patna,MoPSW,"Ministry of Ports, Shipping and Waterways",SEC_PORT,Major Ports & Maritime Channels,Bihar,East,Petronet,25.3898,85.8423,1776.82,1922.38,145.56,8.19,1137.84,59.2,92.4,2022-02-17,2025-06-17,2025-10-16,40,4,124.8,37,31,4,141,566.2,93.1,Exempted,9.6,0,0.0,Low/Plains,0.87,0.75,2026-04-10,PAIMANA_Live,Nearing Completion,0,0
PAIMANA-SEC_AIR-2019-2392,Greenfield International Airport Terminal-43 & Parallel Runway at Mysuru,MoCA,Ministry of Civil Aviation,SEC_AIR,Regional & Greenfield Airports,Karnataka,South,AAI,15.3198,76.1342,602.92,675.14,72.22,11.98,356.74,52.8,77.8,2019-01-23,2021-03-23,2022-04-22,26,13,150.0,46,46,1,403,640.3,60.0,Exempted,9.4,0,0.0,Moderate/Plateau,0.86,0.25,2026-04-10,OCMS_Historical,Under Implementation,1,1
PAIMANA-SEC_PET-2018-2393,Integrated Petroleum Refinery Expansion & Polypropylene Unit at Surat,MoPNG,Ministry of Petroleum and Natural Gas,SEC_PET,Petroleum Pipelines & Refineries,Gujarat,West,IOCL,21.8177,71.0266,7772.32,9684.13,1911.81,24.6,4420.24,45.6,78.4,2018-11-05,2025-02-01,2028-05-01,75,39,119.2,21,21,1,1174,810.3,43.6,Stage-I,3.6,2,659.18,Moderate/Plateau,0.85,0.29,2026-04-10,OCMS_Historical,Under Implementation,1,1
PAIMANA-SEC_TEL-2021-2394,BharatNet Rural Optical Fiber Network Phase-2 across Varanasi,DoT,Department of Telecommunications,SEC_TEL,Telecommunication & BharatNet Fiber,Uttar Pradesh,North,BBNL,27.3062,80.7932,1306.77,1446.33,139.56,10.68,639.63,44.2,71.4,2021-07-15,2023-10-13,2025-05-12,27,19,150.0,16,16,1,592,764.0,95.6,Approved,8.9,1,87.12,Moderate/Plateau,0.82,0.47,2026-04-10,PAIMANA_Live,Under Implementation,0,1
PAIMANA-SEC_PET-2014-2395,Cross-Country Natural Gas Pipeline Grid (Paradip to Angul),MoPNG,Ministry of Petroleum and Natural Gas,SEC_PET,Petroleum Pipelines & Refineries,Odisha,East,GAIL,21.4356,85.6504,811.23,811.23,0.0,0.0,511.07,63.0,100.0,2014-11-21,2016-10-20,2016-10-20,23,0,150.0,42,42,0,0,658.7,95.7,Approved,5.2,0,0.0,Low/Plains,0.77,0.23,2026-04-10,OCMS_Historical,Commissioned,0,0
PAIMANA-SEC_PET-2021-2396,Crude Oil Pipeline Augmented Pumping Infrastructure at Jorhat,MoPNG,Ministry of Petroleum and Natural Gas,SEC_PET,Petroleum Pipelines & Refineries,Assam,North-East,HPCL,26.313,92.633,1367.93,1759.65,391.72,28.64,762.26,43.3,69.3,2021-04-28,2023-07-27,2026-01-24,27,30,150.0,44,44,1,928,1141.2,66.4,Approved,7.1,1,342.59,High/Himalayan/Riverine,0.33,0.7,2026-04-10,PAIMANA_Live,Under Implementation,1,1
PAIMANA-SEC_LOG-2015-2397,Multimodal Logistics Park (MMLP) with Inland Container Depot at Ramagundam,MoRTH,Ministry of Road Transport and Highways,SEC_LOG,Multimodal Logistics Parks (MMLP),Telangana,South,NHLML,18.5329,79.3079,319.21,358.78,39.57,12.4,146.41,40.8,63.5,2015-06-15,2017-02-12,2019-02-11,20,24,150.0,41,41,1,754,1485.3,70.4,Approved,8.6,0,0.0,Low/Plains,0.19,0.45,2026-04-10,OCMS_Historical,Under Implementation,1,1
PAIMANA-SEC_PET-2019-2398,Crude Oil Pipeline Augmented Pumping Infrastructure at Patiala,MoPNG,Ministry of Petroleum and Natural Gas,SEC_PET,Petroleum Pipelines & Refineries,Punjab,North,HPCL,31.4408,75.1128,456.04,514.42,58.38,12.8,249.46,48.5,73.4,2019-04-02,2021-03-01,2022-05-31,23,15,150.0,29,29,1,435,1562.1,82.7,Approved,6.6,1,46.71,Low/Plains,0.89,0.5,2026-04-10,OCMS_Historical,Under Implementation,1,1
PAIMANA-SEC_TEL-2014-2399,National 5G High-Density Core Network Infrastructure in Pan-India Grid,DoT,Department of Telecommunications,SEC_TEL,Telecommunication & BharatNet Fiber,Multi-State / National,National,BSNL,21.8176,79.1505,3590.33,4004.84,414.51,11.55,1940.01,48.4,81.2,2014-03-20,2018-05-18,2020-06-16,50,25,150.0,44,44,1,750,971.7,75.1,Stage-I,6.1,0,0.0,Moderate/Plateau,0.21,0.39,2026-04-10,OCMS_Historical,Under Implementation,1,1
PAIMANA-SEC_HEALTH-2016-2400,National Centre for Disease Control & Bio-Safety Level 4 Lab at Kalaburagi,MoHFW,Ministry of Health and Family Welfare,SEC_HEALTH,AIIMS & Super-Specialty Medical Infra,Karnataka,South,MoHFW,15.7629,75.4902,614.96,651.41,36.45,5.93,422.91,64.9,100.0,2016-04-26,2018-09-24,2018-09-24,29,0,150.0,46,46,0,0,1386.0,86.6,Approved,5.9,0,0.0,Moderate/Plateau,0.59,0.26,2026-04-10,OCMS_Historical,Commissioned,0,0
PAIMANA-SEC_METRO-2017-2401,Metro Rail Project Phase-2 (Elevated & Underground Corridor Dimapur-Kohima),MoHUA,Ministry of Housing and Urban Affairs,SEC_METRO,Metro Rail & Urban Transit,Nagaland,North-East,Metro Rail Corp,26.4358,95.0202,424.55,504.61,80.06,18.86,214.76,42.6,67.6,2017-05-13,2018-11-11,2020-04-10,18,17,150.0,18,18,1,495,404.1,74.6,Approved,6.6,0,0.0,High/Himalayan/Riverine,0.31,0.61,2026-04-10,OCMS_Historical,Under Implementation,1,1
PAIMANA-SEC_SMART-2020-2402,Industrial Smart City & Integrated Manufacturing Node at Prayagraj,MoHUA,Ministry of Housing and Urban Affairs,SEC_SMART,Smart Cities & Industrial Corridors,Uttar Pradesh,North,NICDC,27.1456,81.0572,1911.09,2083.08,171.99,9.0,1152.14,55.3,90.5,2020-09-04,2024-01-03,2024-09-02,40,8,150.0,26,26,1,259,677.2,96.1,Approved,6.8,0,0.0,Low/Plains,0.22,0.58,2026-04-10,PAIMANA_Live,Nearing Completion,0,1
PAIMANA-SEC_AIR-2021-2403,Regional Airport Modernization & Runway Extension under UDAN at Korba,MoCA,Ministry of Civil Aviation,SEC_AIR,Regional & Greenfield Airports,Chhattisgarh,Central,AAI,21.0015,81.7043,3540.51,4010.29,469.78,13.27,2155.88,53.8,81.6,2021-07-16,2025-04-14,2026-09-12,45,17,126.8,14,14,1,500,298.8,95.2,Approved,8.0,0,0.0,Moderate/Plateau,0.62,0.63,2026-04-10,PAIMANA_Live,Under Implementation,1,1
PAIMANA-SEC_HWY-2022-2404,National Highway NH-37 Widening & Bypass at Itanagar,MoRTH,Ministry of Road Transport and Highways,SEC_HWY,Highways & Expressways,Arunachal Pradesh,North-East,MoRTH,28.7397,94.6322,2272.45,2722.94,450.49,19.82,1277.18,46.9,74.6,2022-10-11,2025-07-10,2027-11-08,33,28,127.8,23,19,3,830,709.3,49.5,Stage-II Pending,6.6,1,21.37,Moderate/Plateau,0.87,0.36,2026-04-10,PAIMANA_Live,Under Implementation,1,1
PAIMANA-SEC_CHEM-2016-2405,Petrochemical Derivative & Polymer Manufacturing Unit at Singrauli,MoCF,Ministry of Chemicals and Fertilizers,SEC_CHEM,Fertilizer Plants & Petrochemicals,Madhya Pradesh,Central,HURL,23.075,78.5379,2956.77,3399.63,442.86,14.98,1679.46,49.4,78.9,2016-10-13,2020-08-11,2022-08-10,46,24,150.0,33,33,1,734,1282.8,46.4,Stage-I,4.2,0,0.0,Moderate/Plateau,0.77,0.71,2026-04-10,OCMS_Historical,Under Implementation,1,1
PAIMANA-SEC_PWR_GEN-2020-2406,Pumped Storage Hydroelectric Power Facility (25 MW) in Noida,MoP,Ministry of Power,SEC_PWR_GEN,Thermal & Hydro Power Generation,Uttar Pradesh,North,NHPC,27.122,80.6071,559.28,631.72,72.44,12.95,301.36,47.7,78.3,2020-07-25,2023-01-23,2024-06-22,30,17,150.0,46,46,1,518,429.5,61.7,Stage-I,7.4,1,135.42,Low/Plains,0.27,0.21,2026-04-10,PAIMANA_Live,Under Implementation,1,1
PAIMANA-SEC_INLAND-2018-2407,National Waterway NW-57 Multimodal Navigation Terminal at Nagpur,MoPSW,"Ministry of Ports, Shipping and Waterways",SEC_INLAND,National Waterways & River Ports,Maharashtra,West,IWAI,20.0865,75.9349,297.34,331.07,33.73,11.34,134.55,40.6,66.3,2018-11-13,2020-05-13,2022-04-12,18,23,150.0,31,31,1,686,612.6,82.5,Exempted,6.8,0,0.0,Low/Plains,0.86,0.38,2026-04-10,OCMS_Historical,Under Implementation,1,1
PAIMANA-SEC_REN-2015-2408,Offshore & Onshore Hybrid Wind-Solar Power Hub in Tirupati,MNRE,Ministry of New and Renewable Energy,SEC_REN,Solar & Renewable Green Energy,Andhra Pradesh,South,NTPC-REL,15.9255,79.7196,4778.46,5502.78,724.32,15.16,2945.42,53.5,85.2,2015-06-06,2020-05-03,2022-06-02,59,25,150.0,44,44,1,748,1612.1,93.2,Exempted,7.2,1,165.7,Low/Plains,0.46,0.69,2026-04-10,OCMS_Historical,Nearing Completion,1,1
PAIMANA-SEC_HWY-2017-2409,National Highway NH-94 Widening & Bypass at Vijayawada,MoRTH,Ministry of Road Transport and Highways,SEC_HWY,Highways & Expressways,Andhra Pradesh,South,MoRTH,16.4983,79.8526,844.77,1036.96,192.19,22.75,480.89,46.4,78.3,2017-07-18,2020-06-16,2022-04-15,35,22,150.0,26,26,1,676,891.5,57.1,Stage-I,9.4,1,315.81,Low/Plains,0.63,0.74,2026-04-10,OCMS_Historical,Under Implementation,1,1
PAIMANA-SEC_SMART-2016-2410,Industrial Smart City & Integrated Manufacturing Node at Thiruvananthapuram,MoHUA,Ministry of Housing and Urban Affairs,SEC_SMART,Smart Cities & Industrial Corridors,Kerala,South,NICDC,10.4044,75.8594,904.44,1033.64,129.2,14.29,507.3,49.1,74.8,2016-08-02,2019-03-02,2021-06-30,31,28,150.0,33,33,1,827,1412.3,59.2,Stage-I,6.3,1,154.31,Low/Plains,0.25,0.25,2026-04-10,OCMS_Historical,Under Implementation,1,1
PAIMANA-SEC_CHEM-2015-2411,Petrochemical Derivative & Polymer Manufacturing Unit at Bathinda,MoCF,Ministry of Chemicals and Fertilizers,SEC_CHEM,Fertilizer Plants & Petrochemicals,Punjab,North,HURL,31.2674,75.1201,4053.72,5011.96,958.24,23.64,2111.59,42.1,70.3,2015-09-07,2019-05-06,2022-03-04,44,34,150.0,17,17,1,1046,86.5,45.5,Approved,4.7,0,0.0,Moderate/Plateau,0.72,0.63,2026-04-10,OCMS_Historical,Under Implementation,1,1
PAIMANA-SEC_PWR_GEN-2015-2412,Ultra Mega Supercritical Thermal Power Project (67x800 MW) at Jharsuguda,MoP,Ministry of Power,SEC_PWR_GEN,Thermal & Hydro Power Generation,Odisha,East,NTPC,20.6052,85.4594,1946.96,2312.56,365.6,18.78,1050.15,45.4,72.2,2015-08-04,2018-02-01,2020-01-31,30,24,150.0,29,29,1,731,884.9,48.2,Approved,9.2,0,0.0,Low/Plains,0.32,0.61,2026-04-10,OCMS_Historical,Under Implementation,1,1
PAIMANA-SEC_STEEL-2020-2413,Integrated Steel Plant Modernization & Pelletization Unit at Tirupati,MoSteel,Ministry of Steel,SEC_STEEL,Steel Plants & Metallurgy Units,Andhra Pradesh,South,SAIL,16.0289,79.8706,1769.94,1860.05,90.11,5.09,1217.18,65.4,100.0,2020-04-04,2023-07-03,2023-07-03,39,0,150.0,24,24,0,0,704.5,75.9,Approved,5.5,0,0.0,Low/Plains,0.9,0.5,2026-04-10,PAIMANA_Live,Commissioned,0,0
PAIMANA-SEC_COAL-2021-2414,Coal Bed Methane & Deep Underground Extraction Unit at Ayodhya,MoCoal,Ministry of Coal,SEC_COAL,Coal Mining & Washeries,Uttar Pradesh,North,NCDC,27.4203,80.5462,8976.44,9129.85,153.41,1.71,3782.66,41.4,59.5,2021-09-17,2028-10-14,2028-10-14,85,0,64.7,17,8,0,0,188.3,80.0,Stage-II Pending,5.3,0,0.0,Moderate/Plateau,0.77,0.66,2026-04-10,PAIMANA_Live,Under Implementation,0,0
PAIMANA-SEC_RLY-2015-2415,Railway Doubling & Electrification of Vijayawada-Tirupati Section (13 km),MoR,Ministry of Railways,SEC_RLY,Railways & High-Speed Rail,Andhra Pradesh,South,CORE,15.8771,80.1732,622.82,821.83,199.01,31.95,271.19,33.0,58.7,2015-04-21,2016-10-19,2020-10-17,18,48,150.0,43,42,1,1437,1742.6,34.3,Exempted,3.8,2,328.29,Low/Plains,0.85,0.38,2026-04-10,OCMS_Historical,Under Implementation,1,1
PAIMANA-SEC_STEEL-2018-2416,Specialty Alloy & Hot Rolled Coil Expansion Facility at Ayodhya,MoSteel,Ministry of Steel,SEC_STEEL,Steel Plants & Metallurgy Units,Uttar Pradesh,North,RINL,26.5166,81.18,2771.25,2872.97,101.72,3.67,1905.77,66.3,100.0,2018-10-02,2021-08-31,2021-08-31,35,0,150.0,31,31,0,0,1203.5,81.0,Stage-I,4.0,0,0.0,Moderate/Plateau,0.84,0.56,2026-04-10,OCMS_Historical,Commissioned,0,0
PAIMANA-SEC_METRO-2023-2417,Regional Rapid Transit System (RRTS) Semi High-Speed Line (Kota-Jaipur),MoHUA,Ministry of Housing and Urban Affairs,SEC_METRO,Metro Rail & Urban Transit,Rajasthan,North,NCRTC,27.2645,73.839,1211.69,1517.25,305.56,25.22,580.59,38.3,64.3,2023-10-18,2025-10-16,2028-12-14,24,38,124.8,21,21,1,1163,1445.7,63.9,Approved,5.4,3,286.83,High/Himalayan/Riverine,0.59,0.29,2026-04-10,PAIMANA_Live,Under Implementation,1,1
PAIMANA-SEC_HEALTH-2015-2418,All India Institute of Medical Sciences (AIIMS) 750-Bed Super-Specialty Campus at Mormugao,MoHFW,Ministry of Health and Family Welfare,SEC_HEALTH,AIIMS & Super-Specialty Medical Infra,Goa,West,MoHFW/HSCC,15.5348,73.9982,1481.44,1576.41,94.97,6.41,978.33,62.1,100.0,2015-11-24,2018-06-23,2018-06-23,31,0,150.0,43,43,0,0,782.5,82.9,Exempted,6.4,1,16.0,Low/Plains,0.34,0.27,2026-04-10,OCMS_Historical,Commissioned,0,0
PAIMANA-SEC_LOG-2023-2419,Multimodal Logistics Park (MMLP) with Inland Container Depot at Kandla,MoRTH,Ministry of Road Transport and Highways,SEC_LOG,Multimodal Logistics Parks (MMLP),Gujarat,West,NHLML,22.4525,70.9976,4903.24,5497.26,594.02,12.11,1531.16,27.9,39.7,2023-05-12,2028-04-08,2029-12-07,59,20,59.6,18,10,6,599,1745.3,63.0,Approved,7.5,0,0.0,Low/Plains,0.22,0.31,2026-04-10,PAIMANA_Live,Under Implementation,1,1
PAIMANA-SEC_HEAVY-2014-2420,Heavy Electrical Equipment & Gas Turbine Manufacturing Facility at Barauni,MHI,Ministry of Heavy Industries,SEC_HEAVY,Heavy Engineering & Capital Goods,Bihar,East,BHEL,25.2594,85.7835,1859.48,2196.86,337.38,18.14,1036.11,47.2,74.8,2014-11-19,2018-02-16,2020-03-17,39,25,150.0,31,31,1,775,1197.0,68.3,Approved,7.8,0,0.0,Moderate/Plateau,0.66,0.64,2026-04-10,OCMS_Historical,Under Implementation,1,1
PAIMANA-SEC_STEEL-2015-2421,Integrated Steel Plant Modernization & Pelletization Unit at Mangaluru,MoSteel,Ministry of Steel,SEC_STEEL,Steel Plants & Metallurgy Units,Karnataka,South,SAIL,15.0698,75.1273,1914.07,2251.82,337.75,17.65,1167.2,51.8,83.5,2015-07-13,2019-02-09,2020-06-09,43,16,150.0,16,16,1,504,1258.0,59.5,Approved,8.6,0,0.0,Low/Plains,0.59,0.83,2026-04-10,OCMS_Historical,Under Implementation,1,1
PAIMANA-SEC_REN-2018-2422,Offshore & Onshore Hybrid Wind-Solar Power Hub in Jamshedpur,MNRE,Ministry of New and Renewable Energy,SEC_REN,Solar & Renewable Green Energy,Jharkhand,East,NTPC-REL,23.2918,85.0551,3179.53,3182.05,2.52,0.08,2084.71,65.5,100.0,2018-03-21,2021-09-17,2021-09-17,42,0,150.0,22,21,0,0,329.9,88.4,Approved,6.9,0,0.0,Low/Plains,0.86,0.21,2026-04-10,OCMS_Historical,Commissioned,0,0
PAIMANA-SEC_HWY-2015-2423,National Highway NH-60 Widening & Bypass at Panipat,MoRTH,Ministry of Road Transport and Highways,SEC_HWY,Highways & Expressways,Haryana,North,MoRTH,28.9524,76.3275,811.51,912.28,100.77,12.42,423.95,46.5,76.6,2015-09-04,2017-12-02,2019-07-02,27,19,150.0,30,30,1,564,1794.4,83.9,Approved,7.2,0,0.0,Low/Plains,0.7,0.31,2026-04-10,OCMS_Historical,Under Implementation,1,1
PAIMANA-SEC_PET-2015-2424,Strategic Petroleum Reserve Underground Rock Caverns at Nagpur,MoPNG,Ministry of Petroleum and Natural Gas,SEC_PET,Petroleum Pipelines & Refineries,Maharashtra,West,ISPRL,19.7124,75.4978,517.16,621.66,104.5,20.21,254.55,40.9,68.1,2015-11-24,2018-07-23,2020-11-20,32,28,150.0,39,39,1,842,1391.9,72.4,Exempted,3.7,0,0.0,Low/Plains,0.3,0.74,2026-04-10,OCMS_Historical,Under Implementation,1,1
PAIMANA-SEC_INLAND-2016-2425,National Waterway NW-44 Multimodal Navigation Terminal at Ramagundam,MoPSW,"Ministry of Ports, Shipping and Waterways",SEC_INLAND,National Waterways & River Ports,Telangana,South,IWAI,17.9724,79.1591,425.4,447.03,21.63,5.08,292.54,65.4,100.0,2016-05-27,2018-06-26,2018-06-26,25,0,150.0,17,17,0,0,1515.3,88.0,Approved,4.3,0,0.0,Low/Plains,0.8,0.56,2026-04-10,OCMS_Historical,Commissioned,0,0
PAIMANA-SEC_REN-2023-2426,Green Ammonia & Hydrogen Renewable Energy Island at Gaya,MNRE,Ministry of New and Renewable Energy,SEC_REN,Solar & Renewable Green Energy,Bihar,East,SECI,25.1408,84.825,177.25,234.38,57.13,32.23,87.74,37.4,63.2,2023-10-06,2025-04-05,2027-10-04,18,30,150.0,23,23,1,912,1445.3,82.9,Stage-II Pending,9.2,1,250.29,Moderate/Plateau,0.91,0.54,2026-04-10,PAIMANA_Live,Under Implementation,1,1
PAIMANA-SEC_PORT-2015-2427,Port Connectivity Dedicated Rail-Sea Multimodal Corridor at Gwalior,MoPSW,"Ministry of Ports, Shipping and Waterways",SEC_PORT,Major Ports & Maritime Channels,Madhya Pradesh,Central,Sagarmala Dev,22.8277,78.8649,8095.01,9180.79,1085.78,13.41,5566.88,60.6,100.0,2015-02-21,2022-11-18,2022-11-18,93,0,144.0,24,23,0,0,176.0,75.1,Approved,6.7,0,0.0,High/Himalayan/Riverine,0.52,0.73,2026-04-10,OCMS_Historical,Commissioned,1,0
PAIMANA-SEC_MINE-2017-2428,Copper Ore Underground Mine Expansion Project in Singrauli,MoMines,Ministry of Mines,SEC_MINE,Strategic Mineral Extraction,Madhya Pradesh,Central,HCL,22.4181,78.5785,402.45,581.48,179.03,44.49,193.77,33.3,58.6,2017-05-14,2019-02-11,2022-06-11,21,40,150.0,24,24,1,1245,1229.9,88.0,Exempted,8.7,4,1193.11,Moderate/Plateau,0.59,0.56,2026-04-10,OCMS_Historical,Under Implementation,1,1
PAIMANA-SEC_TEL-2018-2429,National 5G High-Density Core Network Infrastructure in Gurugram,DoT,Department of Telecommunications,SEC_TEL,Telecommunication & BharatNet Fiber,Haryana,North,BSNL,28.7852,76.6682,930.21,1069.2,138.99,14.94,445.15,41.6,67.4,2018-03-10,2020-05-08,2022-05-07,26,24,150.0,47,47,1,726,368.6,62.1,Approved,8.3,2,197.07,Low/Plains,0.27,0.34,2026-04-10,OCMS_Historical,Under Implementation,1,1
PAIMANA-SEC_CHEM-2014-2430,Petrochemical Derivative & Polymer Manufacturing Unit at Hyderabad,MoCF,Ministry of Chemicals and Fertilizers,SEC_CHEM,Fertilizer Plants & Petrochemicals,Telangana,South,HURL,17.5576,79.1296,882.39,1042.62,160.23,18.16,449.61,43.1,69.9,2014-04-19,2016-12-16,2019-02-14,32,26,150.0,39,39,1,803,715.0,76.8,Stage-II Pending,6.7,0,0.0,Low/Plains,0.17,0.51,2026-04-10,OCMS_Historical,Under Implementation,1,1
PAIMANA-SEC_LOG-2019-2431,Central Freight Logistics & Cold Chain Infrastructure Hub at Nashik,MoRTH,Ministry of Road Transport and Highways,SEC_LOG,Multimodal Logistics Parks (MMLP),Maharashtra,West,CONCOR,19.7982,75.8092,1537.08,1841.9,304.82,19.83,893.31,48.5,79.2,2019-05-05,2022-10-02,2024-10-31,41,25,150.0,44,44,1,753,1075.3,69.6,Approved,5.6,1,229.99,Moderate/Plateau,0.8,0.85,2026-04-10,OCMS_Historical,Under Implementation,1,1
PAIMANA-SEC_IRR-2014-2432,National River Interlinking Canal & Barrage System (National Corridor-Inter-State Hub),DoWR,"Department of Water Resources, RD & GR",SEC_IRR,National River Link & Irrigation,Multi-State / National,National,NWDA,22.5188,78.9376,2491.29,2947.97,456.68,18.33,1458.47,49.5,78.0,2014-07-23,2017-05-21,2018-08-20,34,15,150.0,41,41,1,472,427.4,52.2,Stage-I,9.3,1,274.99,Low/Plains,0.27,0.88,2026-04-10,OCMS_Historical,Under Implementation,1,1
PAIMANA-SEC_STEEL-2020-2433,Specialty Alloy & Hot Rolled Coil Expansion Facility at Jaipur,MoSteel,Ministry of Steel,SEC_STEEL,Steel Plants & Metallurgy Units,Rajasthan,North,RINL,27.0994,74.4857,2599.45,3019.54,420.09,16.16,1446.85,47.9,76.1,2020-08-27,2024-03-26,2026-05-25,43,26,150.0,38,38,1,806,692.2,81.1,Approved,6.6,1,95.37,Moderate/Plateau,0.87,0.53,2026-04-10,PAIMANA_Live,Under Implementation,1,1
PAIMANA-SEC_REN-2017-2434,Offshore & Onshore Hybrid Wind-Solar Power Hub in Shimla,MNRE,Ministry of New and Renewable Energy,SEC_REN,Solar & Renewable Green Energy,Himachal Pradesh,North,NTPC-REL,30.9166,76.6281,659.63,809.37,149.74,22.7,330.83,40.9,68.6,2017-05-23,2019-04-22,2021-11-19,23,31,150.0,35,35,1,916,211.7,23.5,Approved,7.4,0,0.0,Low/Plains,0.88,0.28,2026-04-10,OCMS_Historical,Under Implementation,1,1
PAIMANA-SEC_PORT-2016-2435,Greenfield Deep-Water Major Port & Container Terminal Phase-3 at Coimbatore,MoPSW,"Ministry of Ports, Shipping and Waterways",SEC_PORT,Major Ports & Maritime Channels,Tamil Nadu,South,Port Authority,11.7259,78.5703,979.3,1162.99,183.69,18.76,464.8,40.0,68.9,2016-09-14,2018-06-14,2020-04-12,21,22,150.0,42,42,1,696,1793.3,61.7,Approved,9.5,2,320.75,Low/Plains,0.92,0.89,2026-04-10,OCMS_Historical,Under Implementation,1,1
PAIMANA-SEC_REN-2020-2436,Green Ammonia & Hydrogen Renewable Energy Island at Bathinda,MNRE,Ministry of New and Renewable Energy,SEC_REN,Solar & Renewable Green Energy,Punjab,North,SECI,31.1617,75.0061,1501.26,1671.12,169.86,11.31,1032.4,61.8,100.0,2020-05-17,2022-07-16,2022-07-16,26,0,150.0,38,38,0,0,578.5,86.9,Approved,4.7,0,0.0,High/Himalayan/Riverine,0.83,0.47,2026-04-10,PAIMANA_Live,Commissioned,1,0
PAIMANA-SEC_PET-2014-2437,Strategic Petroleum Reserve Underground Rock Caverns at Hubballi,MoPNG,Ministry of Petroleum and Natural Gas,SEC_PET,Petroleum Pipelines & Refineries,Karnataka,South,ISPRL,15.1376,75.5652,906.28,1234.75,328.47,36.24,449.49,36.4,64.3,2014-02-28,2016-01-28,2019-09-26,23,44,150.0,40,40,1,1310,1218.8,53.7,Approved,7.0,4,667.2,High/Himalayan/Riverine,0.88,0.38,2026-04-10,OCMS_Historical,Under Implementation,1,1
PAIMANA-SEC_CHEM-2014-2438,Petrochemical Derivative & Polymer Manufacturing Unit at Jharsuguda,MoCF,Ministry of Chemicals and Fertilizers,SEC_CHEM,Fertilizer Plants & Petrochemicals,Odisha,East,HURL,21.2382,84.792,5284.77,6280.58,995.81,18.84,3034.48,48.3,80.7,2014-04-13,2019-08-10,2021-10-08,64,26,150.0,38,38,1,778,956.6,43.1,Approved,9.3,2,256.05,Low/Plains,0.69,0.44,2026-04-10,OCMS_Historical,Under Implementation,1,1
PAIMANA-SEC_PWR_TR-2022-2439,765kV High Voltage Direct Current (HVDC) Inter-Regional Grid (Guntur-Vijayawada),MoP,Ministry of Power,SEC_PWR_TR,Power Transmission & Grid,Andhra Pradesh,South,PGCIL,16.3526,79.6932,1829.93,2226.34,396.41,21.66,1025.6,46.1,70.3,2022-02-22,2024-08-22,2027-01-20,30,29,150.0,24,24,1,860,1102.9,72.6,Approved,5.1,0,0.0,Low/Plains,0.52,0.87,2026-04-10,PAIMANA_Live,Under Implementation,1,1
PAIMANA-SEC_WATER-2016-2440,Comprehensive Sewage Treatment & River Cleaning Mission at Karimnagar,MoHUA,Ministry of Housing and Urban Affairs,SEC_WATER,Water Supply & Urban Sanitation,Telangana,South,NMCG,18.2483,79.2403,2307.09,2608.05,300.96,13.05,1275.93,48.9,75.6,2016-11-14,2019-09-13,2021-06-12,34,21,150.0,36,36,1,649,804.7,62.2,Approved,9.2,0,0.0,Low/Plains,0.79,0.78,2026-04-10,OCMS_Historical,Under Implementation,1,1
PAIMANA-SEC_INLAND-2017-2441,Fairway Development & River Ro-Ro Terminal Facility in Bengaluru,MoPSW,"Ministry of Ports, Shipping and Waterways",SEC_INLAND,National Waterways & River Ports,Karnataka,South,IWAI,15.3864,75.4516,2154.56,2541.75,387.19,17.97,1378.69,54.2,82.9,2017-05-27,2021-02-23,2022-11-23,45,21,150.0,33,33,1,643,176.1,75.1,Approved,7.4,0,0.0,Low/Plains,0.56,0.87,2026-04-10,OCMS_Historical,Under Implementation,1,1
PAIMANA-SEC_PORT-2016-2442,Greenfield Deep-Water Major Port & Container Terminal Phase-1 at Inter-State Hub,MoPSW,"Ministry of Ports, Shipping and Waterways",SEC_PORT,Major Ports & Maritime Channels,Multi-State / National,National,Port Authority,22.106,79.3465,3499.61,4108.83,609.22,17.41,1885.49,45.9,77.7,2016-01-28,2020-07-26,2023-02-23,54,31,150.0,38,38,1,953,999.0,88.7,Approved,6.1,4,957.94,Moderate/Plateau,0.2,0.53,2026-04-10,OCMS_Historical,Under Implementation,1,1
PAIMANA-SEC_INLAND-2014-2443,National Waterway NW-87 Multimodal Navigation Terminal at Udhampur,MoPSW,"Ministry of Ports, Shipping and Waterways",SEC_INLAND,National Waterways & River Ports,Jammu & Kashmir,North,IWAI,33.9669,76.4147,1363.18,1604.32,241.14,17.69,748.03,46.6,71.8,2014-10-28,2017-04-27,2019-10-26,30,30,150.0,14,14,1,907,367.3,72.3,Approved,5.7,1,191.9,Moderate/Plateau,0.13,0.73,2026-04-10,OCMS_Historical,Under Implementation,1,1
PAIMANA-SEC_STEEL-2016-2444,Integrated Steel Plant Modernization & Pelletization Unit at Jharsuguda,MoSteel,Ministry of Steel,SEC_STEEL,Steel Plants & Metallurgy Units,Odisha,East,SAIL,21.0536,85.4027,334.83,356.0,21.17,6.32,202.63,56.9,92.8,2016-04-28,2017-10-27,2018-02-25,18,4,150.0,38,38,1,160,1548.9,91.1,Stage-I,9.7,0,0.0,Low/Plains,0.51,0.81,2026-04-10,OCMS_Historical,Nearing Completion,0,0
PAIMANA-SEC_TEL-2020-2445,National 5G High-Density Core Network Infrastructure in Pan-India Grid,DoT,Department of Telecommunications,SEC_TEL,Telecommunication & BharatNet Fiber,Multi-State / National,National,BSNL,22.554,79.3451,1677.92,1735.27,57.35,3.42,1086.42,62.6,100.0,2020-02-03,2023-07-03,2023-07-03,41,0,150.0,48,48,0,0,1788.3,95.9,Approved,6.3,0,0.0,Low/Plains,0.27,0.58,2026-04-10,PAIMANA_Live,Commissioned,0,0
PAIMANA-SEC_PORT-2020-2446,LNG Import Terminal & Marine Jetty Infrastructure at Hyderabad,MoPSW,"Ministry of Ports, Shipping and Waterways",SEC_PORT,Major Ports & Maritime Channels,Telangana,South,Petronet,18.3179,79.4495,618.2,839.49,221.29,35.8,305.15,36.3,61.1,2020-07-03,2022-08-02,2026-09-30,25,50,150.0,31,31,1,1517,910.6,67.7,Stage-II Pending,5.2,3,327.47,High/Himalayan/Riverine,0.92,0.3,2026-04-10,PAIMANA_Live,Under Implementation,1,1
PAIMANA-SEC_ATOM-2022-2447,Pressurized Heavy Water Reactor Nuclear Power Unit (93x700 MWe) at Solapur,DAE,Department of Atomic Energy,SEC_ATOM,Atomic Energy & Nuclear Power,Maharashtra,West,NPCIL,19.4307,75.3918,694.66,812.28,117.62,16.93,335.08,41.3,70.8,2022-03-23,2023-09-21,2025-07-20,18,22,150.0,35,35,1,666,432.5,72.1,Stage-I,9.6,1,90.09,Low/Plains,0.18,0.65,2026-04-10,PAIMANA_Live,Under Implementation,1,1
PAIMANA-SEC_REN-2023-2448,Ultra Mega Solar Park (11 MW) with Battery Storage at Salem,MNRE,Ministry of New and Renewable Energy,SEC_REN,Solar & Renewable Green Energy,Tamil Nadu,South,SECI,10.9526,78.3164,2003.5,2311.39,307.89,15.37,734.87,31.8,48.4,2023-12-06,2027-07-05,2029-02-01,43,19,65.9,39,24,6,572,1604.2,97.4,Approved,5.9,2,247.38,Low/Plains,0.77,0.73,2026-04-10,PAIMANA_Live,Under Implementation,1,1
PAIMANA-SEC_PET-2022-2449,Green Hydrogen & Bio-Ethanol Mega Plant at Shillong,MoPNG,Ministry of Petroleum and Natural Gas,SEC_PET,Petroleum Pipelines & Refineries,Meghalaya,North-East,BPCL,25.1804,91.1253,3721.85,3913.75,191.9,5.16,2410.75,61.6,93.6,2022-07-13,2026-01-09,2026-01-09,42,0,107.5,31,29,0,0,1442.2,86.1,Approved,4.7,0,0.0,Low/Plains,0.86,0.85,2026-04-10,PAIMANA_Live,Nearing Completion,0,0
PAIMANA-SEC_AIR-2016-2450,Greenfield International Airport Terminal-56 & Parallel Runway at Faridabad,MoCA,Ministry of Civil Aviation,SEC_AIR,Regional & Greenfield Airports,Haryana,North,AAI,28.8309,76.5261,1171.24,1348.52,177.28,15.14,690.42,51.2,81.4,2016-01-07,2018-08-06,2019-12-05,31,16,150.0,28,28,1,523,371.2,92.5,Approved,3.5,0,0.0,Low/Plains,0.33,0.9,2026-04-10,OCMS_Historical,Under Implementation,1,1
PAIMANA-SEC_CHEM-2021-2451,Petrochemical Derivative & Polymer Manufacturing Unit at Madurai,MoCF,Ministry of Chemicals and Fertilizers,SEC_CHEM,Fertilizer Plants & Petrochemicals,Tamil Nadu,South,HURL,11.5048,78.476,1539.17,1796.23,257.06,16.7,783.6,43.6,70.9,2021-05-04,2023-11-02,2026-06-01,30,31,150.0,17,17,1,947,1251.9,67.6,Approved,5.4,1,137.99,Moderate/Plateau,0.3,0.69,2026-04-10,PAIMANA_Live,Under Implementation,1,1
PAIMANA-SEC_HEAVY-2022-2452,Heavy Electrical Equipment & Gas Turbine Manufacturing Facility at Ujjain,MHI,Ministry of Heavy Industries,SEC_HEAVY,Heavy Engineering & Capital Goods,Madhya Pradesh,Central,BHEL,22.8066,78.6795,5783.19,6594.34,811.15,14.03,2277.72,34.5,50.5,2022-09-12,2027-12-10,2029-09-08,63,21,68.5,19,10,6,671,1026.1,69.4,Approved,9.6,1,166.56,Low/Plains,0.55,0.32,2026-04-10,PAIMANA_Live,Under Implementation,1,1
PAIMANA-SEC_PWR_TR-2020-2453,765kV High Voltage Direct Current (HVDC) Inter-Regional Grid (Ujjain-Singrauli),MoP,Ministry of Power,SEC_PWR_TR,Power Transmission & Grid,Madhya Pradesh,Central,PGCIL,22.44,78.2922,1442.77,1467.63,24.86,1.72,941.16,64.1,100.0,2020-08-12,2022-12-11,2022-12-11,28,0,150.0,25,25,0,0,1309.9,83.6,Stage-I,7.3,0,0.0,Low/Plains,0.61,0.43,2026-04-10,PAIMANA_Live,Commissioned,0,0
PAIMANA-SEC_HEALTH-2015-2454,All India Institute of Medical Sciences (AIIMS) 750-Bed Super-Specialty Campus at Haldia,MoHFW,Ministry of Health and Family Welfare,SEC_HEALTH,AIIMS & Super-Specialty Medical Infra,West Bengal,East,MoHFW/HSCC,22.4628,87.6323,13591.58,15182.32,1590.74,11.7,8628.23,56.8,84.9,2015-05-28,2025-05-23,2026-05-22,120,12,109.0,24,24,1,403,305.0,89.9,Approved,8.2,0,0.0,Low/Plains,0.36,0.68,2026-04-10,OCMS_Historical,Under Implementation,1,1
PAIMANA-SEC_CHEM-2017-2455,Coal-Gasification Based Urea & Fertilizer Complex at Mysuru,MoCF,Ministry of Chemicals and Fertilizers,SEC_CHEM,Fertilizer Plants & Petrochemicals,Karnataka,South,FCIL,14.9451,76.0841,1964.2,2204.85,240.65,12.25,1120.51,50.8,81.3,2017-05-03,2019-10-01,2020-07-31,29,10,150.0,30,30,1,300,1357.0,61.0,Stage-I,9.7,0,0.0,Low/Plains,0.14,0.41,2026-04-10,OCMS_Historical,Under Implementation,1,1
PAIMANA-SEC_AIR-2014-2456,Air Cargo Hub & Aircraft Maintenance Repair Overhaul (MRO) at Kandla,MoCA,Ministry of Civil Aviation,SEC_AIR,Regional & Greenfield Airports,Gujarat,West,AAI,22.1468,71.5997,215.48,250.86,35.38,16.42,124.72,49.7,80.7,2014-08-15,2017-02-12,2018-09-12,30,19,150.0,17,17,1,594,1249.4,73.0,Stage-II Pending,8.7,0,0.0,Low/Plains,0.79,0.78,2026-04-10,OCMS_Historical,Under Implementation,1,1
PAIMANA-SEC_WATER-2017-2457,Comprehensive Sewage Treatment & River Cleaning Mission at Kolkata,MoHUA,Ministry of Housing and Urban Affairs,SEC_WATER,Water Supply & Urban Sanitation,West Bengal,East,NMCG,22.4529,87.6231,2347.91,2788.63,440.72,18.77,1356.13,48.6,77.0,2017-12-26,2021-03-25,2023-04-24,39,25,150.0,32,32,1,785,293.1,67.2,Stage-I,5.2,0,0.0,Low/Plains,0.32,0.46,2026-04-10,OCMS_Historical,Under Implementation,1,1
PAIMANA-SEC_PET-2023-2458,Integrated Petroleum Refinery Expansion & Polypropylene Unit at Bongaigaon,MoPNG,Ministry of Petroleum and Natural Gas,SEC_PET,Petroleum Pipelines & Refineries,Assam,North-East,IOCL,25.7488,92.9803,1648.64,1828.99,180.35,10.94,708.07,38.7,65.4,2023-12-26,2026-04-25,2027-07-25,28,15,98.8,13,12,1,476,824.8,98.0,Stage-I,7.3,1,243.8,Moderate/Plateau,0.84,0.31,2026-04-10,PAIMANA_Live,Under Implementation,1,1
PAIMANA-SEC_WATER-2022-2459,Urban 24x7 Water Supply & Advanced Smart Grid Pipeline in Rajkot,MoHUA,Ministry of Housing and Urban Affairs,SEC_WATER,Water Supply & Urban Sanitation,Gujarat,West,Jal Nigam,21.9839,71.2799,3908.35,4660.87,752.52,19.25,2185.75,46.9,74.6,2022-03-05,2025-12-02,2028-03-01,45,27,109.8,43,43,1,836,268.8,71.1,Stage-I,5.2,0,0.0,Moderate/Plateau,0.66,0.6,2026-04-10,PAIMANA_Live,Under Implementation,1,1
PAIMANA-SEC_PET-2014-2460,Integrated Petroleum Refinery Expansion & Polypropylene Unit at Barauni,MoPNG,Ministry of Petroleum and Natural Gas,SEC_PET,Petroleum Pipelines & Refineries,Bihar,East,IOCL,25.6483,85.5063,2175.75,2647.86,472.11,21.7,1301.36,49.1,80.2,2014-01-12,2017-12-10,2020-03-09,47,27,150.0,26,26,1,803,1680.2,79.2,Approved,6.6,1,264.65,High/Himalayan/Riverine,0.85,0.28,2026-04-10,OCMS_Historical,Under Implementation,1,1
PAIMANA-SEC_PORT-2022-2461,LNG Import Terminal & Marine Jetty Infrastructure at Madurai,MoPSW,"Ministry of Ports, Shipping and Waterways",SEC_PORT,Major Ports & Maritime Channels,Tamil Nadu,South,Petronet,11.7221,79.1184,1006.34,1137.91,131.57,13.07,502.32,44.1,73.8,2022-06-20,2025-05-19,2027-03-18,35,22,131.1,20,19,1,705,359.4,93.7,Stage-I,3.3,0,0.0,Low/Plains,0.4,0.38,2026-04-10,PAIMANA_Live,Under Implementation,1,1
PAIMANA-SEC_INLAND-2014-2462,National Waterway NW-42 Multimodal Navigation Terminal at Pune,MoPSW,"Ministry of Ports, Shipping and Waterways",SEC_INLAND,National Waterways & River Ports,Maharashtra,West,IWAI,20.2152,75.4301,358.71,430.08,71.37,19.9,200.62,46.6,70.4,2014-12-05,2017-06-04,2019-12-03,30,30,150.0,37,37,1,903,1480.1,82.4,Approved,5.2,1,152.2,Low/Plains,0.33,0.76,2026-04-10,OCMS_Historical,Under Implementation,1,1
PAIMANA-SEC_ATOM-2023-2463,Pressurized Heavy Water Reactor Nuclear Power Unit (53x700 MWe) at Mangaluru,DAE,Department of Atomic Energy,SEC_ATOM,Atomic Energy & Nuclear Power,Karnataka,South,NPCIL,15.1124,76.1231,941.09,1129.61,188.52,20.03,453.84,40.2,66.3,2023-06-02,2026-06-30,2028-02-28,37,20,93.2,13,10,3,617,118.5,63.2,Stage-I,9.2,2,558.18,Low/Plains,0.36,0.55,2026-04-10,PAIMANA_Live,Under Implementation,1,1
PAIMANA-SEC_WATER-2016-2464,Urban 24x7 Water Supply & Advanced Smart Grid Pipeline in Haldia,MoHUA,Ministry of Housing and Urban Affairs,SEC_WATER,Water Supply & Urban Sanitation,West Bengal,East,Jal Nigam,23.1776,87.318,511.64,660.55,148.91,29.1,283.57,42.9,69.1,2016-04-17,2019-01-15,2022-08-14,33,43,150.0,43,43,1,1321,375.7,64.3,Approved,4.6,2,356.93,Low/Plains,0.14,0.67,2026-04-10,OCMS_Historical,Under Implementation,1,1
PAIMANA-SEC_INLAND-2016-2465,National Waterway NW-79 Multimodal Navigation Terminal at Pan-India Grid,MoPSW,"Ministry of Ports, Shipping and Waterways",SEC_INLAND,National Waterways & River Ports,Multi-State / National,National,IWAI,21.7325,79.3039,661.24,739.29,78.05,11.8,454.73,61.5,100.0,2016-03-27,2019-02-24,2019-02-24,35,0,150.0,13,13,0,0,984.0,90.5,Approved,9.7,1,297.88,Low/Plains,0.4,0.72,2026-04-10,OCMS_Historical,Commissioned,1,0
PAIMANA-SEC_PET-2023-2466,Integrated Petroleum Refinery Expansion & Polypropylene Unit at Ayodhya,MoPNG,Ministry of Petroleum and Natural Gas,SEC_PET,Petroleum Pipelines & Refineries,Uttar Pradesh,North,IOCL,26.9301,80.7158,2007.72,2217.22,209.5,10.43,954.31,43.0,61.1,2023-10-01,2026-07-30,2028-03-29,34,20,89.7,44,31,2,633,673.4,96.4,Approved,5.9,0,0.0,Low/Plains,0.88,0.5,2026-04-10,PAIMANA_Live,Under Implementation,0,1
PAIMANA-SEC_LOG-2015-2467,Multimodal Logistics Park (MMLP) with Inland Container Depot at Tiruchirappalli,MoRTH,Ministry of Road Transport and Highways,SEC_LOG,Multimodal Logistics Parks (MMLP),Tamil Nadu,South,NHLML,11.2946,79.041,5608.37,5856.69,248.32,4.43,3856.84,65.9,100.0,2015-05-15,2021-07-11,2021-07-11,74,0,150.0,15,15,0,0,1162.6,91.5,Exempted,6.0,1,165.85,Low/Plains,0.17,0.52,2026-04-10,OCMS_Historical,Commissioned,0,0
PAIMANA-SEC_STEEL-2017-2468,Specialty Alloy & Hot Rolled Coil Expansion Facility at Thane,MoSteel,Ministry of Steel,SEC_STEEL,Steel Plants & Metallurgy Units,Maharashtra,West,RINL,20.0807,76.241,1669.94,1921.02,251.08,15.04,941.93,49.0,78.6,2017-03-22,2020-04-19,2022-02-16,37,22,150.0,43,43,1,697,1068.7,86.7,Approved,4.5,0,0.0,Moderate/Plateau,0.63,0.48,2026-04-10,OCMS_Historical,Under Implementation,1,1
PAIMANA-SEC_HEALTH-2016-2469,All India Institute of Medical Sciences (AIIMS) 750-Bed Super-Specialty Campus at Shillong,MoHFW,Ministry of Health and Family Welfare,SEC_HEALTH,AIIMS & Super-Specialty Medical Infra,Meghalaya,North-East,MoHFW/HSCC,25.4841,91.2787,368.53,377.49,8.96,2.43,241.29,63.9,100.0,2016-03-17,2017-10-15,2017-10-15,19,0,150.0,46,46,0,0,248.1,80.4,Approved,7.5,0,0.0,Moderate/Plateau,0.91,0.5,2026-04-10,OCMS_Historical,Commissioned,0,0
PAIMANA-SEC_AIR-2020-2470,Air Cargo Hub & Aircraft Maintenance Repair Overhaul (MRO) at Pan-India Grid,MoCA,Ministry of Civil Aviation,SEC_AIR,Regional & Greenfield Airports,Multi-State / National,National,AAI,21.5759,78.6773,1751.06,1948.3,197.24,11.26,1059.26,54.4,79.7,2020-08-14,2024-01-12,2026-02-10,41,25,150.0,44,44,1,755,980.9,91.8,Approved,5.0,0,0.0,Low/Plains,0.15,0.31,2026-04-10,PAIMANA_Live,Under Implementation,1,1
PAIMANA-SEC_INLAND-2017-2471,Fairway Development & River Ro-Ro Terminal Facility in Udaipur,MoPSW,"Ministry of Ports, Shipping and Waterways",SEC_INLAND,National Waterways & River Ports,Rajasthan,North,IWAI,26.5282,74.4409,3577.45,3871.55,294.1,8.22,2400.76,62.0,100.0,2017-02-16,2021-04-16,2021-04-16,50,0,150.0,34,34,0,0,161.0,76.3,Stage-I,8.0,0,0.0,Low/Plains,0.39,0.86,2026-04-10,OCMS_Historical,Commissioned,0,0
PAIMANA-SEC_INLAND-2018-2472,Fairway Development & River Ro-Ro Terminal Facility in Kohima,MoPSW,"Ministry of Ports, Shipping and Waterways",SEC_INLAND,National Waterways & River Ports,Nagaland,North-East,IWAI,26.4794,94.8968,643.11,767.49,124.38,19.34,324.02,42.2,70.3,2018-09-13,2020-07-12,2022-06-11,22,23,150.0,39,39,1,725,205.6,77.3,Approved,4.9,1,69.93,High/Himalayan/Riverine,0.21,0.22,2026-04-10,OCMS_Historical,Under Implementation,1,1
PAIMANA-SEC_WATER-2018-2473,Comprehensive Sewage Treatment & River Cleaning Mission at National Corridor,MoHUA,Ministry of Housing and Urban Affairs,SEC_WATER,Water Supply & Urban Sanitation,Multi-State / National,National,NMCG,22.4021,78.8752,1010.59,1092.36,81.77,8.09,665.74,60.9,100.0,2018-02-20,2020-10-19,2020-10-19,32,0,150.0,40,40,0,0,243.1,86.6,Approved,6.2,0,0.0,Moderate/Plateau,0.75,0.56,2026-04-10,OCMS_Historical,Commissioned,0,0
PAIMANA-SEC_COAL-2014-2474,Mechanized Coal Washery & Pithead Rail Dispatch Facility (Tiruchirappalli),MoCoal,Ministry of Coal,SEC_COAL,Coal Mining & Washeries,Tamil Nadu,South,BCCL,11.0194,78.1155,1163.93,1329.7,165.77,14.24,609.62,45.8,74.7,2014-02-25,2016-09-24,2018-05-25,31,20,150.0,48,48,1,644,470.5,89.9,Approved,8.1,2,399.94,Low/Plains,0.64,0.72,2026-04-10,OCMS_Historical,Under Implementation,1,1
PAIMANA-SEC_INLAND-2022-2475,Fairway Development & River Ro-Ro Terminal Facility in Vijayawada,MoPSW,"Ministry of Ports, Shipping and Waterways",SEC_INLAND,National Waterways & River Ports,Andhra Pradesh,South,IWAI,16.3191,79.5404,544.55,581.03,36.48,6.7,367.39,63.2,100.0,2022-05-14,2023-11-12,2023-11-12,18,0,150.0,17,17,0,0,1740.0,88.3,Exempted,7.2,0,0.0,Moderate/Plateau,0.61,0.31,2026-04-10,PAIMANA_Live,Commissioned,0,0
PAIMANA-SEC_METRO-2021-2476,Metro Rail Project Phase-4 (Elevated & Underground Corridor Indore-Jabalpur),MoHUA,Ministry of Housing and Urban Affairs,SEC_METRO,Metro Rail & Urban Transit,Madhya Pradesh,Central,Metro Rail Corp,23.1115,78.5818,2124.89,2461.39,336.5,15.84,1122.14,45.6,73.2,2021-12-08,2025-03-07,2027-08-05,39,29,134.1,45,44,1,914,82.5,83.0,Approved,7.1,1,221.13,Low/Plains,0.88,0.52,2026-04-10,PAIMANA_Live,Under Implementation,1,1
PAIMANA-SEC_PORT-2020-2477,Greenfield Deep-Water Major Port & Container Terminal Phase-3 at Ayodhya,MoPSW,"Ministry of Ports, Shipping and Waterways",SEC_PORT,Major Ports & Maritime Channels,Uttar Pradesh,North,Port Authority,26.78,81.098,1023.22,1234.91,211.69,20.69,541.09,43.8,72.8,2020-11-23,2022-11-22,2024-12-21,24,25,150.0,43,43,1,760,750.0,79.6,Approved,7.1,1,126.27,Moderate/Plateau,0.18,0.85,2026-04-10,PAIMANA_Live,Under Implementation,1,1
PAIMANA-SEC_SMART-2016-2478,Industrial Smart City & Integrated Manufacturing Node at National Corridor,MoHUA,Ministry of Housing and Urban Affairs,SEC_SMART,Smart Cities & Industrial Corridors,Multi-State / National,National,NICDC,22.4497,79.0588,1709.85,2222.29,512.44,29.97,914.18,41.1,64.8,2016-09-12,2018-11-11,2022-09-09,26,46,150.0,22,22,1,1411,1762.5,72.8,Stage-II Pending,8.4,4,875.23,Low/Plains,0.54,0.47,2026-04-10,OCMS_Historical,Under Implementation,1,1
PAIMANA-SEC_PET-2016-2479,Crude Oil Pipeline Augmented Pumping Infrastructure at Bhubaneswar,MoPNG,Ministry of Petroleum and Natural Gas,SEC_PET,Petroleum Pipelines & Refineries,Odisha,East,HPCL,20.4503,85.436,493.98,564.15,70.17,14.21,270.2,47.9,72.8,2016-07-06,2018-11-04,2020-12-03,28,25,150.0,28,28,1,765,1682.7,97.5,Approved,3.7,0,0.0,Low/Plains,0.69,0.79,2026-04-10,OCMS_Historical,Under Implementation,1,1
PAIMANA-SEC_LOG-2023-2480,Multimodal Logistics Park (MMLP) with Inland Container Depot at Kolkata,MoRTH,Ministry of Road Transport and Highways,SEC_LOG,Multimodal Logistics Parks (MMLP),West Bengal,East,NHLML,22.5072,88.3562,757.5,938.15,180.65,23.85,380.34,40.5,68.3,2023-02-20,2025-12-19,2027-12-18,34,24,111.3,16,15,1,709,1288.2,57.5,Approved,9.5,1,64.95,High/Himalayan/Riverine,0.73,0.53,2026-04-10,PAIMANA_Live,Under Implementation,1,1
PAIMANA-SEC_HEAVY-2022-2481,Heavy Electrical Equipment & Gas Turbine Manufacturing Facility at Lucknow,MHI,Ministry of Heavy Industries,SEC_HEAVY,Heavy Engineering & Capital Goods,Uttar Pradesh,North,BHEL,26.6381,81.2165,2279.86,2864.33,584.47,25.64,1179.91,41.2,68.7,2022-03-17,2025-04-14,2028-07-12,37,39,132.6,45,45,1,1172,1030.7,43.8,Stage-I,4.8,2,414.07,Moderate/Plateau,0.24,0.8,2026-04-10,PAIMANA_Live,Under Implementation,1,1
PAIMANA-SEC_PORT-2017-2482,LNG Import Terminal & Marine Jetty Infrastructure at Dhanbad,MoPSW,"Ministry of Ports, Shipping and Waterways",SEC_PORT,Major Ports & Maritime Channels,Jharkhand,East,Petronet,23.0134,85.3786,805.46,832.18,26.72,3.32,547.33,65.8,100.0,2017-11-27,2020-02-25,2020-02-25,27,0,150.0,26,26,0,0,1696.3,88.6,Stage-I,7.7,0,0.0,Low/Plains,0.44,0.32,2026-04-10,OCMS_Historical,Commissioned,0,0
PAIMANA-SEC_HEAVY-2014-2483,Heavy Electrical Equipment & Gas Turbine Manufacturing Facility at Bengaluru,MHI,Ministry of Heavy Industries,SEC_HEAVY,Heavy Engineering & Capital Goods,Karnataka,South,BHEL,15.4894,75.6687,5920.77,6183.35,262.58,4.43,4033.9,65.2,100.0,2014-08-13,2020-02-09,2020-02-09,66,0,150.0,31,31,0,0,1733.1,82.7,Approved,6.3,0,0.0,Low/Plains,0.55,0.57,2026-04-10,OCMS_Historical,Commissioned,0,0
PAIMANA-SEC_METRO-2018-2484,Regional Rapid Transit System (RRTS) Semi High-Speed Line (Mysuru-Mangaluru),MoHUA,Ministry of Housing and Urban Affairs,SEC_METRO,Metro Rail & Urban Transit,Karnataka,South,NCRTC,15.0228,75.3818,785.21,888.94,103.73,13.21,539.98,60.7,100.0,2018-10-09,2020-11-07,2020-11-07,25,0,150.0,16,16,0,0,1304.4,80.6,Stage-II Pending,7.4,1,43.36,High/Himalayan/Riverine,0.19,0.59,2026-04-10,OCMS_Historical,Commissioned,1,0
PAIMANA-SEC_PORT-2021-2485,Port Connectivity Dedicated Rail-Sea Multimodal Corridor at Bhopal,MoPSW,"Ministry of Ports, Shipping and Waterways",SEC_PORT,Major Ports & Maritime Channels,Madhya Pradesh,Central,Sagarmala Dev,22.3946,78.9872,1420.92,1653.72,232.8,16.38,728.4,44.0,72.8,2021-05-04,2024-04-02,2026-10-31,35,31,150.0,46,46,1,928,1117.8,79.1,Approved,4.5,1,31.88,Low/Plains,0.23,0.5,2026-04-10,PAIMANA_Live,Under Implementation,1,1
PAIMANA-SEC_LOG-2019-2486,Multimodal Logistics Park (MMLP) with Inland Container Depot at Ujjain,MoRTH,Ministry of Road Transport and Highways,SEC_LOG,Multimodal Logistics Parks (MMLP),Madhya Pradesh,Central,NHLML,22.6594,78.9469,2783.79,3171.23,387.44,13.92,1546.81,48.8,73.7,2019-08-24,2023-03-23,2025-11-19,43,32,150.0,43,43,1,986,336.0,87.0,Approved,3.6,0,0.0,Low/Plains,0.57,0.44,2026-04-10,OCMS_Historical,Under Implementation,1,1
PAIMANA-SEC_INLAND-2018-2487,Fairway Development & River Ro-Ro Terminal Facility in Guwahati,MoPSW,"Ministry of Ports, Shipping and Waterways",SEC_INLAND,National Waterways & River Ports,Assam,North-East,IWAI,25.75,92.7568,298.32,393.81,95.49,32.01,171.31,43.5,71.4,2018-08-01,2020-06-30,2022-04-29,23,22,150.0,13,12,1,696,333.7,96.8,Approved,6.4,1,283.77,High/Himalayan/Riverine,0.63,0.81,2026-04-10,OCMS_Historical,Under Implementation,1,1
PAIMANA-SEC_STEEL-2023-2488,Specialty Alloy & Hot Rolled Coil Expansion Facility at Jodhpur,MoSteel,Ministry of Steel,SEC_STEEL,Steel Plants & Metallurgy Units,Rajasthan,North,RINL,26.9759,74.3568,215.47,244.86,29.39,13.64,116.02,47.4,75.0,2023-06-02,2025-10-30,2027-10-29,29,24,119.0,25,20,3,750,425.6,58.4,Stage-I,6.4,0,0.0,Moderate/Plateau,0.4,0.65,2026-04-10,PAIMANA_Live,Under Implementation,1,1
PAIMANA-SEC_HWY-2014-2489,National Highway NH-94 Widening & Bypass at Aurangabad,MoRTH,Ministry of Road Transport and Highways,SEC_HWY,Highways & Expressways,Maharashtra,West,MoRTH,19.3388,76.013,269.41,306.67,37.26,13.83,130.28,42.5,70.3,2014-02-15,2015-08-16,2017-02-13,18,18,150.0,36,36,1,556,1205.0,87.6,Stage-I,9.1,1,35.07,Moderate/Plateau,0.3,0.42,2026-04-10,OCMS_Historical,Under Implementation,1,1
PAIMANA-SEC_TEL-2023-2490,BharatNet Rural Optical Fiber Network Phase-1 across Dhanbad,DoT,Department of Telecommunications,SEC_TEL,Telecommunication & BharatNet Fiber,Jharkhand,East,BBNL,23.1639,85.3207,3808.77,4311.68,502.91,13.2,1214.35,28.2,46.4,2023-04-22,2028-03-19,2029-10-17,59,19,60.7,39,19,12,567,1185.1,91.4,Approved,7.4,1,111.18,Moderate/Plateau,0.47,0.67,2026-04-10,PAIMANA_Live,Under Implementation,1,1
PAIMANA-SEC_COAL-2018-2491,Coal Bed Methane & Deep Underground Extraction Unit at Mormugao,MoCoal,Ministry of Coal,SEC_COAL,Coal Mining & Washeries,Goa,West,NCDC,15.2903,73.8957,679.49,718.5,39.01,5.74,445.37,62.0,100.0,2018-02-07,2020-02-06,2020-02-06,24,0,150.0,34,34,0,0,363.8,94.3,Stage-I,4.2,0,0.0,Moderate/Plateau,0.31,0.61,2026-04-10,OCMS_Historical,Commissioned,0,0
PAIMANA-SEC_HEAVY-2017-2492,Heavy Electrical Equipment & Gas Turbine Manufacturing Facility at Patiala,MHI,Ministry of Heavy Industries,SEC_HEAVY,Heavy Engineering & Capital Goods,Punjab,North,BHEL,31.3554,75.0152,13041.55,15085.17,2043.62,15.67,6859.67,45.5,69.9,2017-07-13,2027-07-09,2029-06-07,120,23,87.7,32,26,4,724,1326.3,74.6,Approved,7.9,0,0.0,High/Himalayan/Riverine,0.42,0.23,2026-04-10,OCMS_Historical,Under Implementation,1,1
PAIMANA-SEC_TEL-2020-2493,National 5G High-Density Core Network Infrastructure in Solan,DoT,Department of Telecommunications,SEC_TEL,Telecommunication & BharatNet Fiber,Himachal Pradesh,North,BSNL,31.5684,77.6102,671.54,765.34,93.8,13.97,461.82,60.3,100.0,2020-06-18,2022-03-18,2022-03-18,21,0,150.0,36,36,0,0,1305.0,86.0,Approved,6.7,1,276.11,Moderate/Plateau,0.9,0.89,2026-04-10,PAIMANA_Live,Commissioned,1,0
PAIMANA-SEC_MINE-2020-2494,Copper Ore Underground Mine Expansion Project in Faridabad,MoMines,Ministry of Mines,SEC_MINE,Strategic Mineral Extraction,Haryana,North,HCL,29.4249,75.5847,1367.76,1543.13,175.37,12.82,940.6,61.0,100.0,2020-07-19,2022-08-18,2022-08-18,25,0,150.0,17,17,0,0,1284.8,87.0,Approved,6.1,0,0.0,High/Himalayan/Riverine,0.16,0.37,2026-04-10,PAIMANA_Live,Commissioned,1,0
PAIMANA-SEC_PWR_TR-2023-2495,Green Energy Corridor Intra-State Transmission Scheme Phase-4 in Silchar,MoP,Ministry of Power,SEC_PWR_TR,Power Transmission & Grid,Assam,North-East,POWERGRID,26.4407,92.5546,4967.2,6223.4,1256.2,25.29,1333.3,21.4,35.3,2023-08-26,2029-04-23,2031-07-22,68,27,46.6,48,19,27,816,1704.5,77.4,Stage-I,5.2,2,387.75,High/Himalayan/Riverine,0.33,0.56,2026-04-10,PAIMANA_Live,Stalled/Delayed,1,1
PAIMANA-SEC_SMART-2019-2496,Industrial Smart City & Integrated Manufacturing Node at New Delhi,MoHUA,Ministry of Housing and Urban Affairs,SEC_SMART,Smart Cities & Industrial Corridors,Delhi NCR,North,NICDC,29.0947,77.2747,7718.65,9415.2,1696.55,21.98,4582.83,48.7,78.9,2019-05-10,2025-08-06,2027-10-05,75,26,111.1,19,17,1,778,516.5,74.4,Approved,4.8,0,0.0,High/Himalayan/Riverine,0.28,0.63,2026-04-10,OCMS_Historical,Under Implementation,1,1
PAIMANA-SEC_PWR_TR-2023-2497,Substation Automation & GIS Grid Augmentation at Lucknow,MoP,Ministry of Power,SEC_PWR_TR,Power Transmission & Grid,Uttar Pradesh,North,PGCIL,27.382,80.6594,8135.85,9129.13,993.28,12.21,2338.8,25.6,34.3,2023-04-15,2030-10-11,2032-01-10,90,15,40.1,44,17,18,484,980.7,85.2,Approved,5.9,0,0.0,Low/Plains,0.22,0.33,2026-04-10,PAIMANA_Live,Under Implementation,1,1
PAIMANA-SEC_MINE-2017-2498,Strategic Rare Earth & Bauxite Mining Complex at Indore,MoMines,Ministry of Mines,SEC_MINE,Strategic Mineral Extraction,Madhya Pradesh,Central,NALCO,23.4776,78.6194,3617.56,4125.48,507.92,14.04,2222.74,53.9,80.6,2017-04-08,2021-06-06,2023-05-06,50,23,150.0,29,29,1,686,307.4,58.7,Approved,5.9,1,24.91,Moderate/Plateau,0.44,0.21,2026-04-10,OCMS_Historical,Under Implementation,1,1
PAIMANA-SEC_CHEM-2014-2499,Coal-Gasification Based Urea & Fertilizer Complex at Ramagundam,MoCF,Ministry of Chemicals and Fertilizers,SEC_CHEM,Fertilizer Plants & Petrochemicals,Telangana,South,FCIL,18.0177,78.9986,3036.52,3154.11,117.59,3.87,2081.62,66.0,100.0,2014-12-19,2017-12-17,2017-12-17,36,0,150.0,38,38,0,0,1150.5,98.0,Approved,3.7,1,245.22,Low/Plains,0.84,0.79,2026-04-10,OCMS_Historical,Commissioned,0,0
PAIMANA-SEC_PET-2020-2500,Cross-Country Natural Gas Pipeline Grid (Anantnag to Jammu),MoPNG,Ministry of Petroleum and Natural Gas,SEC_PET,Petroleum Pipelines & Refineries,Jammu & Kashmir,North,GAIL,34.1921,76.7614,2015.27,2496.59,481.32,23.88,1041.49,41.7,67.9,2020-03-04,2023-10-02,2026-12-30,43,39,150.0,21,21,1,1190,821.5,83.2,Stage-II Pending,4.7,0,0.0,High/Himalayan/Riverine,0.9,0.35,2026-04-10,PAIMANA_Live,Under Implementation,1,1
PAIMANA-SEC_ATOM-2018-2501,Fast Breeder Reactor & Reprocessing Facility at Tiruchirappalli,DAE,Department of Atomic Energy,SEC_ATOM,Atomic Energy & Nuclear Power,Tamil Nadu,South,BHAVINI,11.3903,78.9577,2404.39,2739.55,335.16,13.94,1551.82,56.6,86.8,2018-10-14,2022-07-13,2023-06-12,45,11,150.0,31,31,1,317,1748.6,84.4,Approved,9.6,1,246.99,Low/Plains,0.86,0.67,2026-04-10,OCMS_Historical,Nearing Completion,1,1
PAIMANA-SEC_INLAND-2014-2502,National Waterway NW-78 Multimodal Navigation Terminal at Tura,MoPSW,"Ministry of Ports, Shipping and Waterways",SEC_INLAND,National Waterways & River Ports,Meghalaya,North-East,IWAI,25.3365,91.9116,679.92,759.4,79.48,11.69,364.9,48.1,72.4,2014-04-10,2016-01-08,2017-03-08,21,14,150.0,33,33,1,448,269.9,72.8,Approved,7.5,0,0.0,Moderate/Plateau,0.28,0.54,2026-04-10,OCMS_Historical,Under Implementation,1,1
PAIMANA-SEC_IRR-2018-2503,National River Interlinking Canal & Barrage System (Ambala-Gurugram),DoWR,"Department of Water Resources, RD & GR",SEC_IRR,National River Link & Irrigation,Haryana,North,NWDA,29.1445,76.6007,527.59,618.41,90.82,17.21,294.44,47.6,71.0,2018-03-04,2020-05-02,2021-12-31,26,20,150.0,27,27,1,631,1697.9,54.5,Exempted,7.7,0,0.0,Low/Plains,0.92,0.52,2026-04-10,OCMS_Historical,Under Implementation,1,1
PAIMANA-SEC_HWY-2022-2504,Greenfield Coastal Corridor Expressway (Tirupati-Vijayawada Phase 2),MoRTH,Ministry of Road Transport and Highways,SEC_HWY,Highways & Expressways,Andhra Pradesh,South,NHAI,16.3199,79.9065,1144.13,1354.77,210.64,18.41,611.93,45.2,75.2,2022-12-17,2025-11-15,2028-01-14,35,26,114.2,35,35,1,774,1206.4,69.7,Approved,8.2,0,0.0,Low/Plains,0.68,0.41,2026-04-10,PAIMANA_Live,Under Implementation,1,1
PAIMANA-SEC_HWY-2020-2505,Delhi-Mumbai Expressway Package 1 (Kalaburagi-Hubballi Section),MoRTH,Ministry of Road Transport and Highways,SEC_HWY,Highways & Expressways,Karnataka,South,NHAI,14.8151,75.1704,976.46,1201.65,225.19,23.06,476.58,39.7,67.3,2020-06-15,2022-08-14,2025-11-11,26,39,150.0,32,32,1,1176,1214.4,34.3,Approved,3.5,0,0.0,Moderate/Plateau,0.51,0.61,2026-04-10,PAIMANA_Live,Under Implementation,1,1
PAIMANA-SEC_PET-2016-2506,Crude Oil Pipeline Augmented Pumping Infrastructure at Rajkot,MoPNG,Ministry of Petroleum and Natural Gas,SEC_PET,Petroleum Pipelines & Refineries,Gujarat,West,HPCL,22.6283,71.6272,746.23,808.76,62.53,8.38,513.18,63.5,100.0,2016-09-08,2018-08-08,2018-08-08,23,0,150.0,17,17,0,0,1276.2,90.9,Exempted,4.7,0,0.0,Low/Plains,0.47,0.63,2026-04-10,OCMS_Historical,Commissioned,0,0
PAIMANA-SEC_IRR-2015-2507,National River Interlinking Canal & Barrage System (Kandla-Vadodara),DoWR,"Department of Water Resources, RD & GR",SEC_IRR,National River Link & Irrigation,Gujarat,West,NWDA,22.1171,70.9884,2224.25,2519.22,294.97,13.26,1185.63,47.1,78.9,2015-08-16,2018-03-15,2019-07-14,31,16,150.0,43,43,1,487,1537.5,52.7,Approved,9.1,0,0.0,Low/Plains,0.14,0.59,2026-04-10,OCMS_Historical,Under Implementation,1,1
PAIMANA-SEC_ATOM-2018-2508,Fast Breeder Reactor & Reprocessing Facility at Jabalpur,DAE,Department of Atomic Energy,SEC_ATOM,Atomic Energy & Nuclear Power,Madhya Pradesh,Central,BHAVINI,22.3847,78.3927,2844.51,3135.17,290.66,10.22,1728.43,55.1,83.0,2018-09-26,2022-02-23,2023-05-25,41,15,150.0,47,47,1,463,1130.3,72.5,Approved,8.1,0,0.0,Low/Plains,0.52,0.56,2026-04-10,OCMS_Historical,Under Implementation,0,1
PAIMANA-SEC_AIR-2019-2509,Regional Airport Modernization & Runway Extension under UDAN at Jammu,MoCA,Ministry of Civil Aviation,SEC_AIR,Regional & Greenfield Airports,Jammu & Kashmir,North,AAI,34.2731,77.1566,1248.37,1478.2,229.83,18.41,675.44,45.7,78.1,2019-11-27,2023-02-24,2025-04-24,39,26,150.0,41,41,1,805,843.7,57.1,Approved,6.7,1,229.32,Moderate/Plateau,0.25,0.22,2026-04-10,OCMS_Historical,Under Implementation,1,1
PAIMANA-SEC_PORT-2019-2510,Greenfield Deep-Water Major Port & Container Terminal Phase-4 at Indore,MoPSW,"Ministry of Ports, Shipping and Waterways",SEC_PORT,Major Ports & Maritime Channels,Madhya Pradesh,Central,Port Authority,23.4011,79.0711,4671.62,5338.99,667.37,14.29,3084.53,57.8,88.2,2019-02-25,2023-03-25,2024-07-23,49,16,150.0,31,31,1,509,158.2,61.0,Approved,6.4,0,0.0,Low/Plains,0.45,0.85,2026-04-10,OCMS_Historical,Nearing Completion,1,1
PAIMANA-SEC_REN-2021-2511,Offshore & Onshore Hybrid Wind-Solar Power Hub in Aurangabad,MNRE,Ministry of New and Renewable Energy,SEC_REN,Solar & Renewable Green Energy,Maharashtra,West,NTPC-REL,19.4994,76.0057,388.0,462.06,74.06,19.09,192.05,41.6,71.4,2021-01-15,2023-10-15,2026-10-13,33,36,150.0,35,35,1,1091,580.1,69.3,Stage-II Pending,3.5,0,0.0,Low/Plains,0.41,0.79,2026-04-10,PAIMANA_Live,Under Implementation,1,1
PAIMANA-SEC_WATER-2019-2512,Comprehensive Sewage Treatment & River Cleaning Mission at Nagpur,MoHUA,Ministry of Housing and Urban Affairs,SEC_WATER,Water Supply & Urban Sanitation,Maharashtra,West,NMCG,19.8475,75.8445,954.92,981.23,26.31,2.76,649.31,66.2,100.0,2019-08-05,2022-07-04,2022-07-04,35,0,150.0,48,48,0,0,1143.0,84.2,Approved,6.9,0,0.0,Low/Plains,0.18,0.28,2026-04-10,OCMS_Historical,Commissioned,0,0
PAIMANA-SEC_PORT-2020-2513,Greenfield Deep-Water Major Port & Container Terminal Phase-2 at Pan-India Grid,MoPSW,"Ministry of Ports, Shipping and Waterways",SEC_PORT,Major Ports & Maritime Channels,Multi-State / National,National,Port Authority,22.3381,78.9716,580.93,711.3,130.37,22.44,309.26,43.5,66.0,2020-09-28,2022-12-27,2026-01-24,27,37,150.0,38,38,1,1141,1050.9,71.2,Stage-I,5.6,2,49.62,Low/Plains,0.53,0.62,2026-04-10,PAIMANA_Live,Under Implementation,1,1
PAIMANA-SEC_HEAVY-2021-2514,Heavy Machine Tools & Engineering Foundry Unit in Jabalpur,MHI,Ministry of Heavy Industries,SEC_HEAVY,Heavy Engineering & Capital Goods,Madhya Pradesh,Central,HMT,23.0805,79.1121,194.88,204.75,9.87,5.06,134.02,65.5,100.0,2021-08-15,2023-11-13,2023-11-13,27,0,150.0,35,35,0,0,897.9,77.8,Exempted,8.8,0,0.0,Low/Plains,0.48,0.8,2026-04-10,PAIMANA_Live,Commissioned,0,0
PAIMANA-SEC_IRR-2015-2515,National River Interlinking Canal & Barrage System (Amritsar-Patiala),DoWR,"Department of Water Resources, RD & GR",SEC_IRR,National River Link & Irrigation,Punjab,North,NWDA,30.8253,75.5625,1061.1,1319.35,258.25,24.34,486.66,36.9,63.4,2015-11-26,2017-09-24,2020-01-23,22,28,150.0,15,15,1,832,525.9,33.8,Approved,7.6,1,286.43,Low/Plains,0.77,0.9,2026-04-10,OCMS_Historical,Under Implementation,1,1
PAIMANA-SEC_METRO-2014-2516,Urban Light Rail Transit / MetroLite System for Kannur Smart City,MoHUA,Ministry of Housing and Urban Affairs,SEC_METRO,Metro Rail & Urban Transit,Kerala,South,Metro Rail Corp,10.9849,76.4563,1022.44,1153.53,131.09,12.82,529.16,45.9,77.2,2014-03-07,2017-05-05,2019-03-04,38,22,150.0,26,26,1,695,1208.8,91.7,Stage-I,6.2,0,0.0,Low/Plains,0.43,0.21,2026-04-10,OCMS_Historical,Under Implementation,1,1
PAIMANA-SEC_COAL-2019-2517,Coal Bed Methane & Deep Underground Extraction Unit at Dibrugarh,MoCoal,Ministry of Coal,SEC_COAL,Coal Mining & Washeries,Assam,North-East,NCDC,26.6344,92.6555,4833.78,5162.49,328.71,6.8,3324.16,64.4,100.0,2019-08-18,2024-10-14,2024-10-14,62,0,129.1,32,32,0,0,999.8,83.1,Approved,9.4,0,0.0,High/Himalayan/Riverine,0.92,0.32,2026-04-10,OCMS_Historical,Commissioned,0,0
PAIMANA-SEC_MINE-2022-2518,Strategic Rare Earth & Bauxite Mining Complex at Solapur,MoMines,Ministry of Mines,SEC_MINE,Strategic Mineral Extraction,Maharashtra,West,NALCO,19.5716,75.4871,2089.91,2144.02,54.11,2.59,1338.94,62.4,89.0,2022-06-10,2026-03-09,2026-03-09,45,0,102.7,42,28,0,0,923.6,91.0,Stage-I,5.1,0,0.0,Moderate/Plateau,0.69,0.63,2026-04-10,PAIMANA_Live,Nearing Completion,0,0
PAIMANA-SEC_PWR_GEN-2022-2519,Subansiri/Tehri Stage-II Hydroelectric Dam & Powerhouse (Bokaro),MoP,Ministry of Power,SEC_PWR_GEN,Thermal & Hydro Power Generation,Jharkhand,East,SJVN,23.2267,84.9543,433.82,505.71,71.89,16.57,214.57,42.4,66.7,2022-01-11,2023-11-10,2025-12-09,22,25,150.0,40,40,1,758,1173.3,62.0,Approved,8.0,1,82.22,Low/Plains,0.17,0.84,2026-04-10,PAIMANA_Live,Under Implementation,1,1
PAIMANA-SEC_LOG-2016-2520,Multimodal Logistics Park (MMLP) with Inland Container Depot at Mangaluru,MoRTH,Ministry of Road Transport and Highways,SEC_LOG,Multimodal Logistics Parks (MMLP),Karnataka,South,NHLML,15.3467,75.6947,6680.81,7943.05,1262.24,18.89,4261.96,53.7,85.7,2016-03-04,2022-03-01,2024-09-28,72,31,150.0,16,16,1,954,540.9,92.5,Stage-I,5.5,4,460.55,Low/Plains,0.54,0.31,2026-04-10,OCMS_Historical,Nearing Completion,1,1
PAIMANA-SEC_MINE-2021-2521,Copper Ore Underground Mine Expansion Project in Warangal,MoMines,Ministry of Mines,SEC_MINE,Strategic Mineral Extraction,Telangana,South,HCL,17.6502,78.4293,3661.36,3894.5,233.14,6.37,2517.89,64.7,100.0,2021-04-27,2024-11-24,2024-11-24,43,0,138.8,28,28,0,0,1331.5,91.9,Approved,7.6,0,0.0,Low/Plains,0.48,0.74,2026-04-10,PAIMANA_Live,Commissioned,0,0
PAIMANA-SEC_COAL-2016-2522,Open Cast Coal Mining Project (22 MTPA) with High-Capacity Conveyors at Lucknow,MoCoal,Ministry of Coal,SEC_COAL,Coal Mining & Washeries,Uttar Pradesh,North,CIL,27.064,81.2229,1995.4,2462.91,467.51,23.43,1215.92,49.4,80.7,2016-09-18,2020-04-17,2022-03-17,43,23,150.0,12,12,1,680,490.1,91.7,Approved,9.1,4,957.59,High/Himalayan/Riverine,0.53,0.85,2026-04-10,OCMS_Historical,Under Implementation,1,1
PAIMANA-SEC_INLAND-2014-2523,National Waterway NW-57 Multimodal Navigation Terminal at Pan-India Grid,MoPSW,"Ministry of Ports, Shipping and Waterways",SEC_INLAND,National Waterways & River Ports,Multi-State / National,National,IWAI,21.5579,78.9598,925.6,1158.42,232.82,25.15,440.3,38.0,65.8,2014-02-24,2016-12-23,2020-04-22,34,40,150.0,35,35,1,1210,1140.4,62.1,Stage-II Pending,3.6,1,139.78,Low/Plains,0.85,0.8,2026-04-10,OCMS_Historical,Under Implementation,1,1
PAIMANA-SEC_INLAND-2014-2524,Fairway Development & River Ro-Ro Terminal Facility in Ahmedabad,MoPSW,"Ministry of Ports, Shipping and Waterways",SEC_INLAND,National Waterways & River Ports,Gujarat,West,IWAI,22.749,71.0024,461.34,477.94,16.6,3.6,302.29,63.2,100.0,2014-02-12,2015-10-13,2015-10-13,20,0,150.0,37,36,0,0,882.0,83.4,Approved,7.6,0,0.0,Low/Plains,0.94,0.56,2026-04-10,OCMS_Historical,Commissioned,0,0
PAIMANA-SEC_HEALTH-2017-2525,National Centre for Disease Control & Bio-Safety Level 4 Lab at Barmer,MoHFW,Ministry of Health and Family Welfare,SEC_HEALTH,AIIMS & Super-Specialty Medical Infra,Rajasthan,North,MoHFW,26.8265,74.7913,805.94,994.36,188.42,23.38,408.97,41.1,67.9,2017-04-01,2020-03-30,2023-03-29,36,36,150.0,35,34,1,1122,1573.1,72.5,Stage-I,7.0,2,215.58,Low/Plains,0.84,0.64,2026-04-10,OCMS_Historical,Under Implementation,1,1
PAIMANA-SEC_PWR_GEN-2017-2526,Subansiri/Tehri Stage-II Hydroelectric Dam & Powerhouse (Kalaburagi),MoP,Ministry of Power,SEC_PWR_GEN,Thermal & Hydro Power Generation,Karnataka,South,SJVN,15.8948,76.2844,3228.97,3625.98,397.01,12.3,1862.69,51.4,82.1,2017-03-13,2021-07-10,2023-07-09,52,24,150.0,16,16,1,744,1551.2,77.0,Approved,5.4,0,0.0,Low/Plains,0.51,0.64,2026-04-10,OCMS_Historical,Under Implementation,1,1
PAIMANA-SEC_SMART-2016-2527,Industrial Smart City & Integrated Manufacturing Node at Kota,MoHUA,Ministry of Housing and Urban Affairs,SEC_SMART,Smart Cities & Industrial Corridors,Rajasthan,North,NICDC,26.9638,73.6224,6877.18,8675.92,1798.74,26.16,4399.07,50.7,81.2,2016-01-20,2021-12-17,2025-04-16,71,40,150.0,34,34,1,1192,1060.7,62.0,Exempted,4.6,4,1017.22,High/Himalayan/Riverine,0.18,0.41,2026-04-10,OCMS_Historical,Under Implementation,1,1
PAIMANA-SEC_PORT-2023-2528,Port Connectivity Dedicated Rail-Sea Multimodal Corridor at Belagavi,MoPSW,"Ministry of Ports, Shipping and Waterways",SEC_PORT,Major Ports & Maritime Channels,Karnataka,South,Sagarmala Dev,15.7281,76.0764,4972.55,5068.29,95.74,1.93,1397.81,27.6,45.2,2023-11-28,2028-08-25,2028-08-25,57,0,50.2,42,21,0,0,1767.3,90.7,Approved,4.1,0,0.0,Low/Plains,0.3,0.21,2026-04-10,PAIMANA_Live,Under Implementation,0,0
PAIMANA-SEC_INLAND-2021-2529,Fairway Development & River Ro-Ro Terminal Facility in Asansol,MoPSW,"Ministry of Ports, Shipping and Waterways",SEC_INLAND,National Waterways & River Ports,West Bengal,East,IWAI,23.0862,87.4451,721.4,856.71,135.31,18.76,386.61,45.1,68.4,2021-02-10,2022-12-10,2025-07-09,22,31,150.0,13,13,1,968,1309.8,67.0,Approved,7.0,1,54.89,Low/Plains,0.78,0.71,2026-04-10,PAIMANA_Live,Under Implementation,1,1
PAIMANA-SEC_PWR_GEN-2019-2530,Pumped Storage Hydroelectric Power Facility (94 MW) in Kanpur,MoP,Ministry of Power,SEC_PWR_GEN,Thermal & Hydro Power Generation,Uttar Pradesh,North,NHPC,27.194,80.9222,396.22,460.51,64.29,16.23,246.04,53.4,80.0,2019-10-03,2022-05-02,2023-09-30,31,17,150.0,46,46,1,514,1612.0,92.1,Approved,4.0,0,0.0,Moderate/Plateau,0.63,0.82,2026-04-10,OCMS_Historical,Under Implementation,1,1
PAIMANA-SEC_PORT-2018-2531,Port Connectivity Dedicated Rail-Sea Multimodal Corridor at Jabalpur,MoPSW,"Ministry of Ports, Shipping and Waterways",SEC_PORT,Major Ports & Maritime Channels,Madhya Pradesh,Central,Sagarmala Dev,23.2766,79.0786,1312.18,1533.98,221.8,16.9,700.77,45.7,76.4,2018-04-21,2020-11-18,2022-12-18,31,25,150.0,24,24,1,774,1772.6,74.3,Approved,5.2,0,0.0,Low/Plains,0.57,0.73,2026-04-10,OCMS_Historical,Under Implementation,1,1
PAIMANA-SEC_METRO-2022-2532,Regional Rapid Transit System (RRTS) Semi High-Speed Line (Mysuru-Mangaluru),MoHUA,Ministry of Housing and Urban Affairs,SEC_METRO,Metro Rail & Urban Transit,Karnataka,South,NCRTC,14.754,75.1737,213.92,260.27,46.35,21.67,120.37,46.2,73.4,2022-11-21,2024-05-21,2025-11-19,18,18,150.0,22,21,1,542,519.4,73.7,Approved,4.0,0,0.0,High/Himalayan/Riverine,0.4,0.87,2026-04-10,PAIMANA_Live,Under Implementation,1,1
PAIMANA-SEC_AIR-2014-2533,Air Cargo Hub & Aircraft Maintenance Repair Overhaul (MRO) at Solan,MoCA,Ministry of Civil Aviation,SEC_AIR,Regional & Greenfield Airports,Himachal Pradesh,North,AAI,30.8188,76.7579,1560.27,1619.68,59.41,3.81,1072.98,66.2,100.0,2014-10-03,2017-10-31,2017-10-31,37,0,150.0,34,34,0,0,367.0,96.8,Exempted,7.2,1,44.48,Moderate/Plateau,0.49,0.82,2026-04-10,OCMS_Historical,Commissioned,0,0
PAIMANA-SEC_RLY-2017-2534,New Broad Gauge Rail Link Barauni to Bhagalpur with Major Bridges,MoR,Ministry of Railways,SEC_RLY,Railways & High-Speed Rail,Bihar,East,RVNL,25.6292,84.8495,997.63,1115.47,117.84,11.81,661.54,59.3,88.5,2017-07-26,2019-09-24,2020-05-24,26,8,150.0,15,15,1,284,449.3,84.9,Approved,8.7,0,0.0,Low/Plains,0.16,0.59,2026-04-10,OCMS_Historical,Nearing Completion,1,1
PAIMANA-SEC_IRR-2016-2535,National River Interlinking Canal & Barrage System (Visakhapatnam-Guntur),DoWR,"Department of Water Resources, RD & GR",SEC_IRR,National River Link & Irrigation,Andhra Pradesh,South,NWDA,16.0459,80.3221,737.21,854.11,116.9,15.86,371.66,43.5,74.3,2016-03-13,2018-05-12,2020-06-10,26,25,150.0,16,16,1,771,1055.4,91.9,Stage-II Pending,8.0,0,0.0,High/Himalayan/Riverine,0.56,0.35,2026-04-10,OCMS_Historical,Under Implementation,1,1
PAIMANA-SEC_PORT-2021-2536,LNG Import Terminal & Marine Jetty Infrastructure at Noida,MoPSW,"Ministry of Ports, Shipping and Waterways",SEC_PORT,Major Ports & Maritime Channels,Uttar Pradesh,North,Petronet,26.8243,80.9182,252.31,278.93,26.62,10.55,173.51,62.2,100.0,2021-05-06,2022-12-04,2022-12-04,19,0,150.0,48,48,0,0,134.7,93.2,Exempted,3.8,0,0.0,High/Himalayan/Riverine,0.53,0.24,2026-04-10,PAIMANA_Live,Commissioned,0,0
PAIMANA-SEC_PET-2019-2537,Integrated Petroleum Refinery Expansion & Polypropylene Unit at Chennai,MoPNG,Ministry of Petroleum and Natural Gas,SEC_PET,Petroleum Pipelines & Refineries,Tamil Nadu,South,IOCL,11.6928,78.1236,1869.69,1979.31,109.62,5.86,1075.94,54.4,85.2,2019-04-28,2021-06-26,2022-04-26,26,10,150.0,22,22,1,314,641.2,87.6,Approved,9.1,0,0.0,Moderate/Plateau,0.16,0.34,2026-04-10,OCMS_Historical,Nearing Completion,0,1
PAIMANA-SEC_AIR-2021-2538,Air Cargo Hub & Aircraft Maintenance Repair Overhaul (MRO) at Singrauli,MoCA,Ministry of Civil Aviation,SEC_AIR,Regional & Greenfield Airports,Madhya Pradesh,Central,AAI,22.6717,78.5376,691.97,873.66,181.69,26.26,368.33,42.2,71.1,2021-07-03,2023-09-01,2026-01-29,26,29,150.0,31,31,1,870,558.7,95.9,Approved,6.7,1,226.26,High/Himalayan/Riverine,0.78,0.59,2026-04-10,PAIMANA_Live,Under Implementation,1,1
PAIMANA-SEC_CHEM-2023-2539,Petrochemical Derivative & Polymer Manufacturing Unit at Bhopal,MoCF,Ministry of Chemicals and Fertilizers,SEC_CHEM,Fertilizer Plants & Petrochemicals,Madhya Pradesh,Central,HURL,23.3978,78.9441,377.73,456.53,78.8,20.86,170.87,37.4,62.2,2023-03-24,2024-09-21,2027-05-21,18,32,150.0,39,39,1,1005,1263.4,54.3,Approved,3.6,0,0.0,Moderate/Plateau,0.56,0.62,2026-04-10,PAIMANA_Live,Under Implementation,1,1
PAIMANA-SEC_SMART-2023-2540,Industrial Smart City & Integrated Manufacturing Node at Ahmedabad,MoHUA,Ministry of Housing and Urban Affairs,SEC_SMART,Smart Cities & Industrial Corridors,Gujarat,West,NICDC,21.9914,70.8907,157.0,178.27,21.27,13.55,90.65,50.8,76.5,2023-03-26,2025-03-24,2026-04-23,24,13,150.0,23,23,1,404,1717.4,97.2,Approved,8.1,0,0.0,Low/Plains,0.43,0.83,2026-04-10,PAIMANA_Live,Under Implementation,1,1
PAIMANA-SEC_SMART-2017-2541,Industrial Smart City & Integrated Manufacturing Node at Kakinada,MoHUA,Ministry of Housing and Urban Affairs,SEC_SMART,Smart Cities & Industrial Corridors,Andhra Pradesh,South,NICDC,15.603,79.5562,1118.19,1410.09,291.9,26.1,602.24,42.7,75.1,2017-01-06,2019-04-06,2021-02-02,27,22,150.0,39,39,1,663,466.7,88.6,Approved,5.5,1,337.11,High/Himalayan/Riverine,0.7,0.73,2026-04-10,OCMS_Historical,Under Implementation,1,1
PAIMANA-SEC_STEEL-2015-2542,Specialty Alloy & Hot Rolled Coil Expansion Facility at Kochi,MoSteel,Ministry of Steel,SEC_STEEL,Steel Plants & Metallurgy Units,Kerala,South,RINL,11.2153,76.8183,6181.06,6715.94,534.88,8.65,4250.67,63.3,100.0,2015-07-02,2020-11-28,2020-11-28,65,0,150.0,27,27,0,0,1554.6,91.7,Stage-II Pending,5.5,0,0.0,Low/Plains,0.52,0.83,2026-04-10,OCMS_Historical,Commissioned,0,0
PAIMANA-SEC_PORT-2014-2543,Greenfield Deep-Water Major Port & Container Terminal Phase-2 at Jalandhar,MoPSW,"Ministry of Ports, Shipping and Waterways",SEC_PORT,Major Ports & Maritime Channels,Punjab,North,Port Authority,31.508,74.7839,5562.5,6733.79,1171.29,21.06,3047.76,45.3,74.5,2014-05-05,2019-05-03,2022-04-01,60,35,150.0,31,31,1,1039,340.8,70.6,Exempted,3.7,1,321.69,Low/Plains,0.64,0.53,2026-04-10,OCMS_Historical,Under Implementation,1,1
PAIMANA-SEC_CHEM-2022-2544,Coal-Gasification Based Urea & Fertilizer Complex at Jharsuguda,MoCF,Ministry of Chemicals and Fertilizers,SEC_CHEM,Fertilizer Plants & Petrochemicals,Odisha,East,FCIL,21.1821,85.5285,743.5,883.92,140.42,18.89,367.75,41.6,64.5,2022-02-19,2023-09-19,2026-04-18,19,31,150.0,27,27,1,937,142.2,97.1,Stage-II Pending,9.4,2,380.03,Moderate/Plateau,0.88,0.49,2026-04-10,PAIMANA_Live,Under Implementation,1,1
PAIMANA-SEC_STEEL-2019-2545,Specialty Alloy & Hot Rolled Coil Expansion Facility at Mumbai,MoSteel,Ministry of Steel,SEC_STEEL,Steel Plants & Metallurgy Units,Maharashtra,West,RINL,19.955,75.7576,647.75,784.99,137.24,21.19,344.37,43.9,67.8,2019-08-04,2022-01-01,2024-08-30,29,32,150.0,39,39,1,962,888.4,72.3,Approved,6.3,3,407.59,Moderate/Plateau,0.2,0.63,2026-04-10,OCMS_Historical,Under Implementation,1,1
PAIMANA-SEC_TEL-2020-2546,BharatNet Rural Optical Fiber Network Phase-3 across Amritsar,DoT,Department of Telecommunications,SEC_TEL,Telecommunication & BharatNet Fiber,Punjab,North,BBNL,31.222,75.2037,1791.74,2012.82,221.08,12.34,1217.17,60.5,100.0,2020-04-11,2022-10-10,2022-10-10,30,0,150.0,12,12,0,0,55.8,84.4,Approved,6.7,0,0.0,High/Himalayan/Riverine,0.56,0.85,2026-04-10,PAIMANA_Live,Commissioned,1,0
PAIMANA-SEC_TEL-2020-2547,BharatNet Rural Optical Fiber Network Phase-1 across Tiruchirappalli,DoT,Department of Telecommunications,SEC_TEL,Telecommunication & BharatNet Fiber,Tamil Nadu,South,BBNL,11.4454,78.558,444.58,564.13,119.55,26.89,259.66,46.0,73.3,2020-10-15,2023-03-15,2025-08-12,29,29,150.0,16,16,1,856,1674.7,47.3,Approved,7.9,2,518.3,Low/Plains,0.91,0.22,2026-04-10,PAIMANA_Live,Under Implementation,1,1
PAIMANA-SEC_PWR_TR-2014-2548,Green Energy Corridor Intra-State Transmission Scheme Phase-1 in Coimbatore,MoP,Ministry of Power,SEC_PWR_TR,Power Transmission & Grid,Tamil Nadu,South,POWERGRID,11.653,78.7227,1528.91,1636.41,107.5,7.03,1051.42,64.3,100.0,2014-12-07,2017-04-06,2017-04-06,28,0,150.0,43,43,0,0,134.2,89.1,Stage-II Pending,6.3,1,176.69,Low/Plains,0.55,0.67,2026-04-10,OCMS_Historical,Commissioned,0,0
PAIMANA-SEC_PWR_TR-2020-2549,Green Energy Corridor Intra-State Transmission Scheme Phase-4 in Kalaburagi,MoP,Ministry of Power,SEC_PWR_TR,Power Transmission & Grid,Karnataka,South,POWERGRID,15.3609,75.3063,2376.5,2952.84,576.34,24.25,1402.33,47.5,76.3,2020-09-16,2024-09-14,2027-06-14,48,33,139.6,34,34,1,1034,1049.8,81.1,Approved,5.5,2,564.28,Low/Plains,0.5,0.61,2026-04-10,PAIMANA_Live,Under Implementation,1,1
PAIMANA-SEC_CHEM-2016-2550,Petrochemical Derivative & Polymer Manufacturing Unit at Barmer,MoCF,Ministry of Chemicals and Fertilizers,SEC_CHEM,Fertilizer Plants & Petrochemicals,Rajasthan,North,HURL,26.6767,74.1219,3681.93,4536.62,854.69,23.21,1903.89,42.0,67.6,2016-09-02,2020-01-31,2023-02-28,41,37,150.0,42,42,1,1147,69.3,53.1,Approved,3.2,0,0.0,Low/Plains,0.19,0.65,2026-04-10,OCMS_Historical,Under Implementation,1,1
PAIMANA-SEC_HWY-2021-2551,Delhi-Mumbai Expressway Package 9 (Kandla-Vadodara Section),MoRTH,Ministry of Road Transport and Highways,SEC_HWY,Highways & Expressways,Gujarat,West,NHAI,22.3878,70.8377,1043.63,1234.11,190.48,18.25,564.78,45.8,72.3,2021-09-08,2023-05-09,2025-02-05,20,21,150.0,46,46,1,675,906.9,55.3,Approved,9.6,0,0.0,Moderate/Plateau,0.52,0.76,2026-04-10,PAIMANA_Live,Under Implementation,1,1
PAIMANA-SEC_IRR-2015-2552,Lift Irrigation & Pressurized Piped Distribution Network in Noida,DoWR,"Department of Water Resources, RD & GR",SEC_IRR,National River Link & Irrigation,Uttar Pradesh,North,WRD,26.7567,80.7714,945.88,1166.2,220.32,23.29,484.9,41.6,68.9,2015-05-13,2018-03-11,2021-04-08,34,37,150.0,28,28,1,1128,794.0,39.1,Approved,5.8,1,340.62,Low/Plains,0.45,0.27,2026-04-10,OCMS_Historical,Under Implementation,1,1
PAIMANA-SEC_RLY-2019-2553,New Broad Gauge Rail Link Kalaburagi to Mangaluru with Major Bridges,MoR,Ministry of Railways,SEC_RLY,Railways & High-Speed Rail,Karnataka,South,RVNL,14.7561,75.5333,498.46,565.93,67.47,13.54,284.31,50.2,74.5,2019-11-20,2022-01-18,2023-11-17,26,22,150.0,37,37,1,704,996.1,57.1,Approved,7.7,0,0.0,Moderate/Plateau,0.78,0.23,2026-04-10,OCMS_Historical,Under Implementation,1,1
PAIMANA-SEC_TEL-2020-2554,National 5G High-Density Core Network Infrastructure in Bikaner,DoT,Department of Telecommunications,SEC_TEL,Telecommunication & BharatNet Fiber,Rajasthan,North,BSNL,26.5531,73.9577,523.26,636.35,113.09,21.61,224.88,35.3,61.1,2020-06-25,2022-04-24,2025-03-23,22,35,150.0,27,27,1,1085,562.7,50.5,Approved,4.3,0,0.0,Moderate/Plateau,0.47,0.45,2026-04-10,PAIMANA_Live,Under Implementation,1,1
PAIMANA-SEC_CHEM-2016-2555,Petrochemical Derivative & Polymer Manufacturing Unit at Visakhapatnam,MoCF,Ministry of Chemicals and Fertilizers,SEC_CHEM,Fertilizer Plants & Petrochemicals,Andhra Pradesh,South,HURL,15.9892,80.2421,925.61,1011.91,86.3,9.32,518.11,51.2,81.4,2016-01-28,2017-11-26,2018-12-26,22,13,150.0,21,21,1,398,1736.1,91.7,Approved,5.4,0,0.0,Low/Plains,0.28,0.69,2026-04-10,OCMS_Historical,Under Implementation,0,1
PAIMANA-SEC_COAL-2023-2556,Open Cast Coal Mining Project (89 MTPA) with High-Capacity Conveyors at Jamnagar,MoCoal,Ministry of Coal,SEC_COAL,Coal Mining & Washeries,Gujarat,West,CIL,21.73,70.6283,1627.18,1977.21,350.03,21.51,531.64,26.9,48.0,2023-08-13,2026-11-10,2030-02-07,39,39,82.4,27,18,3,1174,764.1,76.4,Approved,4.9,2,170.09,Low/Plains,0.66,0.59,2026-04-10,PAIMANA_Live,Under Implementation,1,1
PAIMANA-SEC_PET-2018-2557,Strategic Petroleum Reserve Underground Rock Caverns at Anantnag,MoPNG,Ministry of Petroleum and Natural Gas,SEC_PET,Petroleum Pipelines & Refineries,Jammu & Kashmir,North,ISPRL,33.3613,76.7192,2733.98,3397.4,663.42,24.27,1519.64,44.7,77.2,2018-04-11,2021-06-09,2023-08-08,38,26,150.0,31,31,1,796,434.5,69.6,Approved,8.0,2,121.14,High/Himalayan/Riverine,0.88,0.6,2026-04-10,OCMS_Historical,Under Implementation,1,1
PAIMANA-SEC_COAL-2019-2558,Open Cast Coal Mining Project (40 MTPA) with High-Capacity Conveyors at Gorakhpur,MoCoal,Ministry of Coal,SEC_COAL,Coal Mining & Washeries,Uttar Pradesh,North,CIL,26.2934,80.8049,535.17,613.71,78.54,14.68,265.13,43.2,73.6,2019-02-17,2021-06-17,2023-02-15,28,20,150.0,22,22,1,634,504.5,83.2,Approved,6.3,1,251.38,Low/Plains,0.17,0.24,2026-04-10,OCMS_Historical,Under Implementation,1,1
PAIMANA-SEC_IRR-2021-2559,National River Interlinking Canal & Barrage System (Pune-Solapur),DoWR,"Department of Water Resources, RD & GR",SEC_IRR,National River Link & Irrigation,Maharashtra,West,NWDA,19.6346,75.166,4739.38,5750.67,1011.29,21.34,2563.75,44.6,68.3,2021-02-06,2026-02-04,2028-09-03,60,31,103.8,17,17,1,967,1355.6,69.4,Stage-I,7.9,1,328.27,Low/Plains,0.79,0.47,2026-04-10,PAIMANA_Live,Under Implementation,1,1
PAIMANA-SEC_HEALTH-2015-2560,All India Institute of Medical Sciences (AIIMS) 750-Bed Super-Specialty Campus at Coimbatore,MoHFW,Ministry of Health and Family Welfare,SEC_HEALTH,AIIMS & Super-Specialty Medical Infra,Tamil Nadu,South,MoHFW/HSCC,10.9962,78.4445,887.17,975.14,87.97,9.92,514.57,52.8,81.4,2015-03-07,2018-04-04,2019-10-03,37,18,150.0,20,20,1,556,556.2,90.2,Stage-I,9.1,1,292.32,Low/Plains,0.16,0.27,2026-04-10,OCMS_Historical,Under Implementation,0,1
PAIMANA-SEC_HEALTH-2018-2561,National Centre for Disease Control & Bio-Safety Level 4 Lab at Ahmedabad,MoHFW,Ministry of Health and Family Welfare,SEC_HEALTH,AIIMS & Super-Specialty Medical Infra,Gujarat,West,MoHFW,22.0189,70.6423,1124.74,1396.7,271.96,24.18,535.5,38.3,65.6,2018-05-10,2020-05-08,2023-02-05,24,33,150.0,12,12,1,991,436.0,88.9,Stage-I,8.1,4,455.61,Moderate/Plateau,0.83,0.61,2026-04-10,OCMS_Historical,Under Implementation,1,1
PAIMANA-SEC_PET-2015-2562,Integrated Petroleum Refinery Expansion & Polypropylene Unit at Indore,MoPNG,Ministry of Petroleum and Natural Gas,SEC_PET,Petroleum Pipelines & Refineries,Madhya Pradesh,Central,IOCL,22.4757,78.3733,564.4,609.66,45.26,8.02,388.13,63.7,100.0,2015-09-02,2017-05-02,2017-05-02,20,0,150.0,36,36,0,0,1083.4,83.8,Approved,8.9,0,0.0,Low/Plains,0.46,0.66,2026-04-10,OCMS_Historical,Commissioned,0,0
PAIMANA-SEC_PET-2022-2563,Strategic Petroleum Reserve Underground Rock Caverns at Ramagundam,MoPNG,Ministry of Petroleum and Natural Gas,SEC_PET,Petroleum Pipelines & Refineries,Telangana,South,ISPRL,18.1751,79.3518,157.0,188.33,31.33,19.96,107.97,57.3,100.0,2022-10-27,2024-04-26,2024-04-26,18,0,150.0,18,18,0,0,1543.5,90.6,Approved,5.7,1,155.43,High/Himalayan/Riverine,0.86,0.56,2026-04-10,PAIMANA_Live,Commissioned,1,0
PAIMANA-SEC_AIR-2015-2564,Greenfield International Airport Terminal-47 & Parallel Runway at Aurangabad,MoCA,Ministry of Civil Aviation,SEC_AIR,Regional & Greenfield Airports,Maharashtra,West,AAI,20.2575,75.9508,2658.32,3046.13,387.81,14.59,1659.77,54.5,80.8,2015-01-08,2018-06-07,2019-09-06,41,15,150.0,17,17,1,468,1267.5,84.4,Approved,7.5,0,0.0,Moderate/Plateau,0.43,0.62,2026-04-10,OCMS_Historical,Under Implementation,1,1
PAIMANA-SEC_METRO-2016-2565,Regional Rapid Transit System (RRTS) Semi High-Speed Line (Ujjain-Gwalior),MoHUA,Ministry of Housing and Urban Affairs,SEC_METRO,Metro Rail & Urban Transit,Madhya Pradesh,Central,NCRTC,23.3414,79.1402,2311.4,2381.08,69.68,3.01,1560.43,65.5,100.0,2016-06-21,2019-03-21,2019-03-21,33,0,150.0,40,40,0,0,1673.4,78.0,Approved,3.4,0,0.0,Moderate/Plateau,0.34,0.35,2026-04-10,OCMS_Historical,Commissioned,0,0
PAIMANA-SEC_IRR-2015-2566,Lift Irrigation & Pressurized Piped Distribution Network in Rajkot,DoWR,"Department of Water Resources, RD & GR",SEC_IRR,National River Link & Irrigation,Gujarat,West,WRD,22.208,71.3861,878.61,1087.31,208.7,23.75,465.76,42.8,71.3,2015-05-22,2018-04-20,2020-06-18,35,26,150.0,41,41,1,777,1098.5,83.0,Exempted,4.7,2,504.5,Low/Plains,0.94,0.73,2026-04-10,OCMS_Historical,Under Implementation,1,1
PAIMANA-SEC_CHEM-2023-2567,Petrochemical Derivative & Polymer Manufacturing Unit at Belagavi,MoCF,Ministry of Chemicals and Fertilizers,SEC_CHEM,Fertilizer Plants & Petrochemicals,Karnataka,South,HURL,15.4475,75.9635,1223.23,1483.89,260.66,21.31,652.82,44.0,73.6,2023-05-26,2025-03-24,2026-12-22,22,21,150.0,41,41,1,628,1021.6,56.3,Approved,6.0,1,295.62,Low/Plains,0.58,0.73,2026-04-10,PAIMANA_Live,Under Implementation,1,1
PAIMANA-SEC_ATOM-2023-2568,Fast Breeder Reactor & Reprocessing Facility at Gorakhpur,DAE,Department of Atomic Energy,SEC_ATOM,Atomic Energy & Nuclear Power,Uttar Pradesh,North,BHAVINI,27.0901,81.014,1873.85,1978.44,104.59,5.58,1188.3,60.1,97.6,2023-05-03,2025-11-30,2025-11-30,31,0,114.4,37,37,0,0,969.6,86.1,Approved,8.9,0,0.0,Low/Plains,0.18,0.26,2026-04-10,PAIMANA_Live,Nearing Completion,0,0
PAIMANA-SEC_TEL-2021-2569,National 5G High-Density Core Network Infrastructure in Salem,DoT,Department of Telecommunications,SEC_TEL,Telecommunication & BharatNet Fiber,Tamil Nadu,South,BSNL,10.8642,78.4056,260.13,329.55,69.42,26.69,116.34,35.3,59.6,2021-07-08,2023-01-06,2025-12-05,18,35,150.0,14,14,1,1053,1685.8,96.7,Approved,4.0,2,317.02,Low/Plains,0.55,0.65,2026-04-10,PAIMANA_Live,Under Implementation,1,1
PAIMANA-SEC_MINE-2020-2570,Strategic Rare Earth & Bauxite Mining Complex at Dibrugarh,MoMines,Ministry of Mines,SEC_MINE,Strategic Mineral Extraction,Assam,North-East,NALCO,26.5581,92.3423,694.37,824.71,130.34,18.77,295.8,35.9,62.4,2020-08-20,2022-10-19,2025-12-17,26,38,150.0,47,47,1,1157,1222.1,60.2,Approved,5.2,1,31.01,Low/Plains,0.79,0.5,2026-04-10,PAIMANA_Live,Under Implementation,1,1
PAIMANA-SEC_PET-2021-2571,Cross-Country Natural Gas Pipeline Grid (Haldia to Kolkata),MoPNG,Ministry of Petroleum and Natural Gas,SEC_PET,Petroleum Pipelines & Refineries,West Bengal,East,GAIL,23.0753,88.1657,2440.99,2816.1,375.11,15.37,1254.8,44.6,75.6,2021-08-25,2024-10-23,2026-08-22,38,22,146.7,42,42,1,696,1278.3,95.9,Approved,4.8,0,0.0,Moderate/Plateau,0.15,0.35,2026-04-10,PAIMANA_Live,Under Implementation,1,1
PAIMANA-SEC_RLY-2014-2572,High-Speed Rail Bullet Train Section 14 (Noida-Lucknow),MoR,Ministry of Railways,SEC_RLY,Railways & High-Speed Rail,Uttar Pradesh,North,NHSRCL,26.5196,80.6262,348.64,381.17,32.53,9.33,239.76,62.9,100.0,2014-05-20,2015-11-18,2015-11-18,18,0,150.0,22,22,0,0,1151.8,95.4,Approved,7.7,1,228.41,Moderate/Plateau,0.54,0.64,2026-04-10,OCMS_Historical,Commissioned,0,0
PAIMANA-SEC_SMART-2022-2573,Special Investment Region Trunk Infrastructure & Utilities at Jharsuguda,MoHUA,Ministry of Housing and Urban Affairs,SEC_SMART,Smart Cities & Industrial Corridors,Odisha,East,Dholera/DMIC,20.6327,84.7911,1517.0,1550.37,33.37,2.2,980.19,63.2,99.5,2022-05-22,2025-11-18,2025-11-18,42,0,111.6,38,38,0,0,1077.2,92.3,Stage-I,6.8,0,0.0,Moderate/Plateau,0.86,0.28,2026-04-10,PAIMANA_Live,Commissioned,0,0
PAIMANA-SEC_HWY-2014-2574,Economic Corridor NH-17 6-Lane Access Controlled Highway (Ujjain),MoRTH,Ministry of Road Transport and Highways,SEC_HWY,Highways & Expressways,Madhya Pradesh,Central,NHAI,23.5667,78.3166,316.35,384.56,68.21,21.56,182.07,47.3,71.8,2014-05-20,2017-01-16,2019-09-15,32,32,150.0,23,23,1,958,616.9,36.6,Approved,5.3,0,0.0,Low/Plains,0.48,0.46,2026-04-10,OCMS_Historical,Under Implementation,1,1
PAIMANA-SEC_LOG-2018-2575,Central Freight Logistics & Cold Chain Infrastructure Hub at Kharagpur,MoRTH,Ministry of Road Transport and Highways,SEC_LOG,Multimodal Logistics Parks (MMLP),West Bengal,East,CONCOR,23.5505,87.5473,1787.75,1846.67,58.92,3.3,1224.39,66.3,100.0,2018-07-23,2021-01-20,2021-01-20,30,0,150.0,29,29,0,0,1193.9,86.3,Approved,9.8,0,0.0,Low/Plains,0.67,0.65,2026-04-10,OCMS_Historical,Commissioned,0,0
PAIMANA-SEC_HEAVY-2016-2576,Heavy Electrical Equipment & Gas Turbine Manufacturing Facility at Ayodhya,MHI,Ministry of Heavy Industries,SEC_HEAVY,Heavy Engineering & Capital Goods,Uttar Pradesh,North,BHEL,27.3714,80.8627,1109.59,1335.87,226.28,20.39,565.51,42.3,70.9,2016-08-22,2019-04-21,2021-04-19,32,24,150.0,47,47,1,749,602.0,64.9,Stage-I,6.7,2,331.13,Low/Plains,0.81,0.4,2026-04-10,OCMS_Historical,Under Implementation,1,1
PAIMANA-SEC_TEL-2019-2577,BharatNet Rural Optical Fiber Network Phase-2 across Gorakhpur,DoT,Department of Telecommunications,SEC_TEL,Telecommunication & BharatNet Fiber,Uttar Pradesh,North,BBNL,27.1468,80.818,247.46,318.46,71.0,28.69,110.48,34.7,61.0,2019-09-21,2021-03-21,2023-06-19,18,27,150.0,42,41,1,833,1115.9,66.8,Exempted,7.1,1,267.29,Low/Plains,0.36,0.53,2026-04-10,OCMS_Historical,Under Implementation,1,1
PAIMANA-SEC_ATOM-2017-2578,Fast Breeder Reactor & Reprocessing Facility at Bhavnagar,DAE,Department of Atomic Energy,SEC_ATOM,Atomic Energy & Nuclear Power,Gujarat,West,BHAVINI,22.6666,70.7113,3470.69,4254.07,783.38,22.57,1959.36,46.1,77.7,2017-10-18,2022-03-17,2024-10-14,53,31,150.0,12,12,1,938,879.3,58.4,Stage-II Pending,6.8,0,0.0,Low/Plains,0.22,0.75,2026-04-10,OCMS_Historical,Under Implementation,1,1
PAIMANA-SEC_HEALTH-2020-2579,All India Institute of Medical Sciences (AIIMS) 750-Bed Super-Specialty Campus at Guwahati,MoHFW,Ministry of Health and Family Welfare,SEC_HEALTH,AIIMS & Super-Specialty Medical Infra,Assam,North-East,MoHFW/HSCC,26.5255,92.4041,571.2,674.67,103.47,18.11,298.94,44.3,72.0,2020-07-24,2023-05-23,2025-04-21,34,23,150.0,21,21,1,696,1282.1,63.5,Exempted,8.6,2,49.86,Low/Plains,0.17,0.38,2026-04-10,PAIMANA_Live,Under Implementation,1,1
PAIMANA-SEC_STEEL-2020-2580,Integrated Steel Plant Modernization & Pelletization Unit at Bhubaneswar,MoSteel,Ministry of Steel,SEC_STEEL,Steel Plants & Metallurgy Units,Odisha,East,SAIL,21.2682,85.1355,531.59,675.19,143.6,27.01,242.51,35.9,63.2,2020-02-14,2021-08-14,2024-05-13,18,33,150.0,41,41,1,1024,926.5,83.9,Stage-I,3.8,2,479.48,Moderate/Plateau,0.95,0.56,2026-04-10,PAIMANA_Live,Under Implementation,1,1
PAIMANA-SEC_AIR-2020-2581,Air Cargo Hub & Aircraft Maintenance Repair Overhaul (MRO) at Prayagraj,MoCA,Ministry of Civil Aviation,SEC_AIR,Regional & Greenfield Airports,Uttar Pradesh,North,AAI,27.3135,81.521,1388.73,1621.87,233.14,16.79,657.34,40.5,69.1,2020-10-20,2022-10-19,2025-02-16,24,28,150.0,47,47,1,837,616.3,65.4,Approved,6.7,0,0.0,Moderate/Plateau,0.77,0.77,2026-04-10,PAIMANA_Live,Under Implementation,1,1
PAIMANA-SEC_INLAND-2017-2582,National Waterway NW-14 Multimodal Navigation Terminal at Pune,MoPSW,"Ministry of Ports, Shipping and Waterways",SEC_INLAND,National Waterways & River Ports,Maharashtra,West,IWAI,19.783,76.2948,3418.0,3889.52,471.52,13.8,2190.5,56.3,88.7,2017-11-14,2022-01-12,2023-06-12,50,17,150.0,32,32,1,503,1280.7,74.6,Approved,5.4,0,0.0,Low/Plains,0.14,0.46,2026-04-10,OCMS_Historical,Nearing Completion,1,1
PAIMANA-SEC_AIR-2015-2583,Regional Airport Modernization & Runway Extension under UDAN at Kakinada,MoCA,Ministry of Civil Aviation,SEC_AIR,Regional & Greenfield Airports,Andhra Pradesh,South,AAI,16.4086,79.8714,437.28,512.8,75.52,17.27,216.62,42.2,65.8,2015-08-13,2017-02-10,2018-11-10,18,21,150.0,26,26,1,641,1738.4,64.0,Approved,7.2,1,258.18,Low/Plains,0.78,0.57,2026-04-10,OCMS_Historical,Under Implementation,1,1
PAIMANA-SEC_PET-2020-2584,Integrated Petroleum Refinery Expansion & Polypropylene Unit at Barmer,MoPNG,Ministry of Petroleum and Natural Gas,SEC_PET,Petroleum Pipelines & Refineries,Rajasthan,North,IOCL,27.3699,74.2583,1217.07,1364.69,147.62,12.13,836.97,61.3,100.0,2020-08-14,2023-01-12,2023-01-12,29,0,150.0,12,12,0,0,1121.8,90.9,Approved,4.3,0,0.0,High/Himalayan/Riverine,0.28,0.49,2026-04-10,PAIMANA_Live,Commissioned,1,0
PAIMANA-SEC_INLAND-2020-2585,National Waterway NW-27 Multimodal Navigation Terminal at Bongaigaon,MoPSW,"Ministry of Ports, Shipping and Waterways",SEC_INLAND,National Waterways & River Ports,Assam,North-East,IWAI,26.689,92.835,1725.0,1933.36,208.36,12.08,1186.27,61.4,100.0,2020-08-04,2023-02-02,2023-02-02,30,0,150.0,36,36,0,0,137.7,84.1,Approved,5.0,0,0.0,High/Himalayan/Riverine,0.52,0.64,2026-04-10,PAIMANA_Live,Commissioned,1,0
PAIMANA-SEC_PORT-2018-2586,Port Connectivity Dedicated Rail-Sea Multimodal Corridor at Jaipur,MoPSW,"Ministry of Ports, Shipping and Waterways",SEC_PORT,Major Ports & Maritime Channels,Rajasthan,North,Sagarmala Dev,26.9351,73.6471,2217.33,2671.12,453.79,20.47,1230.2,46.1,74.2,2018-05-22,2022-02-18,2025-04-18,45,38,150.0,29,29,1,1174,500.7,95.4,Stage-II Pending,4.0,2,83.23,Moderate/Plateau,0.62,0.59,2026-04-10,OCMS_Historical,Under Implementation,1,1
PAIMANA-SEC_MINE-2014-2587,Strategic Rare Earth & Bauxite Mining Complex at Guwahati,MoMines,Ministry of Mines,SEC_MINE,Strategic Mineral Extraction,Assam,North-East,NALCO,25.6632,93.4444,1357.26,1575.82,218.56,16.1,794.42,50.4,77.1,2014-06-18,2017-07-16,2019-04-15,37,21,150.0,42,42,1,659,1753.0,82.9,Approved,9.0,1,139.04,Low/Plains,0.79,0.62,2026-04-10,OCMS_Historical,Under Implementation,1,1
PAIMANA-SEC_LOG-2015-2588,Multimodal Logistics Park (MMLP) with Inland Container Depot at Jabalpur,MoRTH,Ministry of Road Transport and Highways,SEC_LOG,Multimodal Logistics Parks (MMLP),Madhya Pradesh,Central,NHLML,22.7622,78.4132,809.92,938.12,128.2,15.83,362.46,38.6,58.5,2015-12-05,2017-06-04,2020-02-01,18,32,150.0,29,29,1,955,1496.4,79.0,Approved,4.5,2,175.73,Moderate/Plateau,0.85,0.22,2026-04-10,OCMS_Historical,Under Implementation,1,1
PAIMANA-SEC_HEALTH-2014-2589,National Centre for Disease Control & Bio-Safety Level 4 Lab at Ujjain,MoHFW,Ministry of Health and Family Welfare,SEC_HEALTH,AIIMS & Super-Specialty Medical Infra,Madhya Pradesh,Central,MoHFW,22.4543,79.2109,522.9,634.06,111.16,21.26,259.44,40.9,61.5,2014-03-20,2016-05-18,2019-09-16,26,40,150.0,34,34,1,1234,1201.5,94.0,Exempted,3.3,2,143.32,Low/Plains,0.8,0.34,2026-04-10,OCMS_Historical,Under Implementation,1,1
PAIMANA-SEC_PWR_GEN-2018-2590,Ultra Mega Supercritical Thermal Power Project (87x800 MW) at Kakinada,MoP,Ministry of Power,SEC_PWR_GEN,Thermal & Hydro Power Generation,Andhra Pradesh,South,NTPC,15.8685,79.6573,1245.69,1636.81,391.12,31.4,626.74,38.3,66.6,2018-12-15,2021-05-14,2025-04-11,29,47,150.0,17,17,1,1420,690.8,31.1,Approved,4.5,2,569.6,Low/Plains,0.55,0.69,2026-04-10,OCMS_Historical,Under Implementation,1,1
PAIMANA-SEC_PWR_TR-2016-2591,Substation Automation & GIS Grid Augmentation at Singrauli,MoP,Ministry of Power,SEC_PWR_TR,Power Transmission & Grid,Madhya Pradesh,Central,PGCIL,22.6767,78.8219,414.5,457.7,43.2,10.42,195.69,42.8,69.1,2016-06-18,2018-06-17,2020-02-15,24,20,150.0,22,22,1,619,1791.1,92.3,Stage-II Pending,5.4,0,0.0,Low/Plains,0.7,0.3,2026-04-10,OCMS_Historical,Under Implementation,0,1
PAIMANA-SEC_PWR_GEN-2022-2592,Subansiri/Tehri Stage-II Hydroelectric Dam & Powerhouse (Kota),MoP,Ministry of Power,SEC_PWR_GEN,Thermal & Hydro Power Generation,Rajasthan,North,SJVN,26.427,73.7784,157.0,196.84,39.84,25.38,72.88,37.0,58.1,2022-08-08,2024-02-06,2026-12-05,18,34,150.0,19,19,1,1010,520.1,84.5,Approved,4.7,1,116.66,Low/Plains,0.5,0.67,2026-04-10,PAIMANA_Live,Under Implementation,1,1
PAIMANA-SEC_PET-2023-2593,Green Hydrogen & Bio-Ethanol Mega Plant at Kanpur,MoPNG,Ministry of Petroleum and Natural Gas,SEC_PET,Petroleum Pipelines & Refineries,Uttar Pradesh,North,BPCL,26.3262,81.0958,1737.74,2009.04,271.3,15.61,986.03,49.1,75.5,2023-08-28,2025-09-26,2027-04-26,25,19,126.4,47,47,1,608,743.8,91.5,Approved,9.4,0,0.0,High/Himalayan/Riverine,0.61,0.22,2026-04-10,PAIMANA_Live,Under Implementation,1,1
PAIMANA-SEC_STEEL-2019-2594,Specialty Alloy & Hot Rolled Coil Expansion Facility at Vadodara,MoSteel,Ministry of Steel,SEC_STEEL,Steel Plants & Metallurgy Units,Gujarat,West,RINL,22.7112,70.842,2709.03,2709.03,0.0,0.0,1727.75,63.8,100.0,2019-06-03,2022-03-02,2022-03-02,33,0,150.0,13,13,0,0,486.2,96.3,Approved,6.7,0,0.0,Moderate/Plateau,0.49,0.2,2026-04-10,OCMS_Historical,Commissioned,0,0
PAIMANA-SEC_RLY-2014-2595,Modern Multimodal Railway Terminal & Station Redevelopment at Prayagraj,MoR,Ministry of Railways,SEC_RLY,Railways & High-Speed Rail,Uttar Pradesh,North,RLDA,26.5763,81.5411,157.0,189.24,32.24,20.54,71.59,37.8,63.6,2014-04-14,2015-10-13,2017-09-11,18,23,150.0,40,40,1,677,477.9,71.1,Exempted,4.7,0,0.0,High/Himalayan/Riverine,0.72,0.33,2026-04-10,OCMS_Historical,Under Implementation,1,1
PAIMANA-SEC_STEEL-2017-2596,Specialty Alloy & Hot Rolled Coil Expansion Facility at Mangaluru,MoSteel,Ministry of Steel,SEC_STEEL,Steel Plants & Metallurgy Units,Karnataka,South,RINL,15.5286,75.125,439.82,502.3,62.48,14.21,228.31,45.5,75.8,2017-10-04,2020-02-02,2021-08-02,28,18,150.0,48,48,1,580,978.4,71.7,Approved,6.2,1,114.16,Low/Plains,0.21,0.49,2026-04-10,OCMS_Historical,Under Implementation,1,1
PAIMANA-SEC_COAL-2014-2597,Coal Bed Methane & Deep Underground Extraction Unit at Ahmedabad,MoCoal,Ministry of Coal,SEC_COAL,Coal Mining & Washeries,Gujarat,West,NCDC,22.0562,70.6254,2066.9,2259.17,192.27,9.3,1174.36,52.0,81.0,2014-05-12,2017-05-10,2018-09-08,36,16,150.0,28,28,1,471,980.0,67.2,Approved,5.3,0,0.0,Low/Plains,0.64,0.29,2026-04-10,OCMS_Historical,Under Implementation,0,1
PAIMANA-SEC_STEEL-2015-2598,Specialty Alloy & Hot Rolled Coil Expansion Facility at Dhanbad,MoSteel,Ministry of Steel,SEC_STEEL,Steel Plants & Metallurgy Units,Jharkhand,East,RINL,23.698,85.526,8104.93,9129.5,1024.57,12.64,4529.49,49.6,82.4,2015-08-14,2022-09-10,2024-10-09,85,25,150.0,21,21,1,768,924.9,93.9,Approved,9.7,2,427.38,Low/Plains,0.95,0.58,2026-04-10,OCMS_Historical,Under Implementation,1,1
PAIMANA-SEC_PWR_TR-2017-2599,Green Energy Corridor Intra-State Transmission Scheme Phase-3 in Rishikesh,MoP,Ministry of Power,SEC_PWR_TR,Power Transmission & Grid,Uttarakhand,North,POWERGRID,29.8866,78.7445,1170.7,1460.69,289.99,24.77,642.32,44.0,67.3,2017-02-11,2019-04-12,2022-02-08,26,34,150.0,33,33,1,1013,459.8,89.5,Approved,6.8,4,356.12,Moderate/Plateau,0.21,0.63,2026-04-10,OCMS_Historical,Under Implementation,1,1
PAIMANA-SEC_RLY-2018-2600,High-Speed Rail Bullet Train Section 17 (Vijayawada-Guntur),MoR,Ministry of Railways,SEC_RLY,Railways & High-Speed Rail,Andhra Pradesh,South,NHSRCL,15.8685,79.9849,574.79,713.44,138.65,24.12,323.33,45.3,69.6,2018-08-13,2020-05-12,2022-06-11,21,25,150.0,33,33,1,737,480.2,44.5,Approved,9.7,2,522.03,Moderate/Plateau,0.73,0.83,2026-04-10,OCMS_Historical,Under Implementation,1,1
PAIMANA-SEC_HEALTH-2022-2601,All India Institute of Medical Sciences (AIIMS) 750-Bed Super-Specialty Campus at Gwalior,MoHFW,Ministry of Health and Family Welfare,SEC_HEALTH,AIIMS & Super-Specialty Medical Infra,Madhya Pradesh,Central,MoHFW/HSCC,22.8915,79.016,964.74,1187.01,222.27,23.04,437.29,36.8,64.7,2022-03-13,2023-11-11,2026-05-11,20,30,150.0,26,26,1,919,1357.1,65.4,Approved,5.5,0,0.0,Moderate/Plateau,0.81,0.82,2026-04-10,PAIMANA_Live,Under Implementation,1,1
PAIMANA-SEC_AIR-2016-2602,Air Cargo Hub & Aircraft Maintenance Repair Overhaul (MRO) at Hubballi,MoCA,Ministry of Civil Aviation,SEC_AIR,Regional & Greenfield Airports,Karnataka,South,AAI,15.2512,75.8334,4237.54,5488.28,1250.74,29.52,2445.87,44.6,77.3,2016-03-20,2020-07-17,2023-07-16,52,36,150.0,35,35,1,1107,150.8,54.3,Stage-II Pending,5.1,0,0.0,High/Himalayan/Riverine,0.54,0.86,2026-04-10,OCMS_Historical,Under Implementation,1,1
PAIMANA-SEC_PET-2015-2603,Cross-Country Natural Gas Pipeline Grid (Silchar to Guwahati),MoPNG,Ministry of Petroleum and Natural Gas,SEC_PET,Petroleum Pipelines & Refineries,Assam,North-East,GAIL,26.2846,93.4082,621.38,693.62,72.24,11.63,343.95,49.6,73.3,2015-11-07,2018-05-07,2020-04-05,30,23,150.0,47,47,1,704,812.9,77.6,Stage-I,5.2,0,0.0,Low/Plains,0.82,0.45,2026-04-10,OCMS_Historical,Under Implementation,1,1
PAIMANA-SEC_TEL-2022-2604,National 5G High-Density Core Network Infrastructure in Faridabad,DoT,Department of Telecommunications,SEC_TEL,Telecommunication & BharatNet Fiber,Haryana,North,BSNL,28.4681,76.1024,537.2,588.8,51.6,9.61,364.18,61.9,100.0,2022-10-15,2024-04-14,2024-04-14,18,0,150.0,18,17,0,0,208.6,84.0,Stage-I,3.6,0,0.0,Moderate/Plateau,0.45,0.75,2026-04-10,PAIMANA_Live,Commissioned,0,0
PAIMANA-SEC_PORT-2021-2605,Greenfield Deep-Water Major Port & Container Terminal Phase-3 at Barauni,MoPSW,"Ministry of Ports, Shipping and Waterways",SEC_PORT,Major Ports & Maritime Channels,Bihar,East,Port Authority,25.5791,85.6017,725.6,812.56,86.96,11.98,498.99,61.4,100.0,2021-07-22,2023-02-19,2023-02-19,19,0,150.0,20,20,0,0,50.2,86.9,Approved,7.7,0,0.0,High/Himalayan/Riverine,0.54,0.31,2026-04-10,PAIMANA_Live,Commissioned,1,0
PAIMANA-SEC_METRO-2023-2606,Metro Rail Project Phase-4 (Elevated & Underground Corridor Kolkata-Asansol),MoHUA,Ministry of Housing and Urban Affairs,SEC_METRO,Metro Rail & Urban Transit,West Bengal,East,Metro Rail Corp,23.036,87.8779,464.03,596.31,132.28,28.51,224.4,37.6,60.0,2023-10-25,2026-04-24,2028-10-22,30,30,99.0,48,34,8,891,97.2,85.1,Stage-II Pending,7.2,2,383.12,Low/Plains,0.49,0.78,2026-04-10,PAIMANA_Live,Under Implementation,1,1
PAIMANA-SEC_TEL-2016-2607,BharatNet Rural Optical Fiber Network Phase-4 across Pune,DoT,Department of Telecommunications,SEC_TEL,Telecommunication & BharatNet Fiber,Maharashtra,West,BBNL,19.7472,75.4554,1289.67,1485.72,196.05,15.2,716.16,48.2,77.5,2016-09-12,2019-12-11,2021-08-10,39,20,150.0,44,43,1,634,626.5,81.7,Stage-I,5.7,1,194.66,Low/Plains,0.31,0.57,2026-04-10,OCMS_Historical,Under Implementation,1,1
PAIMANA-SEC_LOG-2023-2608,Central Freight Logistics & Cold Chain Infrastructure Hub at Ujjain,MoRTH,Ministry of Road Transport and Highways,SEC_LOG,Multimodal Logistics Parks (MMLP),Madhya Pradesh,Central,CONCOR,23.2988,78.4689,5372.51,6174.09,801.58,14.92,1223.52,19.8,30.8,2023-12-21,2029-03-19,2030-03-18,63,12,44.2,29,12,10,362,1052.1,85.8,Approved,9.7,0,0.0,Moderate/Plateau,0.65,0.86,2026-04-10,PAIMANA_Live,Under Implementation,1,1
PAIMANA-SEC_INLAND-2017-2609,Fairway Development & River Ro-Ro Terminal Facility in Silchar,MoPSW,"Ministry of Ports, Shipping and Waterways",SEC_INLAND,National Waterways & River Ports,Assam,North-East,IWAI,26.2195,93.4834,1560.14,1588.38,28.24,1.81,1047.45,65.9,100.0,2017-05-25,2020-07-23,2020-07-23,38,0,150.0,34,34,0,0,1715.3,94.7,Exempted,3.9,0,0.0,Moderate/Plateau,0.73,0.22,2026-04-10,OCMS_Historical,Commissioned,0,0
PAIMANA-SEC_INLAND-2023-2610,Fairway Development & River Ro-Ro Terminal Facility in Dwarka,MoPSW,"Ministry of Ports, Shipping and Waterways",SEC_INLAND,National Waterways & River Ports,Delhi NCR,North,IWAI,28.6764,76.8738,903.13,1046.48,143.35,15.87,491.64,47.0,75.1,2023-12-02,2026-08-31,2026-08-31,33,0,86.2,48,34,0,0,719.7,75.1,Stage-II Pending,8.5,0,0.0,High/Himalayan/Riverine,0.55,0.87,2026-04-10,PAIMANA_Live,Under Implementation,1,0
PAIMANA-SEC_COAL-2018-2611,Mechanized Coal Washery & Pithead Rail Dispatch Facility (Patna),MoCoal,Ministry of Coal,SEC_COAL,Coal Mining & Washeries,Bihar,East,BCCL,25.1055,84.9746,869.91,1032.32,162.41,18.67,486.55,47.1,70.6,2018-11-02,2021-08-01,2024-06-30,33,35,150.0,25,25,1,1086,942.1,71.1,Stage-II Pending,6.5,0,0.0,Low/Plains,0.1,0.4,2026-04-10,OCMS_Historical,Under Implementation,1,1
PAIMANA-SEC_LOG-2016-2612,Multimodal Logistics Park (MMLP) with Inland Container Depot at Warangal,MoRTH,Ministry of Road Transport and Highways,SEC_LOG,Multimodal Logistics Parks (MMLP),Telangana,South,NHLML,18.4304,79.5737,259.97,294.11,34.14,13.13,131.76,44.8,69.1,2016-03-07,2017-11-05,2019-05-06,20,18,150.0,44,44,1,582,1496.6,69.2,Approved,4.0,0,0.0,Low/Plains,0.65,0.45,2026-04-10,OCMS_Historical,Under Implementation,1,1
PAIMANA-SEC_SMART-2020-2613,Industrial Smart City & Integrated Manufacturing Node at Indore,MoHUA,Ministry of Housing and Urban Affairs,SEC_SMART,Smart Cities & Industrial Corridors,Madhya Pradesh,Central,NICDC,22.9519,78.1467,2655.96,2906.28,250.32,9.42,1577.4,54.3,83.2,2020-06-07,2023-08-06,2024-12-04,38,16,150.0,41,41,1,483,345.7,87.3,Approved,8.6,0,0.0,Low/Plains,0.65,0.62,2026-04-10,PAIMANA_Live,Under Implementation,0,1
PAIMANA-SEC_WATER-2023-2614,Urban 24x7 Water Supply & Advanced Smart Grid Pipeline in Mumbai,MoHUA,Ministry of Housing and Urban Affairs,SEC_WATER,Water Supply & Urban Sanitation,Maharashtra,West,Jal Nigam,19.7158,75.2023,1065.99,1100.96,34.97,3.28,569.36,51.7,78.7,2023-06-02,2026-07-31,2026-07-31,38,0,90.7,27,18,0,0,799.4,91.3,Approved,4.9,0,0.0,Low/Plains,0.93,0.48,2026-04-10,PAIMANA_Live,Under Implementation,0,0
PAIMANA-SEC_WATER-2018-2615,Urban 24x7 Water Supply & Advanced Smart Grid Pipeline in Prayagraj,MoHUA,Ministry of Housing and Urban Affairs,SEC_WATER,Water Supply & Urban Sanitation,Uttar Pradesh,North,Jal Nigam,27.1256,81.289,966.95,1070.36,103.41,10.69,524.02,49.0,75.5,2018-05-26,2020-11-23,2022-11-22,30,24,150.0,48,48,1,712,352.8,90.1,Approved,6.8,0,0.0,Moderate/Plateau,0.38,0.39,2026-04-10,OCMS_Historical,Under Implementation,0,1
PAIMANA-SEC_WATER-2019-2616,Urban 24x7 Water Supply & Advanced Smart Grid Pipeline in Bhavnagar,MoHUA,Ministry of Housing and Urban Affairs,SEC_WATER,Water Supply & Urban Sanitation,Gujarat,West,Jal Nigam,21.9986,71.2613,23838.54,24847.63,1009.09,4.23,11211.81,45.1,62.6,2019-01-15,2029-01-10,2029-01-10,120,0,72.6,18,11,0,0,813.7,78.7,Stage-I,5.9,1,252.5,Low/Plains,0.58,0.72,2026-04-10,OCMS_Historical,Under Implementation,0,0
PAIMANA-SEC_TEL-2017-2617,National 5G High-Density Core Network Infrastructure in Durgapur,DoT,Department of Telecommunications,SEC_TEL,Telecommunication & BharatNet Fiber,West Bengal,East,BSNL,23.1137,88.0616,1524.5,1715.35,190.85,12.52,858.27,50.0,76.2,2017-11-01,2020-06-30,2021-11-28,32,17,150.0,35,35,1,498,1344.3,80.0,Approved,8.7,0,0.0,Moderate/Plateau,0.86,0.71,2026-04-10,OCMS_Historical,Under Implementation,1,1
PAIMANA-SEC_COAL-2017-2618,Open Cast Coal Mining Project (92 MTPA) with High-Capacity Conveyors at Bathinda,MoCoal,Ministry of Coal,SEC_COAL,Coal Mining & Washeries,Punjab,North,CIL,31.4373,75.0342,561.95,608.35,46.4,8.26,372.91,61.3,100.0,2017-11-05,2020-06-04,2020-06-04,31,0,150.0,38,38,0,0,1132.5,81.9,Approved,8.2,0,0.0,Moderate/Plateau,0.62,0.78,2026-04-10,OCMS_Historical,Commissioned,0,0
PAIMANA-SEC_LOG-2020-2619,Multimodal Logistics Park (MMLP) with Inland Container Depot at Nizamabad,MoRTH,Ministry of Road Transport and Highways,SEC_LOG,Multimodal Logistics Parks (MMLP),Telangana,South,NHLML,18.4403,78.4639,765.53,830.34,64.81,8.47,424.39,51.1,78.2,2020-12-22,2022-10-21,2023-12-20,22,14,150.0,39,39,1,465,1428.0,73.4,Approved,5.6,0,0.0,Moderate/Plateau,0.76,0.47,2026-04-10,PAIMANA_Live,Under Implementation,0,1
PAIMANA-SEC_INLAND-2021-2620,Fairway Development & River Ro-Ro Terminal Facility in Karimnagar,MoPSW,"Ministry of Ports, Shipping and Waterways",SEC_INLAND,National Waterways & River Ports,Telangana,South,IWAI,18.6072,78.8782,3417.38,4294.94,877.56,25.68,1814.32,42.2,71.8,2021-01-24,2024-06-23,2027-01-21,41,31,150.0,33,33,1,918,569.6,71.0,Approved,8.8,4,1342.51,Moderate/Plateau,0.11,0.82,2026-04-10,PAIMANA_Live,Under Implementation,1,1
PAIMANA-SEC_PET-2022-2621,Crude Oil Pipeline Augmented Pumping Infrastructure at Ludhiana,MoPNG,Ministry of Petroleum and Natural Gas,SEC_PET,Petroleum Pipelines & Refineries,Punjab,North,HPCL,31.5672,75.0104,1278.21,1391.4,113.19,8.86,879.02,63.2,100.0,2022-11-07,2025-04-06,2025-04-06,29,0,142.5,26,26,0,0,540.3,75.6,Approved,8.6,1,17.02,Moderate/Plateau,0.14,0.67,2026-04-10,PAIMANA_Live,Commissioned,0,0
PAIMANA-SEC_CHEM-2015-2622,Coal-Gasification Based Urea & Fertilizer Complex at Paradip,MoCF,Ministry of Chemicals and Fertilizers,SEC_CHEM,Fertilizer Plants & Petrochemicals,Odisha,East,FCIL,21.0233,85.0877,292.73,351.48,58.75,20.07,162.11,46.1,71.6,2015-03-06,2017-06-03,2019-03-03,27,21,150.0,14,14,1,647,442.7,81.1,Approved,8.3,2,258.36,Moderate/Plateau,0.57,0.39,2026-04-10,OCMS_Historical,Under Implementation,1,1
PAIMANA-SEC_HEALTH-2022-2623,All India Institute of Medical Sciences (AIIMS) 750-Bed Super-Specialty Campus at Barmer,MoHFW,Ministry of Health and Family Welfare,SEC_HEALTH,AIIMS & Super-Specialty Medical Infra,Rajasthan,North,MoHFW/HSCC,27.0879,74.6997,2748.67,3219.23,470.56,17.12,1488.83,46.2,73.5,2022-08-26,2025-10-24,2027-08-23,38,22,115.0,47,45,2,657,319.5,86.7,Approved,8.0,3,802.33,Low/Plains,0.9,0.47,2026-04-10,PAIMANA_Live,Under Implementation,1,1
PAIMANA-SEC_PORT-2020-2624,LNG Import Terminal & Marine Jetty Infrastructure at Singrauli,MoPSW,"Ministry of Ports, Shipping and Waterways",SEC_PORT,Major Ports & Maritime Channels,Madhya Pradesh,Central,Petronet,22.5602,78.8101,608.42,696.39,87.97,14.46,343.19,49.3,78.8,2020-12-14,2023-03-14,2024-05-12,27,14,150.0,44,44,1,436,541.0,68.0,Stage-I,8.3,0,0.0,Moderate/Plateau,0.58,0.62,2026-04-10,PAIMANA_Live,Under Implementation,1,1
PAIMANA-SEC_STEEL-2016-2625,Integrated Steel Plant Modernization & Pelletization Unit at Aurangabad,MoSteel,Ministry of Steel,SEC_STEEL,Steel Plants & Metallurgy Units,Maharashtra,West,SAIL,19.9904,75.441,6803.82,7598.66,794.84,11.68,4678.94,61.6,100.0,2016-06-15,2022-06-12,2022-06-12,72,0,150.0,40,40,0,0,1223.0,79.6,Approved,4.0,0,0.0,High/Himalayan/Riverine,0.33,0.66,2026-04-10,OCMS_Historical,Commissioned,1,0
PAIMANA-SEC_STEEL-2021-2626,Integrated Steel Plant Modernization & Pelletization Unit at Kolkata,MoSteel,Ministry of Steel,SEC_STEEL,Steel Plants & Metallurgy Units,West Bengal,East,SAIL,23.2112,87.3404,3202.39,3719.91,517.52,16.16,1600.28,43.0,69.3,2021-08-15,2024-10-13,2027-07-13,38,33,147.5,39,39,1,1033,1772.8,88.7,Approved,7.6,2,144.8,Low/Plains,0.37,0.4,2026-04-10,PAIMANA_Live,Under Implementation,1,1
PAIMANA-SEC_INLAND-2020-2627,National Waterway NW-92 Multimodal Navigation Terminal at Jabalpur,MoPSW,"Ministry of Ports, Shipping and Waterways",SEC_INLAND,National Waterways & River Ports,Madhya Pradesh,Central,IWAI,23.3806,78.8264,750.43,881.77,131.34,17.5,392.64,44.5,76.1,2020-05-04,2023-01-01,2024-11-30,32,23,150.0,13,13,1,679,643.4,61.1,Approved,5.1,0,0.0,Moderate/Plateau,0.82,0.36,2026-04-10,PAIMANA_Live,Under Implementation,1,1
PAIMANA-SEC_ATOM-2018-2628,Fast Breeder Reactor & Reprocessing Facility at Jalandhar,DAE,Department of Atomic Energy,SEC_ATOM,Atomic Energy & Nuclear Power,Punjab,North,BHAVINI,31.3699,74.841,3876.05,4515.57,639.52,16.5,2546.8,56.4,85.9,2018-08-28,2023-09-25,2025-04-24,61,19,150.0,35,35,1,592,765.3,75.4,Stage-II Pending,9.3,0,0.0,Moderate/Plateau,0.43,0.64,2026-04-10,OCMS_Historical,Nearing Completion,1,1
PAIMANA-SEC_ATOM-2014-2629,Fast Breeder Reactor & Reprocessing Facility at Ayodhya,DAE,Department of Atomic Energy,SEC_ATOM,Atomic Energy & Nuclear Power,Uttar Pradesh,North,BHAVINI,26.4514,80.9216,1224.23,1363.63,139.4,11.39,706.26,51.8,86.6,2014-02-19,2016-01-19,2016-10-18,23,9,150.0,47,47,1,255,260.7,73.1,Approved,8.2,0,0.0,High/Himalayan/Riverine,0.82,0.36,2026-04-10,OCMS_Historical,Nearing Completion,1,1
PAIMANA-SEC_INLAND-2015-2630,Fairway Development & River Ro-Ro Terminal Facility in Hisar,MoPSW,"Ministry of Ports, Shipping and Waterways",SEC_INLAND,National Waterways & River Ports,Haryana,North,IWAI,28.5587,75.5501,2580.51,3023.4,442.89,17.16,1648.64,54.5,84.7,2015-12-02,2019-10-30,2021-08-28,47,22,150.0,30,30,1,672,189.0,96.2,Approved,8.2,2,686.09,Low/Plains,0.28,0.73,2026-04-10,OCMS_Historical,Under Implementation,1,1
PAIMANA-SEC_PET-2015-2631,Cross-Country Natural Gas Pipeline Grid (Bhavnagar to Surat),MoPNG,Ministry of Petroleum and Natural Gas,SEC_PET,Petroleum Pipelines & Refineries,Gujarat,West,GAIL,22.0763,70.9393,1819.11,2139.06,319.95,17.59,952.17,44.5,72.5,2015-01-27,2018-09-25,2021-03-25,44,30,150.0,12,12,1,937,409.8,79.9,Stage-I,4.6,0,0.0,Moderate/Plateau,0.56,0.53,2026-04-10,OCMS_Historical,Under Implementation,1,1
PAIMANA-SEC_CHEM-2016-2632,Petrochemical Derivative & Polymer Manufacturing Unit at Kakinada,MoCF,Ministry of Chemicals and Fertilizers,SEC_CHEM,Fertilizer Plants & Petrochemicals,Andhra Pradesh,South,HURL,15.589,79.859,513.66,597.6,83.94,16.34,318.42,53.3,80.5,2016-11-25,2018-10-25,2019-12-24,23,14,150.0,23,23,1,444,810.1,83.1,Approved,7.4,1,24.0,High/Himalayan/Riverine,0.13,0.48,2026-04-10,OCMS_Historical,Under Implementation,1,1
PAIMANA-SEC_STEEL-2023-2633,Integrated Steel Plant Modernization & Pelletization Unit at Solapur,MoSteel,Ministry of Steel,SEC_STEEL,Steel Plants & Metallurgy Units,Maharashtra,West,SAIL,19.6369,75.2495,622.81,733.29,110.48,17.74,316.69,43.2,67.6,2023-12-15,2026-01-13,2027-11-12,25,22,112.1,28,26,2,654,1438.7,90.4,Approved,7.3,2,333.01,Low/Plains,0.93,0.28,2026-04-10,PAIMANA_Live,Under Implementation,1,1
PAIMANA-SEC_COAL-2021-2634,Mechanized Coal Washery & Pithead Rail Dispatch Facility (Jabalpur),MoCoal,Ministry of Coal,SEC_COAL,Coal Mining & Washeries,Madhya Pradesh,Central,BCCL,22.5117,78.8682,3053.58,3707.14,653.56,21.4,1954.46,52.7,82.7,2021-05-02,2025-03-30,2027-04-29,47,25,126.7,17,17,1,764,221.7,70.8,Approved,7.8,2,91.47,Low/Plains,0.7,0.87,2026-04-10,PAIMANA_Live,Under Implementation,1,1
PAIMANA-SEC_ATOM-2014-2635,Pressurized Heavy Water Reactor Nuclear Power Unit (79x700 MWe) at Jharsuguda,DAE,Department of Atomic Energy,SEC_ATOM,Atomic Energy & Nuclear Power,Odisha,East,NPCIL,21.0864,85.1171,835.12,1026.09,190.97,22.87,428.34,41.7,67.5,2014-09-11,2017-01-09,2020-01-08,28,36,150.0,43,43,1,1103,388.8,74.5,Exempted,3.9,1,224.46,Low/Plains,0.39,0.3,2026-04-10,OCMS_Historical,Under Implementation,1,1
PAIMANA-SEC_COAL-2019-2636,Open Cast Coal Mining Project (51 MTPA) with High-Capacity Conveyors at Visakhapatnam,MoCoal,Ministry of Coal,SEC_COAL,Coal Mining & Washeries,Andhra Pradesh,South,CIL,16.2307,79.5208,782.22,810.88,28.66,3.66,518.55,63.9,100.0,2019-09-13,2021-08-12,2021-08-12,23,0,150.0,30,30,0,0,57.5,94.4,Approved,9.8,0,0.0,Moderate/Plateau,0.65,0.46,2026-04-10,OCMS_Historical,Commissioned,0,0
PAIMANA-SEC_IRR-2023-2637,Lift Irrigation & Pressurized Piped Distribution Network in Kannur,DoWR,"Department of Water Resources, RD & GR",SEC_IRR,National River Link & Irrigation,Kerala,South,WRD,10.5418,76.6632,463.24,513.44,50.2,10.84,253.04,49.3,76.4,2023-02-04,2024-08-04,2025-09-03,18,13,150.0,17,17,1,426,448.8,58.6,Exempted,7.8,0,0.0,Low/Plains,0.33,0.87,2026-04-10,PAIMANA_Live,Under Implementation,1,1
PAIMANA-SEC_WATER-2015-2638,Urban 24x7 Water Supply & Advanced Smart Grid Pipeline in Singrauli,MoHUA,Ministry of Housing and Urban Affairs,SEC_WATER,Water Supply & Urban Sanitation,Madhya Pradesh,Central,Jal Nigam,23.1614,78.5592,1716.47,1813.51,97.04,5.65,1180.4,65.1,100.0,2015-09-22,2018-04-21,2018-04-21,31,0,150.0,15,15,0,0,1277.8,90.7,Stage-II Pending,7.7,0,0.0,Moderate/Plateau,0.9,0.47,2026-04-10,OCMS_Historical,Commissioned,0,0
PAIMANA-SEC_PWR_GEN-2019-2639,Ultra Mega Supercritical Thermal Power Project (40x800 MW) at Jabalpur,MoP,Ministry of Power,SEC_PWR_GEN,Thermal & Hydro Power Generation,Madhya Pradesh,Central,NTPC,22.938,78.8766,8143.74,9419.87,1276.13,15.67,4407.6,46.8,74.0,2019-10-16,2026-07-13,2028-05-11,81,22,96.4,12,10,2,679,929.0,65.4,Approved,7.5,0,0.0,Low/Plains,0.67,0.3,2026-04-10,OCMS_Historical,Under Implementation,1,1
PAIMANA-SEC_HEAVY-2022-2640,Heavy Electrical Equipment & Gas Turbine Manufacturing Facility at Rourkela,MHI,Ministry of Heavy Industries,SEC_HEAVY,Heavy Engineering & Capital Goods,Odisha,East,BHEL,20.4459,84.7183,416.32,526.17,109.85,26.39,223.05,42.4,67.3,2022-05-15,2024-05-13,2026-09-11,24,28,150.0,36,36,1,884,1749.7,57.2,Approved,7.1,2,637.36,Low/Plains,0.43,0.23,2026-04-10,PAIMANA_Live,Under Implementation,1,1
PAIMANA-SEC_STEEL-2022-2641,Specialty Alloy & Hot Rolled Coil Expansion Facility at Kannur,MoSteel,Ministry of Steel,SEC_STEEL,Steel Plants & Metallurgy Units,Kerala,South,RINL,10.585,76.2864,1174.52,1354.76,180.24,15.35,807.71,59.6,100.0,2022-01-26,2024-06-25,2024-06-25,29,0,150.0,34,34,0,0,1432.5,89.6,Approved,5.3,1,260.75,High/Himalayan/Riverine,0.43,0.56,2026-04-10,PAIMANA_Live,Commissioned,1,0
PAIMANA-SEC_IRR-2018-2642,National River Interlinking Canal & Barrage System (Mandi-Solan),DoWR,"Department of Water Resources, RD & GR",SEC_IRR,National River Link & Irrigation,Himachal Pradesh,North,NWDA,31.6941,77.7588,4390.58,5522.48,1131.9,25.78,2844.98,51.5,82.8,2018-02-08,2022-09-07,2025-03-07,55,30,150.0,12,12,1,911,1396.3,52.7,Approved,3.6,1,139.62,High/Himalayan/Riverine,0.72,0.22,2026-04-10,OCMS_Historical,Under Implementation,1,1
PAIMANA-SEC_LOG-2017-2643,Central Freight Logistics & Cold Chain Infrastructure Hub at Ayodhya,MoRTH,Ministry of Road Transport and Highways,SEC_LOG,Multimodal Logistics Parks (MMLP),Uttar Pradesh,North,CONCOR,27.1092,81.1491,1064.17,1159.71,95.54,8.98,731.82,63.1,100.0,2017-05-13,2019-08-11,2019-08-11,27,0,150.0,45,45,0,0,789.5,79.0,Stage-I,5.9,0,0.0,Low/Plains,0.86,0.74,2026-04-10,OCMS_Historical,Commissioned,0,0
PAIMANA-SEC_WATER-2015-2644,Comprehensive Sewage Treatment & River Cleaning Mission at Inter-State Hub,MoHUA,Ministry of Housing and Urban Affairs,SEC_WATER,Water Supply & Urban Sanitation,Multi-State / National,National,NMCG,21.4363,78.7793,1764.04,2073.16,309.12,17.52,1006.94,48.6,82.4,2015-02-12,2018-05-12,2020-02-09,39,21,150.0,47,47,1,659,363.9,73.2,Stage-I,4.2,0,0.0,Moderate/Plateau,0.35,0.69,2026-04-10,OCMS_Historical,Under Implementation,1,1
PAIMANA-SEC_METRO-2015-2645,Metro Rail Project Phase-4 (Elevated & Underground Corridor Jammu-Anantnag),MoHUA,Ministry of Housing and Urban Affairs,SEC_METRO,Metro Rail & Urban Transit,Jammu & Kashmir,North,Metro Rail Corp,33.9566,76.3173,418.36,529.54,111.18,26.58,214.91,40.6,61.8,2015-07-02,2017-01-29,2019-03-30,19,26,150.0,20,20,1,780,236.0,65.2,Approved,4.7,0,0.0,High/Himalayan/Riverine,0.41,0.86,2026-04-10,OCMS_Historical,Under Implementation,1,1
PAIMANA-SEC_IRR-2019-2646,National River Interlinking Canal & Barrage System (Dharmanagar-Udaipur),DoWR,"Department of Water Resources, RD & GR",SEC_IRR,National River Link & Irrigation,Tripura,North-East,NWDA,23.7235,92.4466,1724.17,1950.58,226.41,13.13,991.61,50.8,76.1,2019-07-07,2021-10-04,2023-06-04,27,20,150.0,18,18,1,619,1340.4,54.6,Approved,7.3,1,28.13,Moderate/Plateau,0.58,0.26,2026-04-10,OCMS_Historical,Under Implementation,1,1
PAIMANA-SEC_TEL-2023-2647,BharatNet Rural Optical Fiber Network Phase-2 across Hyderabad,DoT,Department of Telecommunications,SEC_TEL,Telecommunication & BharatNet Fiber,Telangana,South,BBNL,18.6382,79.5171,960.85,1146.41,185.56,19.31,384.27,33.5,53.1,2023-09-11,2026-08-10,2029-12-08,35,40,89.0,37,21,14,1205,143.1,55.1,Stage-II Pending,3.8,0,0.0,Moderate/Plateau,0.7,0.22,2026-04-10,PAIMANA_Live,Under Implementation,1,1
PAIMANA-SEC_MINE-2022-2648,Copper Ore Underground Mine Expansion Project in Kandla,MoMines,Ministry of Mines,SEC_MINE,Strategic Mineral Extraction,Gujarat,West,HCL,22.6675,71.7806,2927.93,3241.48,313.55,10.71,1487.32,45.9,73.9,2022-07-14,2026-12-11,2026-12-11,53,0,85.1,14,11,0,0,300.7,76.1,Stage-I,3.2,0,0.0,Low/Plains,0.61,0.87,2026-04-10,PAIMANA_Live,Under Implementation,0,0
PAIMANA-SEC_IRR-2014-2649,National River Interlinking Canal & Barrage System (Varanasi-Noida),DoWR,"Department of Water Resources, RD & GR",SEC_IRR,National River Link & Irrigation,Uttar Pradesh,North,NWDA,26.4963,80.8653,3546.17,4256.06,709.89,20.02,2272.61,53.4,81.9,2014-06-05,2017-11-02,2019-06-02,41,19,150.0,27,27,1,607,515.5,79.2,Stage-I,6.3,0,0.0,High/Himalayan/Riverine,0.24,0.69,2026-04-10,OCMS_Historical,Under Implementation,1,1
PAIMANA-SEC_ATOM-2022-2650,Fast Breeder Reactor & Reprocessing Facility at Bilaspur,DAE,Department of Atomic Energy,SEC_ATOM,Atomic Energy & Nuclear Power,Chhattisgarh,Central,BHAVINI,21.1332,81.301,13435.99,16367.9,2931.91,21.82,2816.54,17.2,24.6,2022-07-10,2032-07-05,2035-08-03,120,37,37.7,40,10,18,1119,440.0,72.0,Approved,6.3,2,462.33,Low/Plains,0.21,0.21,2026-04-10,PAIMANA_Live,Stalled/Delayed,1,1
PAIMANA-SEC_METRO-2016-2651,Metro Rail Project Phase-3 (Elevated & Underground Corridor Jowai-Shillong),MoHUA,Ministry of Housing and Urban Affairs,SEC_METRO,Metro Rail & Urban Transit,Meghalaya,North-East,Metro Rail Corp,25.7121,91.3426,1990.73,2229.03,238.3,11.97,1130.35,50.7,83.0,2016-01-17,2019-07-16,2021-05-14,42,22,150.0,40,40,1,650,1387.2,71.0,Stage-I,5.7,0,0.0,Low/Plains,0.66,0.66,2026-04-10,OCMS_Historical,Under Implementation,1,1
PAIMANA-SEC_STEEL-2020-2652,Integrated Steel Plant Modernization & Pelletization Unit at Pan-India Grid,MoSteel,Ministry of Steel,SEC_STEEL,Steel Plants & Metallurgy Units,Multi-State / National,National,SAIL,21.6648,79.1632,1564.17,1774.31,210.14,13.43,764.59,43.1,69.2,2020-03-07,2022-07-06,2024-10-03,28,27,150.0,40,40,1,811,726.7,74.8,Stage-II Pending,3.5,0,0.0,Low/Plains,0.12,0.24,2026-04-10,PAIMANA_Live,Under Implementation,1,1
PAIMANA-SEC_PWR_GEN-2016-2653,Pumped Storage Hydroelectric Power Facility (78 MW) in Madurai,MoP,Ministry of Power,SEC_PWR_GEN,Thermal & Hydro Power Generation,Tamil Nadu,South,NHPC,11.482,79.1277,1380.6,1586.49,205.89,14.91,822.13,51.8,84.0,2016-09-12,2019-10-11,2021-02-08,37,16,150.0,13,13,1,467,271.4,96.0,Approved,7.6,1,328.98,Low/Plains,0.5,0.35,2026-04-10,OCMS_Historical,Under Implementation,1,1
PAIMANA-SEC_IRR-2014-2654,Lift Irrigation & Pressurized Piped Distribution Network in Kanpur,DoWR,"Department of Water Resources, RD & GR",SEC_IRR,National River Link & Irrigation,Uttar Pradesh,North,WRD,26.7028,80.3584,820.65,1025.11,204.46,24.91,431.28,42.1,64.9,2014-05-04,2016-02-01,2018-08-31,21,31,150.0,38,38,1,965,909.5,48.0,Approved,4.9,2,377.25,Moderate/Plateau,0.7,0.62,2026-04-10,OCMS_Historical,Under Implementation,1,1
PAIMANA-SEC_PORT-2022-2655,Port Connectivity Dedicated Rail-Sea Multimodal Corridor at Kolkata,MoPSW,"Ministry of Ports, Shipping and Waterways",SEC_PORT,Major Ports & Maritime Channels,West Bengal,East,Sagarmala Dev,23.0284,88.3566,1583.14,1693.77,110.63,6.99,1067.94,63.1,95.8,2022-11-09,2025-12-07,2025-12-07,37,0,111.5,43,43,0,0,865.5,76.0,Exempted,7.3,0,0.0,Moderate/Plateau,0.11,0.53,2026-04-10,PAIMANA_Live,Nearing Completion,0,0
PAIMANA-SEC_IRR-2014-2656,Lift Irrigation & Pressurized Piped Distribution Network in Vijayawada,DoWR,"Department of Water Resources, RD & GR",SEC_IRR,National River Link & Irrigation,Andhra Pradesh,South,WRD,15.3417,79.8062,866.94,1038.42,171.48,19.78,467.61,45.0,74.8,2014-01-22,2016-08-21,2018-11-19,31,27,150.0,22,22,1,832,1414.3,81.5,Approved,4.8,1,141.34,Moderate/Plateau,0.76,0.73,2026-04-10,OCMS_Historical,Under Implementation,1,1
PAIMANA-SEC_STEEL-2017-2657,Integrated Steel Plant Modernization & Pelletization Unit at Kolkata,MoSteel,Ministry of Steel,SEC_STEEL,Steel Plants & Metallurgy Units,West Bengal,East,SAIL,22.8138,87.9147,1347.01,1620.94,273.93,20.34,680.8,42.0,67.5,2017-01-03,2019-03-04,2021-04-02,26,25,150.0,15,15,1,779,836.9,78.8,Approved,5.6,1,235.02,Low/Plains,0.67,0.86,2026-04-10,OCMS_Historical,Under Implementation,1,1
PAIMANA-SEC_RLY-2019-2658,High-Speed Rail Bullet Train Section 13 (Noida-Gorakhpur),MoR,Ministry of Railways,SEC_RLY,Railways & High-Speed Rail,Uttar Pradesh,North,NHSRCL,26.4019,81.1333,4013.12,4356.35,343.23,8.55,2400.44,55.1,87.8,2019-09-25,2023-07-24,2024-10-22,46,15,150.0,14,14,1,458,1064.4,81.4,Approved,6.7,1,28.53,Moderate/Plateau,0.2,0.42,2026-04-10,OCMS_Historical,Nearing Completion,0,1
PAIMANA-SEC_CHEM-2016-2659,Petrochemical Derivative & Polymer Manufacturing Unit at Ayodhya,MoCF,Ministry of Chemicals and Fertilizers,SEC_CHEM,Fertilizer Plants & Petrochemicals,Uttar Pradesh,North,HURL,26.6555,80.7581,441.15,489.13,47.98,10.88,303.38,62.0,100.0,2016-09-25,2019-02-23,2019-02-23,29,0,150.0,16,16,0,0,590.5,90.9,Approved,4.9,0,0.0,High/Himalayan/Riverine,0.24,0.75,2026-04-10,OCMS_Historical,Commissioned,1,0
PAIMANA-SEC_LOG-2019-2660,Central Freight Logistics & Cold Chain Infrastructure Hub at Pan-India Grid,MoRTH,Ministry of Road Transport and Highways,SEC_LOG,Multimodal Logistics Parks (MMLP),Multi-State / National,National,CONCOR,21.8375,79.4681,3389.68,3611.15,221.47,6.53,2247.41,62.2,100.0,2019-06-01,2023-06-29,2023-06-29,49,0,150.0,32,32,0,0,800.1,89.0,Approved,4.5,1,27.49,Moderate/Plateau,0.12,0.66,2026-04-10,OCMS_Historical,Commissioned,0,0
PAIMANA-SEC_AIR-2015-2661,Air Cargo Hub & Aircraft Maintenance Repair Overhaul (MRO) at Tuticorin,MoCA,Ministry of Civil Aviation,SEC_AIR,Regional & Greenfield Airports,Tamil Nadu,South,AAI,11.0003,78.4329,4011.28,4928.83,917.55,22.87,2429.86,49.3,80.8,2015-09-08,2020-04-06,2022-11-04,55,31,150.0,22,22,1,924,1313.3,68.4,Stage-II Pending,3.6,0,0.0,High/Himalayan/Riverine,0.25,0.83,2026-04-10,OCMS_Historical,Under Implementation,1,1
PAIMANA-SEC_PET-2023-2662,Integrated Petroleum Refinery Expansion & Polypropylene Unit at Mysuru,MoPNG,Ministry of Petroleum and Natural Gas,SEC_PET,Petroleum Pipelines & Refineries,Karnataka,South,IOCL,15.7753,75.6698,1026.02,1200.49,174.47,17.0,534.64,44.5,75.7,2023-11-23,2025-12-22,2027-05-22,25,17,115.0,17,13,4,513,1154.3,91.8,Stage-I,8.4,0,0.0,High/Himalayan/Riverine,0.14,0.71,2026-04-10,PAIMANA_Live,Under Implementation,1,1
PAIMANA-SEC_HWY-2022-2663,Bharatmala Pariyojana 4/6-Lane Corridor from Rohtak to Gurugram,MoRTH,Ministry of Road Transport and Highways,SEC_HWY,Highways & Expressways,Haryana,North,NHAI,29.3429,75.693,157.0,184.84,27.84,17.73,93.4,50.5,83.7,2022-12-25,2025-06-24,2026-07-24,30,13,132.3,21,21,1,427,1634.5,65.1,Approved,7.6,0,0.0,High/Himalayan/Riverine,0.65,0.43,2026-04-10,PAIMANA_Live,Under Implementation,1,1
PAIMANA-SEC_COAL-2020-2664,Mechanized Coal Washery & Pithead Rail Dispatch Facility (Jamshedpur),MoCoal,Ministry of Coal,SEC_COAL,Coal Mining & Washeries,Jharkhand,East,BCCL,23.0425,85.79,644.31,687.24,42.93,6.66,344.19,50.1,74.2,2020-04-10,2021-10-09,2022-12-08,18,14,150.0,48,48,1,457,1086.8,66.0,Approved,8.6,0,0.0,Low/Plains,0.8,0.23,2026-04-10,PAIMANA_Live,Under Implementation,0,1
PAIMANA-SEC_CHEM-2023-2665,Coal-Gasification Based Urea & Fertilizer Complex at Jharsuguda,MoCF,Ministry of Chemicals and Fertilizers,SEC_CHEM,Fertilizer Plants & Petrochemicals,Odisha,East,FCIL,21.5076,85.6714,3935.34,4120.37,185.03,4.7,1663.79,40.4,65.8,2023-05-03,2027-03-31,2027-03-31,47,0,75.5,27,15,0,0,1104.1,92.7,Approved,3.3,1,237.9,Low/Plains,0.61,0.57,2026-04-10,PAIMANA_Live,Under Implementation,0,0
PAIMANA-SEC_PORT-2022-2666,Port Connectivity Dedicated Rail-Sea Multimodal Corridor at Guntur,MoPSW,"Ministry of Ports, Shipping and Waterways",SEC_PORT,Major Ports & Maritime Channels,Andhra Pradesh,South,Sagarmala Dev,15.4938,80.0679,1123.14,1260.59,137.45,12.24,574.49,45.6,75.9,2022-12-12,2025-11-10,2027-07-11,35,20,114.7,16,15,1,642,1641.8,85.9,Approved,8.3,0,0.0,Moderate/Plateau,0.24,0.37,2026-04-10,PAIMANA_Live,Under Implementation,1,1
PAIMANA-SEC_HEAVY-2015-2667,Heavy Electrical Equipment & Gas Turbine Manufacturing Facility at Surat,MHI,Ministry of Heavy Industries,SEC_HEAVY,Heavy Engineering & Capital Goods,Gujarat,West,BHEL,22.1145,71.087,444.2,552.89,108.69,24.47,219.39,39.7,64.0,2015-12-23,2017-09-21,2020-01-20,21,28,150.0,44,44,1,830,1074.4,67.4,Stage-II Pending,8.9,1,231.49,Low/Plains,0.77,0.59,2026-04-10,OCMS_Historical,Under Implementation,1,1
PAIMANA-SEC_TEL-2016-2668,National 5G High-Density Core Network Infrastructure in Dibrugarh,DoT,Department of Telecommunications,SEC_TEL,Telecommunication & BharatNet Fiber,Assam,North-East,BSNL,26.1313,92.5195,710.57,735.12,24.55,3.45,464.29,63.2,100.0,2016-04-04,2019-03-04,2019-03-04,35,0,150.0,18,17,0,0,1381.0,85.6,Approved,4.1,0,0.0,Low/Plains,0.7,0.8,2026-04-10,OCMS_Historical,Commissioned,0,0
PAIMANA-SEC_WATER-2020-2669,Urban 24x7 Water Supply & Advanced Smart Grid Pipeline in Kolkata,MoHUA,Ministry of Housing and Urban Affairs,SEC_WATER,Water Supply & Urban Sanitation,West Bengal,East,Jal Nigam,22.4297,88.2308,2550.89,2846.13,295.24,11.57,1673.26,58.8,87.7,2020-08-02,2023-12-31,2024-12-29,41,12,150.0,16,16,1,399,113.1,58.4,Approved,8.9,0,0.0,Low/Plains,0.78,0.36,2026-04-10,PAIMANA_Live,Nearing Completion,1,1
PAIMANA-SEC_HWY-2015-2670,National Highway NH-54 Widening & Bypass at Cuttack,MoRTH,Ministry of Road Transport and Highways,SEC_HWY,Highways & Expressways,Odisha,East,MoRTH,20.7656,85.4902,1929.48,2219.73,290.25,15.04,1148.29,51.7,82.8,2015-04-24,2018-01-21,2019-05-22,33,16,150.0,22,22,1,525,184.9,69.3,Approved,8.6,0,0.0,Low/Plains,0.3,0.88,2026-04-10,OCMS_Historical,Under Implementation,1,1
PAIMANA-SEC_CHEM-2021-2671,Coal-Gasification Based Urea & Fertilizer Complex at Kanpur,MoCF,Ministry of Chemicals and Fertilizers,SEC_CHEM,Fertilizer Plants & Petrochemicals,Uttar Pradesh,North,FCIL,27.249,81.1408,914.72,1019.54,104.82,11.46,618.62,60.7,100.0,2021-06-25,2023-05-25,2023-05-25,23,0,150.0,34,34,0,0,760.7,89.9,Stage-I,4.6,1,249.43,High/Himalayan/Riverine,0.7,0.69,2026-04-10,PAIMANA_Live,Commissioned,1,0
PAIMANA-SEC_INLAND-2022-2672,Fairway Development & River Ro-Ro Terminal Facility in Mysuru,MoPSW,"Ministry of Ports, Shipping and Waterways",SEC_INLAND,National Waterways & River Ports,Karnataka,South,IWAI,14.7337,75.8265,810.07,944.78,134.71,16.63,401.02,42.4,68.7,2022-12-03,2024-08-02,2026-09-01,20,25,150.0,15,14,1,747,1587.5,82.7,Approved,8.8,1,24.65,Moderate/Plateau,0.83,0.66,2026-04-10,PAIMANA_Live,Under Implementation,1,1
PAIMANA-SEC_PORT-2020-2673,LNG Import Terminal & Marine Jetty Infrastructure at Bathinda,MoPSW,"Ministry of Ports, Shipping and Waterways",SEC_PORT,Major Ports & Maritime Channels,Punjab,North,Petronet,31.2431,75.7812,791.11,993.75,202.64,25.61,379.43,38.2,67.0,2020-10-28,2023-04-28,2025-12-25,30,32,150.0,37,37,1,994,1331.8,82.7,Approved,3.9,2,47.61,High/Himalayan/Riverine,0.36,0.56,2026-04-10,PAIMANA_Live,Under Implementation,1,1
PAIMANA-SEC_PET-2018-2674,Strategic Petroleum Reserve Underground Rock Caverns at Udhampur,MoPNG,Ministry of Petroleum and Natural Gas,SEC_PET,Petroleum Pipelines & Refineries,Jammu & Kashmir,North,ISPRL,34.2285,76.1815,477.86,601.4,123.54,25.85,263.38,43.8,69.2,2018-11-02,2021-07-01,2023-11-29,32,29,150.0,38,38,1,874,1362.2,79.1,Approved,7.2,3,430.87,High/Himalayan/Riverine,0.92,0.31,2026-04-10,OCMS_Historical,Under Implementation,1,1
PAIMANA-SEC_IRR-2019-2675,Lift Irrigation & Pressurized Piped Distribution Network in Ujjain,DoWR,"Department of Water Resources, RD & GR",SEC_IRR,National River Link & Irrigation,Madhya Pradesh,Central,WRD,22.6273,78.9801,5325.24,6063.7,738.46,13.87,3377.74,55.7,86.0,2019-10-24,2024-04-21,2025-09-19,54,17,144.1,48,48,1,553,1331.7,58.6,Approved,7.6,0,0.0,Low/Plains,0.28,0.41,2026-04-10,OCMS_Historical,Nearing Completion,1,1
PAIMANA-SEC_LOG-2020-2676,Central Freight Logistics & Cold Chain Infrastructure Hub at Rajkot,MoRTH,Ministry of Road Transport and Highways,SEC_LOG,Multimodal Logistics Parks (MMLP),Gujarat,West,CONCOR,22.297,70.6314,845.06,1032.08,187.02,22.13,454.83,44.1,70.9,2020-01-07,2022-04-06,2024-06-04,27,26,150.0,45,45,1,796,423.5,66.7,Approved,5.8,1,318.13,Moderate/Plateau,0.14,0.48,2026-04-10,PAIMANA_Live,Under Implementation,1,1
PAIMANA-SEC_METRO-2020-2677,Metro Rail Project Phase-1 (Elevated & Underground Corridor Kochi-Kollam),MoHUA,Ministry of Housing and Urban Affairs,SEC_METRO,Metro Rail & Urban Transit,Kerala,South,Metro Rail Corp,10.2968,75.9447,3647.9,4119.3,471.4,12.92,2228.52,54.1,82.8,2020-05-15,2024-09-11,2026-05-12,52,20,136.8,45,45,1,618,161.1,93.7,Approved,7.9,0,0.0,Low/Plains,0.4,0.63,2026-04-10,PAIMANA_Live,Under Implementation,1,1
PAIMANA-SEC_IRR-2019-2678,Lift Irrigation & Pressurized Piped Distribution Network in Hyderabad,DoWR,"Department of Water Resources, RD & GR",SEC_IRR,National River Link & Irrigation,Telangana,South,WRD,17.7263,78.5546,4870.04,5766.28,896.24,18.4,2975.8,51.6,82.7,2019-06-06,2025-02-01,2027-03-03,68,25,121.2,40,40,1,751,1030.9,39.2,Approved,5.7,1,24.67,Low/Plains,0.61,0.88,2026-04-10,OCMS_Historical,Under Implementation,1,1
PAIMANA-SEC_AIR-2017-2679,Greenfield International Airport Terminal-55 & Parallel Runway at Rajkot,MoCA,Ministry of Civil Aviation,SEC_AIR,Regional & Greenfield Airports,Gujarat,West,AAI,22.5569,70.619,2963.13,3670.41,707.28,23.87,1665.33,45.4,70.2,2017-12-13,2021-01-10,2023-10-10,37,33,150.0,16,16,1,981,937.6,36.1,Approved,9.4,2,553.82,Moderate/Plateau,0.74,0.28,2026-04-10,OCMS_Historical,Under Implementation,1,1
PAIMANA-SEC_STEEL-2019-2680,Specialty Alloy & Hot Rolled Coil Expansion Facility at Bhopal,MoSteel,Ministry of Steel,SEC_STEEL,Steel Plants & Metallurgy Units,Madhya Pradesh,Central,RINL,22.4808,78.3772,761.71,810.05,48.34,6.35,520.32,64.2,100.0,2019-06-23,2021-08-21,2021-08-21,26,0,150.0,36,36,0,0,594.5,84.5,Approved,9.1,1,202.73,Low/Plains,0.65,0.73,2026-04-10,OCMS_Historical,Commissioned,0,0
PAIMANA-SEC_HWY-2017-2681,Delhi-Mumbai Expressway Package 14 (New Delhi-Dwarka Section),MoRTH,Ministry of Road Transport and Highways,SEC_HWY,Highways & Expressways,Delhi NCR,North,NHAI,28.7,76.6823,1684.38,2065.66,381.28,22.64,801.4,38.8,68.0,2017-05-26,2020-02-23,2023-02-21,33,36,150.0,32,32,1,1108,1759.5,59.6,Stage-II Pending,9.2,2,586.67,Moderate/Plateau,0.24,0.43,2026-04-10,OCMS_Historical,Under Implementation,1,1
PAIMANA-SEC_METRO-2022-2682,Urban Light Rail Transit / MetroLite System for Coimbatore Smart City,MoHUA,Ministry of Housing and Urban Affairs,SEC_METRO,Metro Rail & Urban Transit,Tamil Nadu,South,Metro Rail Corp,11.4704,78.1233,1121.72,1361.56,239.84,21.38,659.07,48.4,79.0,2022-07-26,2025-09-23,2027-10-23,38,25,117.7,42,42,1,776,887.0,73.1,Stage-I,7.0,2,206.65,Low/Plains,0.89,0.69,2026-04-10,PAIMANA_Live,Under Implementation,1,1
PAIMANA-SEC_LOG-2019-2683,Multimodal Logistics Park (MMLP) with Inland Container Depot at Tirupati,MoRTH,Ministry of Road Transport and Highways,SEC_LOG,Multimodal Logistics Parks (MMLP),Andhra Pradesh,South,NHLML,16.2771,80.0889,486.43,634.77,148.34,30.5,259.44,40.9,72.2,2019-11-21,2022-04-20,2024-09-17,29,29,150.0,13,13,1,856,709.2,82.4,Approved,7.4,3,700.43,Moderate/Plateau,0.57,0.64,2026-04-10,OCMS_Historical,Under Implementation,1,1
PAIMANA-SEC_HWY-2017-2684,Greenfield Coastal Corridor Expressway (Noida-Kanpur Phase 3),MoRTH,Ministry of Road Transport and Highways,SEC_HWY,Highways & Expressways,Uttar Pradesh,North,NHAI,26.3956,81.3198,1562.04,1803.21,241.17,15.44,855.85,47.5,76.1,2017-05-27,2020-09-24,2022-11-23,40,26,150.0,28,28,1,817,1064.4,51.1,Exempted,4.2,0,0.0,Moderate/Plateau,0.33,0.77,2026-04-10,OCMS_Historical,Under Implementation,1,1
PAIMANA-SEC_HEAVY-2019-2685,Heavy Machine Tools & Engineering Foundry Unit in Bokaro,MHI,Ministry of Heavy Industries,SEC_HEAVY,Heavy Engineering & Capital Goods,Jharkhand,East,HMT,23.2125,84.6892,374.47,435.34,60.87,16.25,257.52,59.2,100.0,2019-05-10,2021-07-08,2021-07-08,26,0,150.0,39,39,0,0,966.4,98.4,Approved,9.2,1,243.13,High/Himalayan/Riverine,0.34,0.26,2026-04-10,OCMS_Historical,Commissioned,1,0
PAIMANA-SEC_HWY-2015-2686,Bharatmala Pariyojana 4/6-Lane Corridor from Pan-India Grid to National Corridor,MoRTH,Ministry of Road Transport and Highways,SEC_HWY,Highways & Expressways,Multi-State / National,National,NHAI,22.2539,79.061,3547.16,4050.56,503.4,14.19,2299.3,56.8,87.1,2015-07-24,2019-01-20,2020-02-19,42,13,150.0,40,40,1,412,1062.3,97.2,Approved,9.1,0,0.0,High/Himalayan/Riverine,0.27,0.6,2026-04-10,OCMS_Historical,Nearing Completion,1,1
PAIMANA-SEC_REN-2020-2687,Ultra Mega Solar Park (20 MW) with Battery Storage at Ranchi,MNRE,Ministry of New and Renewable Energy,SEC_REN,Solar & Renewable Green Energy,Jharkhand,East,SECI,23.8299,85.4275,738.2,828.69,90.49,12.26,499.7,60.3,100.0,2020-05-24,2023-02-21,2023-02-21,33,0,150.0,43,43,0,0,276.3,89.7,Stage-I,6.5,0,0.0,High/Himalayan/Riverine,0.19,0.61,2026-04-10,PAIMANA_Live,Commissioned,1,0
PAIMANA-SEC_INLAND-2019-2688,National Waterway NW-23 Multimodal Navigation Terminal at Pune,MoPSW,"Ministry of Ports, Shipping and Waterways",SEC_INLAND,National Waterways & River Ports,Maharashtra,West,IWAI,20.0961,76.1783,1389.51,1592.42,202.91,14.6,761.15,47.8,71.6,2019-08-13,2021-09-11,2023-05-12,25,20,150.0,27,27,1,620,89.6,91.6,Stage-I,5.4,0,0.0,Low/Plains,0.52,0.64,2026-04-10,OCMS_Historical,Under Implementation,1,1
PAIMANA-SEC_HEALTH-2017-2689,All India Institute of Medical Sciences (AIIMS) 750-Bed Super-Specialty Campus at Mumbai,MoHFW,Ministry of Health and Family Welfare,SEC_HEALTH,AIIMS & Super-Specialty Medical Infra,Maharashtra,West,MoHFW/HSCC,20.2138,75.5679,1502.27,1821.42,319.15,21.24,835.74,45.9,68.9,2017-11-07,2021-02-04,2024-06-04,39,40,150.0,22,22,1,1240,73.6,86.8,Approved,5.8,3,442.82,Low/Plains,0.31,0.2,2026-04-10,OCMS_Historical,Under Implementation,1,1
PAIMANA-SEC_INLAND-2021-2690,Fairway Development & River Ro-Ro Terminal Facility in Mumbai,MoPSW,"Ministry of Ports, Shipping and Waterways",SEC_INLAND,National Waterways & River Ports,Maharashtra,West,IWAI,20.0248,75.2589,897.53,1009.17,111.64,12.44,499.07,49.5,77.9,2021-12-16,2023-10-15,2024-11-13,22,13,150.0,17,16,1,428,1737.4,82.4,Approved,7.8,0,0.0,Low/Plains,0.87,0.33,2026-04-10,PAIMANA_Live,Under Implementation,1,1
PAIMANA-SEC_WATER-2015-2691,Comprehensive Sewage Treatment & River Cleaning Mission at Durgapur,MoHUA,Ministry of Housing and Urban Affairs,SEC_WATER,Water Supply & Urban Sanitation,West Bengal,East,NMCG,22.6423,88.133,2004.13,2283.06,278.93,13.92,1203.72,52.7,80.4,2015-02-10,2018-06-10,2020-06-08,40,24,150.0,28,28,1,742,655.8,66.5,Approved,4.3,1,275.83,Low/Plains,0.12,0.35,2026-04-10,OCMS_Historical,Under Implementation,1,1
PAIMANA-SEC_SMART-2022-2692,Special Investment Region Trunk Infrastructure & Utilities at National Corridor,MoHUA,Ministry of Housing and Urban Affairs,SEC_SMART,Smart Cities & Industrial Corridors,Multi-State / National,National,Dholera/DMIC,21.5764,78.6907,731.03,900.46,169.43,23.18,369.73,41.1,66.7,2022-09-28,2024-12-26,2028-01-24,27,37,150.0,23,23,1,1130,73.4,78.9,Exempted,3.7,1,147.5,Moderate/Plateau,0.54,0.23,2026-04-10,PAIMANA_Live,Under Implementation,1,1
PAIMANA-SEC_STEEL-2015-2693,Specialty Alloy & Hot Rolled Coil Expansion Facility at Aurangabad,MoSteel,Ministry of Steel,SEC_STEEL,Steel Plants & Metallurgy Units,Maharashtra,West,RINL,19.1749,75.7633,2626.32,2755.29,128.97,4.91,1797.86,65.3,100.0,2015-03-03,2019-05-01,2019-05-01,50,0,150.0,13,13,0,0,1095.9,75.8,Exempted,8.0,0,0.0,Moderate/Plateau,0.69,0.8,2026-04-10,OCMS_Historical,Commissioned,0,0
PAIMANA-SEC_TEL-2017-2694,BharatNet Rural Optical Fiber Network Phase-2 across Varanasi,DoT,Department of Telecommunications,SEC_TEL,Telecommunication & BharatNet Fiber,Uttar Pradesh,North,BBNL,27.4383,80.9131,319.55,454.7,135.15,42.29,174.56,38.4,69.5,2017-09-07,2020-05-06,2023-07-05,32,38,150.0,35,35,1,1150,1171.1,65.7,Stage-II Pending,9.2,2,579.33,High/Himalayan/Riverine,0.12,0.29,2026-04-10,OCMS_Historical,Under Implementation,1,1
PAIMANA-SEC_LOG-2014-2695,Multimodal Logistics Park (MMLP) with Inland Container Depot at Aurangabad,MoRTH,Ministry of Road Transport and Highways,SEC_LOG,Multimodal Logistics Parks (MMLP),Maharashtra,West,NHLML,19.1936,76.2706,1294.22,1523.72,229.5,17.73,736.14,48.3,74.5,2014-08-02,2016-12-30,2018-12-29,29,24,150.0,43,43,1,763,254.2,92.7,Approved,4.1,2,256.9,Moderate/Plateau,0.35,0.55,2026-04-10,OCMS_Historical,Under Implementation,1,1
PAIMANA-SEC_MINE-2017-2696,Strategic Rare Earth & Bauxite Mining Complex at Kanpur,MoMines,Ministry of Mines,SEC_MINE,Strategic Mineral Extraction,Uttar Pradesh,North,NALCO,27.2696,81.3043,7241.54,7664.52,422.98,5.84,4880.05,63.7,100.0,2017-05-17,2023-10-13,2023-10-13,77,0,139.1,21,21,0,0,1760.2,76.7,Approved,4.2,1,29.06,Moderate/Plateau,0.78,0.59,2026-04-10,OCMS_Historical,Commissioned,0,0
PAIMANA-SEC_SMART-2018-2697,Special Investment Region Trunk Infrastructure & Utilities at Vijayawada,MoHUA,Ministry of Housing and Urban Affairs,SEC_SMART,Smart Cities & Industrial Corridors,Andhra Pradesh,South,Dholera/DMIC,16.0058,79.1442,443.76,490.51,46.75,10.53,228.88,46.7,71.4,2018-06-13,2020-07-12,2022-08-11,25,25,150.0,40,40,1,758,1662.2,90.2,Approved,6.7,0,0.0,Moderate/Plateau,0.72,0.32,2026-04-10,OCMS_Historical,Under Implementation,0,1
PAIMANA-SEC_RLY-2017-2698,Modern Multimodal Railway Terminal & Station Redevelopment at Gaya,MoR,Ministry of Railways,SEC_RLY,Railways & High-Speed Rail,Bihar,East,RLDA,25.6397,85.1586,602.9,818.98,216.08,35.84,273.83,33.4,60.6,2017-05-11,2019-01-09,2022-06-08,20,41,150.0,21,21,1,1240,71.0,92.6,Approved,4.3,3,776.2,Low/Plains,0.9,0.63,2026-04-10,OCMS_Historical,Under Implementation,1,1
PAIMANA-SEC_IRR-2017-2699,National River Interlinking Canal & Barrage System (Vadodara-Surat),DoWR,"Department of Water Resources, RD & GR",SEC_IRR,National River Link & Irrigation,Gujarat,West,NWDA,22.5523,71.0341,1870.23,2184.34,314.11,16.8,925.13,42.4,68.0,2017-04-01,2019-06-30,2021-11-27,27,29,150.0,41,41,1,901,1080.7,86.5,Approved,5.8,2,283.22,Moderate/Plateau,0.66,0.56,2026-04-10,OCMS_Historical,Under Implementation,1,1
PAIMANA-SEC_PWR_GEN-2019-2700,Subansiri/Tehri Stage-II Hydroelectric Dam & Powerhouse (Solan),MoP,Ministry of Power,SEC_PWR_GEN,Thermal & Hydro Power Generation,Himachal Pradesh,North,SJVN,31.0959,76.8501,1361.32,1573.76,212.44,15.61,848.0,53.9,81.5,2019-12-18,2022-04-17,2023-07-17,28,15,150.0,42,42,1,481,144.9,83.7,Approved,9.0,2,660.73,Moderate/Plateau,0.43,0.21,2026-04-10,OCMS_Historical,Under Implementation,1,1
PAIMANA-SEC_PORT-2016-2701,LNG Import Terminal & Marine Jetty Infrastructure at Surat,MoPSW,"Ministry of Ports, Shipping and Waterways",SEC_PORT,Major Ports & Maritime Channels,Gujarat,West,Petronet,22.5598,70.8419,1601.51,1932.85,331.34,20.69,882.97,45.7,69.9,2016-03-18,2019-02-15,2021-07-15,35,29,150.0,37,37,1,884,757.3,63.6,Approved,9.3,1,100.46,Low/Plains,0.39,0.6,2026-04-10,OCMS_Historical,Under Implementation,1,1
PAIMANA-SEC_RLY-2017-2702,Dedicated Freight Corridor (Western/Eastern Phase-2) near Kharagpur,MoR,Ministry of Railways,SEC_RLY,Railways & High-Speed Rail,West Bengal,East,DFCCIL,22.6667,88.169,1826.82,2171.45,344.63,18.87,954.88,44.0,75.5,2017-04-23,2020-09-20,2022-09-19,41,24,150.0,15,15,1,746,966.0,73.4,Approved,5.3,0,0.0,Low/Plains,0.66,0.64,2026-04-10,OCMS_Historical,Under Implementation,1,1
PAIMANA-SEC_SMART-2015-2703,Industrial Smart City & Integrated Manufacturing Node at Solapur,MoHUA,Ministry of Housing and Urban Affairs,SEC_SMART,Smart Cities & Industrial Corridors,Maharashtra,West,NICDC,19.6794,75.8248,2097.69,2489.78,392.09,18.69,1209.51,48.6,82.0,2015-11-21,2019-08-20,2021-05-19,45,21,150.0,44,44,1,640,570.2,67.6,Approved,8.8,1,230.99,Moderate/Plateau,0.7,0.56,2026-04-10,OCMS_Historical,Under Implementation,1,1
PAIMANA-SEC_INLAND-2019-2704,Fairway Development & River Ro-Ro Terminal Facility in Ramagundam,MoPSW,"Ministry of Ports, Shipping and Waterways",SEC_INLAND,National Waterways & River Ports,Telangana,South,IWAI,18.3859,79.2487,3293.88,3474.88,181.0,5.5,2141.06,61.6,100.0,2019-11-22,2023-04-21,2023-04-21,41,0,150.0,42,42,0,0,1102.4,86.5,Approved,3.9,0,0.0,Moderate/Plateau,0.24,0.75,2026-04-10,OCMS_Historical,Commissioned,0,0
PAIMANA-SEC_PWR_TR-2019-2705,Substation Automation & GIS Grid Augmentation at Guntur,MoP,Ministry of Power,SEC_PWR_TR,Power Transmission & Grid,Andhra Pradesh,South,PGCIL,15.5579,80.011,1694.15,1870.8,176.65,10.43,902.25,48.2,79.0,2019-08-22,2023-02-18,2024-07-18,42,17,150.0,26,26,1,513,683.7,65.8,Stage-I,7.5,0,0.0,Moderate/Plateau,0.67,0.46,2026-04-10,OCMS_Historical,Under Implementation,0,1
PAIMANA-SEC_PWR_GEN-2022-2706,Ultra Mega Supercritical Thermal Power Project (34x800 MW) at Pan-India Grid,MoP,Ministry of Power,SEC_PWR_GEN,Thermal & Hydro Power Generation,Multi-State / National,National,NTPC,21.598,79.1126,912.7,1161.42,248.72,27.25,520.33,44.8,70.1,2022-09-07,2025-10-05,2029-07-04,37,45,117.1,14,14,1,1393,409.9,34.7,Stage-II Pending,3.9,0,0.0,Moderate/Plateau,0.77,0.58,2026-04-10,PAIMANA_Live,Under Implementation,1,1
PAIMANA-SEC_TEL-2023-2707,BharatNet Rural Optical Fiber Network Phase-4 across Bongaigaon,DoT,Department of Telecommunications,SEC_TEL,Telecommunication & BharatNet Fiber,Assam,North-East,BBNL,26.7892,92.9307,2174.49,2643.81,469.32,21.58,761.07,28.8,41.9,2023-11-14,2027-03-14,2029-09-11,40,30,72.6,35,26,3,906,975.5,51.6,Approved,4.0,2,305.89,Moderate/Plateau,0.93,0.85,2026-04-10,PAIMANA_Live,Under Implementation,1,1
PAIMANA-SEC_CHEM-2015-2708,Coal-Gasification Based Urea & Fertilizer Complex at Prayagraj,MoCF,Ministry of Chemicals and Fertilizers,SEC_CHEM,Fertilizer Plants & Petrochemicals,Uttar Pradesh,North,FCIL,26.6486,80.7187,6977.84,7495.12,517.28,7.41,4798.61,64.0,100.0,2015-05-27,2022-06-23,2022-06-23,85,0,150.0,48,48,0,0,1609.7,98.9,Stage-II Pending,5.7,0,0.0,High/Himalayan/Riverine,0.14,0.51,2026-04-10,OCMS_Historical,Commissioned,0,0
PAIMANA-SEC_CHEM-2020-2709,Petrochemical Derivative & Polymer Manufacturing Unit at Baramulla,MoCF,Ministry of Chemicals and Fertilizers,SEC_CHEM,Fertilizer Plants & Petrochemicals,Jammu & Kashmir,North,HURL,33.4195,76.6517,1011.92,1255.65,243.73,24.09,494.62,39.4,63.3,2020-03-05,2022-02-02,2025-06-02,23,40,150.0,32,32,1,1243,218.1,90.5,Approved,4.1,3,640.98,Moderate/Plateau,0.47,0.44,2026-04-10,PAIMANA_Live,Under Implementation,1,1
PAIMANA-SEC_STEEL-2018-2710,Integrated Steel Plant Modernization & Pelletization Unit at Kolkata,MoSteel,Ministry of Steel,SEC_STEEL,Steel Plants & Metallurgy Units,West Bengal,East,SAIL,23.1926,87.5207,454.78,512.14,57.36,12.61,218.11,42.6,70.5,2018-07-12,2020-11-09,2023-02-07,28,27,150.0,35,34,1,827,1720.5,87.5,Approved,5.7,0,0.0,Moderate/Plateau,0.51,0.57,2026-04-10,OCMS_Historical,Under Implementation,1,1
PAIMANA-SEC_REN-2019-2711,Ultra Mega Solar Park (89 MW) with Battery Storage at Vadodara,MNRE,Ministry of New and Renewable Energy,SEC_REN,Solar & Renewable Green Energy,Gujarat,West,SECI,22.1284,71.5487,3285.69,3621.19,335.5,10.21,2070.32,57.2,89.1,2019-12-13,2024-04-10,2025-06-09,52,14,146.5,25,25,1,465,655.5,69.9,Approved,8.3,0,0.0,Low/Plains,0.72,0.57,2026-04-10,OCMS_Historical,Nearing Completion,0,1
PAIMANA-SEC_LOG-2015-2712,Multimodal Logistics Park (MMLP) with Inland Container Depot at Barauni,MoRTH,Ministry of Road Transport and Highways,SEC_LOG,Multimodal Logistics Parks (MMLP),Bihar,East,NHLML,24.8611,85.6196,1023.77,1079.59,55.82,5.45,704.04,65.2,100.0,2015-01-20,2016-09-19,2016-09-19,20,0,150.0,31,31,0,0,113.6,94.5,Approved,6.6,1,155.73,Moderate/Plateau,0.54,0.23,2026-04-10,OCMS_Historical,Commissioned,0,0
PAIMANA-SEC_HEALTH-2023-2713,All India Institute of Medical Sciences (AIIMS) 750-Bed Super-Specialty Campus at Ujjain,MoHFW,Ministry of Health and Family Welfare,SEC_HEALTH,AIIMS & Super-Specialty Medical Infra,Madhya Pradesh,Central,MoHFW/HSCC,22.7246,79.1822,157.0,239.14,82.14,52.32,81.65,34.1,64.1,2023-11-23,2025-06-22,2027-10-21,19,28,150.0,42,42,1,830,1271.0,88.4,Approved,7.8,2,526.41,High/Himalayan/Riverine,0.83,0.9,2026-04-10,PAIMANA_Live,Under Implementation,1,1
PAIMANA-SEC_SMART-2019-2714,Special Investment Region Trunk Infrastructure & Utilities at Vadodara,MoHUA,Ministry of Housing and Urban Affairs,SEC_SMART,Smart Cities & Industrial Corridors,Gujarat,West,Dholera/DMIC,22.1873,71.2513,2567.42,2989.73,422.31,16.45,1380.86,46.2,72.6,2019-11-18,2022-10-17,2024-12-15,35,26,150.0,12,12,1,810,1163.4,90.8,Exempted,5.9,0,0.0,Low/Plains,0.69,0.84,2026-04-10,OCMS_Historical,Under Implementation,1,1
PAIMANA-SEC_RLY-2019-2715,Modern Multimodal Railway Terminal & Station Redevelopment at Udaipur,MoR,Ministry of Railways,SEC_RLY,Railways & High-Speed Rail,Rajasthan,North,RLDA,27.1359,74.7247,690.24,780.43,90.19,13.07,369.5,47.3,77.8,2019-03-17,2022-02-13,2024-04-13,35,26,150.0,13,13,1,787,1267.2,43.4,Approved,8.1,0,0.0,Low/Plains,0.41,0.23,2026-04-10,OCMS_Historical,Under Implementation,1,1
PAIMANA-SEC_HEALTH-2022-2716,All India Institute of Medical Sciences (AIIMS) 750-Bed Super-Specialty Campus at Rourkela,MoHFW,Ministry of Health and Family Welfare,SEC_HEALTH,AIIMS & Super-Specialty Medical Infra,Odisha,East,MoHFW/HSCC,20.541,84.8865,1053.21,1140.78,87.57,8.31,724.28,63.5,100.0,2022-04-15,2024-08-13,2024-08-13,28,0,150.0,27,27,0,0,1183.9,76.6,Approved,7.9,0,0.0,Low/Plains,0.21,0.87,2026-04-10,PAIMANA_Live,Commissioned,0,0
PAIMANA-SEC_PWR_GEN-2017-2717,Pumped Storage Hydroelectric Power Facility (18 MW) in Kota,MoP,Ministry of Power,SEC_PWR_GEN,Thermal & Hydro Power Generation,Rajasthan,North,NHPC,26.6478,73.7404,1573.39,1920.92,347.53,22.09,829.6,43.2,72.8,2017-01-17,2020-07-16,2023-01-14,42,30,150.0,36,36,1,944,1334.2,32.4,Approved,5.7,1,113.85,Low/Plains,0.32,0.47,2026-04-10,OCMS_Historical,Under Implementation,1,1
PAIMANA-SEC_TEL-2020-2718,BharatNet Rural Optical Fiber Network Phase-1 across Guntur,DoT,Department of Telecommunications,SEC_TEL,Telecommunication & BharatNet Fiber,Andhra Pradesh,South,BBNL,15.8852,79.4515,1375.51,1598.79,223.28,16.23,778.49,48.7,76.1,2020-01-27,2022-07-27,2024-01-25,30,18,150.0,44,44,1,538,1345.0,78.0,Approved,3.6,0,0.0,High/Himalayan/Riverine,0.59,0.4,2026-04-10,PAIMANA_Live,Under Implementation,1,1
PAIMANA-SEC_PORT-2021-2719,Greenfield Deep-Water Major Port & Container Terminal Phase-4 at Bengaluru,MoPSW,"Ministry of Ports, Shipping and Waterways",SEC_PORT,Major Ports & Maritime Channels,Karnataka,South,Port Authority,15.0929,75.5353,2252.03,2426.45,174.42,7.75,1512.29,62.3,100.0,2021-07-24,2025-07-22,2025-07-22,48,0,118.3,19,15,0,0,281.2,81.3,Approved,4.5,1,291.65,Moderate/Plateau,0.65,0.84,2026-04-10,PAIMANA_Live,Commissioned,0,0
PAIMANA-SEC_WATER-2022-2720,Urban 24x7 Water Supply & Advanced Smart Grid Pipeline in Lucknow,MoHUA,Ministry of Housing and Urban Affairs,SEC_WATER,Water Supply & Urban Sanitation,Uttar Pradesh,North,Jal Nigam,26.4039,80.9988,758.92,844.4,85.48,11.26,521.91,61.8,100.0,2022-12-23,2024-08-22,2024-08-22,20,0,150.0,48,48,0,0,775.2,93.9,Approved,9.3,0,0.0,High/Himalayan/Riverine,0.35,0.37,2026-04-10,PAIMANA_Live,Commissioned,1,0
PAIMANA-SEC_SMART-2020-2721,Industrial Smart City & Integrated Manufacturing Node at Karimnagar,MoHUA,Ministry of Housing and Urban Affairs,SEC_SMART,Smart Cities & Industrial Corridors,Telangana,South,NICDC,18.5391,79.3921,1868.81,2079.31,210.5,11.26,1179.22,56.7,89.0,2020-01-04,2022-10-03,2023-06-03,33,8,150.0,44,44,1,235,1482.9,91.1,Exempted,7.4,0,0.0,Low/Plains,0.93,0.77,2026-04-10,PAIMANA_Live,Nearing Completion,1,1
PAIMANA-SEC_IRR-2015-2722,National River Interlinking Canal & Barrage System (Ramagundam-Nizamabad),DoWR,"Department of Water Resources, RD & GR",SEC_IRR,National River Link & Irrigation,Telangana,South,NWDA,18.2031,79.2255,896.98,1042.52,145.54,16.23,494.46,47.4,78.8,2015-09-03,2018-03-03,2019-08-01,30,17,150.0,47,46,1,533,899.7,45.6,Approved,7.4,0,0.0,Low/Plains,0.22,0.8,2026-04-10,OCMS_Historical,Under Implementation,1,1
PAIMANA-SEC_LOG-2017-2723,Multimodal Logistics Park (MMLP) with Inland Container Depot at Ayodhya,MoRTH,Ministry of Road Transport and Highways,SEC_LOG,Multimodal Logistics Parks (MMLP),Uttar Pradesh,North,NHLML,26.8352,81.4403,2315.72,2725.85,410.13,17.71,1285.44,47.2,73.8,2017-10-14,2021-09-11,2024-09-09,47,36,150.0,40,40,1,1069,253.2,96.5,Stage-II Pending,3.7,0,0.0,Low/Plains,0.4,0.34,2026-04-10,OCMS_Historical,Under Implementation,1,1
PAIMANA-SEC_PWR_TR-2023-2724,Substation Automation & GIS Grid Augmentation at Faridabad,MoP,Ministry of Power,SEC_PWR_TR,Power Transmission & Grid,Haryana,North,PGCIL,28.5214,76.676,2059.47,2501.9,442.43,21.48,909.9,36.4,62.1,2023-07-03,2026-03-01,2028-05-29,32,27,104.6,26,19,1,843,335.2,95.6,Approved,4.0,2,411.64,High/Himalayan/Riverine,0.8,0.26,2026-04-10,PAIMANA_Live,Under Implementation,1,1
PAIMANA-SEC_COAL-2021-2725,Open Cast Coal Mining Project (98 MTPA) with High-Capacity Conveyors at Kanpur,MoCoal,Ministry of Coal,SEC_COAL,Coal Mining & Washeries,Uttar Pradesh,North,CIL,26.4043,80.3856,471.98,535.69,63.71,13.5,239.42,44.7,75.7,2021-11-03,2024-05-03,2026-04-02,30,23,150.0,43,43,1,684,1503.9,93.5,Stage-II Pending,9.3,0,0.0,Moderate/Plateau,0.13,0.78,2026-04-10,PAIMANA_Live,Under Implementation,1,1
PAIMANA-SEC_METRO-2014-2726,Urban Light Rail Transit / MetroLite System for Angul Smart City,MoHUA,Ministry of Housing and Urban Affairs,SEC_METRO,Metro Rail & Urban Transit,Odisha,East,Metro Rail Corp,21.2275,85.5347,3220.49,3796.67,576.18,17.89,1638.9,43.2,73.8,2014-07-19,2018-07-17,2021-01-14,48,30,150.0,16,16,1,895,770.1,71.3,Approved,5.3,0,0.0,Moderate/Plateau,0.54,0.5,2026-04-10,OCMS_Historical,Under Implementation,1,1
PAIMANA-SEC_INLAND-2017-2727,Fairway Development & River Ro-Ro Terminal Facility in Vijayawada,MoPSW,"Ministry of Ports, Shipping and Waterways",SEC_INLAND,National Waterways & River Ports,Andhra Pradesh,South,IWAI,16.2618,80.1192,689.83,864.39,174.56,25.3,360.67,41.7,68.3,2017-11-20,2019-11-19,2022-08-18,24,33,150.0,24,24,1,1012,722.9,70.5,Approved,6.0,2,645.67,Moderate/Plateau,0.72,0.24,2026-04-10,OCMS_Historical,Under Implementation,1,1
PAIMANA-SEC_STEEL-2023-2728,Integrated Steel Plant Modernization & Pelletization Unit at Kozhikode,MoSteel,Ministry of Steel,SEC_STEEL,Steel Plants & Metallurgy Units,Kerala,South,SAIL,10.3286,76.5765,2473.18,3046.04,572.86,23.16,781.8,25.7,45.8,2023-07-18,2027-06-15,2030-08-13,47,38,70.2,18,9,2,1161,919.3,83.5,Stage-II Pending,7.4,2,499.45,Low/Plains,0.75,0.33,2026-04-10,PAIMANA_Live,Under Implementation,1,1
PAIMANA-SEC_COAL-2020-2729,Coal Bed Methane & Deep Underground Extraction Unit at Bengaluru,MoCoal,Ministry of Coal,SEC_COAL,Coal Mining & Washeries,Karnataka,South,NCDC,15.0253,76.0792,1627.06,1903.5,276.44,16.99,869.98,45.7,73.8,2020-01-17,2022-05-17,2023-12-15,28,19,150.0,37,37,1,571,600.5,82.9,Approved,8.3,2,579.69,Low/Plains,0.72,0.4,2026-04-10,PAIMANA_Live,Under Implementation,1,1
PAIMANA-SEC_HEALTH-2017-2730,All India Institute of Medical Sciences (AIIMS) 750-Bed Super-Specialty Campus at Barauni,MoHFW,Ministry of Health and Family Welfare,SEC_HEALTH,AIIMS & Super-Specialty Medical Infra,Bihar,East,MoHFW/HSCC,25.6297,85.0278,6580.6,7418.64,838.04,12.74,4238.78,57.1,86.5,2017-05-14,2024-03-10,2026-01-07,82,22,130.7,32,31,1,697,1185.4,88.2,Approved,8.5,1,114.78,Low/Plains,0.25,0.27,2026-04-10,OCMS_Historical,Nearing Completion,1,1
PAIMANA-SEC_ATOM-2020-2731,Pressurized Heavy Water Reactor Nuclear Power Unit (62x700 MWe) at Gwalior,DAE,Department of Atomic Energy,SEC_ATOM,Atomic Energy & Nuclear Power,Madhya Pradesh,Central,NPCIL,23.4893,79.2531,928.26,1088.11,159.85,17.22,437.93,40.2,66.4,2020-10-18,2022-12-17,2025-05-16,26,29,150.0,46,46,1,886,1636.9,52.8,Stage-II Pending,9.2,0,0.0,Low/Plains,0.69,0.22,2026-04-10,PAIMANA_Live,Under Implementation,1,1
PAIMANA-SEC_IRR-2020-2732,Lift Irrigation & Pressurized Piped Distribution Network in Hyderabad,DoWR,"Department of Water Resources, RD & GR",SEC_IRR,National River Link & Irrigation,Telangana,South,WRD,18.1417,79.1753,823.66,1011.47,187.81,22.8,383.01,37.9,62.9,2020-03-11,2022-03-10,2024-10-07,24,31,150.0,46,46,1,953,1295.7,24.5,Exempted,9.1,1,247.74,Low/Plains,0.2,0.32,2026-04-10,PAIMANA_Live,Under Implementation,1,1
PAIMANA-SEC_PWR_TR-2021-2733,765kV High Voltage Direct Current (HVDC) Inter-Regional Grid (Jorhat-Bongaigaon),MoP,Ministry of Power,SEC_PWR_TR,Power Transmission & Grid,Assam,North-East,PGCIL,25.7651,93.2006,1126.82,1314.85,188.03,16.69,739.59,56.2,88.7,2021-05-22,2024-02-19,2025-01-18,33,11,150.0,45,45,1,365,1125.3,84.2,Approved,6.6,0,0.0,High/Himalayan/Riverine,0.47,0.9,2026-04-10,PAIMANA_Live,Nearing Completion,1,1
PAIMANA-SEC_ATOM-2020-2734,Fast Breeder Reactor & Reprocessing Facility at Prayagraj,DAE,Department of Atomic Energy,SEC_ATOM,Atomic Energy & Nuclear Power,Uttar Pradesh,North,BHAVINI,26.7217,80.8004,860.56,1060.01,199.45,23.18,474.37,44.8,71.8,2020-01-25,2022-01-23,2024-04-22,24,27,150.0,31,31,1,846,1022.8,18.5,Approved,5.2,0,0.0,Low/Plains,0.52,0.7,2026-04-10,PAIMANA_Live,Under Implementation,1,1
PAIMANA-SEC_CHEM-2021-2735,Petrochemical Derivative & Polymer Manufacturing Unit at Nagpur,MoCF,Ministry of Chemicals and Fertilizers,SEC_CHEM,Fertilizer Plants & Petrochemicals,Maharashtra,West,HURL,19.3331,76.1073,2454.19,2641.26,187.07,7.62,1393.19,52.7,76.2,2021-11-10,2024-07-09,2025-12-07,32,17,150.0,22,22,1,555,644.9,84.2,Approved,9.0,0,0.0,Low/Plains,0.86,0.31,2026-04-10,PAIMANA_Live,Under Implementation,0,1
PAIMANA-SEC_ATOM-2014-2736,Fast Breeder Reactor & Reprocessing Facility at Noida,DAE,Department of Atomic Energy,SEC_ATOM,Atomic Energy & Nuclear Power,Uttar Pradesh,North,BHAVINI,26.6787,81.2248,247.18,328.07,80.89,32.73,115.13,35.1,59.9,2014-01-17,2015-12-17,2018-12-15,23,36,150.0,45,45,1,1121,591.9,38.5,Stage-II Pending,8.1,1,239.18,High/Himalayan/Riverine,0.21,0.34,2026-04-10,OCMS_Historical,Under Implementation,1,1
PAIMANA-SEC_METRO-2019-2737,Regional Rapid Transit System (RRTS) Semi High-Speed Line (Jalandhar-Ludhiana),MoHUA,Ministry of Housing and Urban Affairs,SEC_METRO,Metro Rail & Urban Transit,Punjab,North,NCRTC,30.6994,75.6026,421.83,467.92,46.09,10.93,290.09,62.0,100.0,2019-04-25,2020-10-23,2020-10-23,18,0,150.0,24,24,0,0,766.2,92.8,Approved,6.3,0,0.0,High/Himalayan/Riverine,0.36,0.77,2026-04-10,OCMS_Historical,Commissioned,1,0
PAIMANA-SEC_PWR_TR-2014-2738,765kV High Voltage Direct Current (HVDC) Inter-Regional Grid (Mumbai-Nashik),MoP,Ministry of Power,SEC_PWR_TR,Power Transmission & Grid,Maharashtra,West,PGCIL,19.4184,75.9475,416.21,540.77,124.56,29.93,214.74,39.7,64.4,2014-10-03,2016-05-02,2019-01-30,19,33,150.0,29,29,1,1025,1373.7,82.5,Approved,3.5,2,519.6,Low/Plains,0.52,0.22,2026-04-10,OCMS_Historical,Under Implementation,1,1
PAIMANA-SEC_COAL-2021-2739,Coal Bed Methane & Deep Underground Extraction Unit at Jaipur,MoCoal,Ministry of Coal,SEC_COAL,Coal Mining & Washeries,Rajasthan,North,NCDC,26.6842,74.3652,2831.04,2960.88,129.84,4.59,1749.82,59.1,94.8,2021-08-19,2025-11-16,2025-11-16,51,0,109.7,21,19,0,0,955.1,90.0,Approved,6.0,0,0.0,Moderate/Plateau,0.11,0.22,2026-04-10,PAIMANA_Live,Nearing Completion,0,0
PAIMANA-SEC_LOG-2022-2740,Central Freight Logistics & Cold Chain Infrastructure Hub at Kanpur,MoRTH,Ministry of Road Transport and Highways,SEC_LOG,Multimodal Logistics Parks (MMLP),Uttar Pradesh,North,CONCOR,26.8514,80.8882,5829.52,7331.97,1502.45,25.77,2361.27,32.2,54.0,2022-02-17,2027-03-17,2029-10-14,61,31,81.9,12,7,2,970,1073.8,94.9,Stage-I,8.2,3,260.09,High/Himalayan/Riverine,0.87,0.47,2026-04-10,PAIMANA_Live,Under Implementation,1,1
PAIMANA-SEC_AIR-2019-2741,Regional Airport Modernization & Runway Extension under UDAN at Pasighat,MoCA,Ministry of Civil Aviation,SEC_AIR,Regional & Greenfield Airports,Arunachal Pradesh,North-East,AAI,28.0043,94.5201,1039.38,1271.89,232.51,22.37,594.79,46.8,74.6,2019-03-14,2021-05-12,2023-03-11,26,22,150.0,31,31,1,692,1148.4,90.6,Approved,6.9,2,336.21,High/Himalayan/Riverine,0.36,0.6,2026-04-10,OCMS_Historical,Under Implementation,1,1
PAIMANA-SEC_PET-2021-2742,Crude Oil Pipeline Augmented Pumping Infrastructure at Hubballi,MoPNG,Ministry of Petroleum and Natural Gas,SEC_PET,Petroleum Pipelines & Refineries,Karnataka,South,HPCL,15.8719,75.3045,977.72,1057.04,79.32,8.11,662.9,62.7,100.0,2021-09-22,2024-09-20,2024-09-20,36,0,150.0,23,23,0,0,1550.7,88.9,Approved,8.1,0,0.0,Moderate/Plateau,0.39,0.53,2026-04-10,PAIMANA_Live,Commissioned,0,0
PAIMANA-SEC_PORT-2021-2743,Port Connectivity Dedicated Rail-Sea Multimodal Corridor at Mopa,MoPSW,"Ministry of Ports, Shipping and Waterways",SEC_PORT,Major Ports & Maritime Channels,Goa,West,Sagarmala Dev,15.5669,73.6793,1226.79,1280.49,53.7,4.38,842.95,65.8,100.0,2021-07-16,2024-05-14,2024-05-14,34,0,150.0,36,36,0,0,609.9,90.3,Exempted,9.0,0,0.0,Moderate/Plateau,0.88,0.44,2026-04-10,PAIMANA_Live,Commissioned,0,0
PAIMANA-SEC_INLAND-2021-2744,National Waterway NW-65 Multimodal Navigation Terminal at Jammu,MoPSW,"Ministry of Ports, Shipping and Waterways",SEC_INLAND,National Waterways & River Ports,Jammu & Kashmir,North,IWAI,34.1879,76.8304,3461.27,4262.74,801.47,23.16,1911.71,44.8,70.3,2021-06-07,2024-11-04,2027-09-03,41,34,142.3,25,25,1,1043,677.3,85.3,Approved,5.5,2,699.29,High/Himalayan/Riverine,0.51,0.21,2026-04-10,PAIMANA_Live,Under Implementation,1,1
PAIMANA-SEC_PET-2018-2745,Strategic Petroleum Reserve Underground Rock Caverns at Belagavi,MoPNG,Ministry of Petroleum and Natural Gas,SEC_PET,Petroleum Pipelines & Refineries,Karnataka,South,ISPRL,15.0428,75.3596,475.62,587.09,111.47,23.44,234.2,39.9,63.8,2018-05-08,2019-11-06,2022-10-05,18,35,150.0,19,19,1,1052,1157.7,43.8,Stage-I,5.9,1,241.2,Low/Plains,0.34,0.33,2026-04-10,OCMS_Historical,Under Implementation,1,1
PAIMANA-SEC_PET-2023-2746,Crude Oil Pipeline Augmented Pumping Infrastructure at Ramagundam,MoPNG,Ministry of Petroleum and Natural Gas,SEC_PET,Petroleum Pipelines & Refineries,Telangana,South,HPCL,17.6231,79.3193,1439.51,1732.66,293.15,20.36,582.1,33.6,50.6,2023-10-28,2026-12-26,2029-08-24,38,32,77.9,18,12,2,959,469.2,69.1,Approved,7.2,2,93.13,Moderate/Plateau,0.37,0.29,2026-04-10,PAIMANA_Live,Under Implementation,1,1
PAIMANA-SEC_COAL-2018-2747,Mechanized Coal Washery & Pithead Rail Dispatch Facility (Salem),MoCoal,Ministry of Coal,SEC_COAL,Coal Mining & Washeries,Tamil Nadu,South,BCCL,10.9667,78.7658,2898.78,3306.82,408.04,14.08,1582.75,47.9,75.4,2018-04-10,2021-12-07,2023-12-06,44,24,150.0,43,43,1,745,1487.4,85.9,Stage-II Pending,9.5,0,0.0,Low/Plains,0.16,0.43,2026-04-10,OCMS_Historical,Under Implementation,1,1
PAIMANA-SEC_CHEM-2023-2748,Coal-Gasification Based Urea & Fertilizer Complex at National Corridor,MoCF,Ministry of Chemicals and Fertilizers,SEC_CHEM,Fertilizer Plants & Petrochemicals,Multi-State / National,National,FCIL,21.6749,79.1225,1847.61,2248.12,400.51,21.68,800.09,35.6,53.3,2023-05-07,2026-09-04,2029-10-02,40,37,88.3,39,34,5,1103,450.8,54.5,Stage-I,3.9,2,593.08,Moderate/Plateau,0.16,0.35,2026-04-10,PAIMANA_Live,Under Implementation,1,1
PAIMANA-SEC_PORT-2022-2749,LNG Import Terminal & Marine Jetty Infrastructure at Gorakhpur,MoPSW,"Ministry of Ports, Shipping and Waterways",SEC_PORT,Major Ports & Maritime Channels,Uttar Pradesh,North,Petronet,26.8126,81.3764,1374.31,1693.63,319.32,23.23,808.38,47.7,73.5,2022-01-15,2023-11-14,2025-09-12,22,22,150.0,30,30,1,691,322.9,59.3,Approved,4.1,0,0.0,High/Himalayan/Riverine,0.19,0.63,2026-04-10,PAIMANA_Live,Under Implementation,1,1
PAIMANA-SEC_PORT-2014-2750,Greenfield Deep-Water Major Port & Container Terminal Phase-2 at Kalaburagi,MoPSW,"Ministry of Ports, Shipping and Waterways",SEC_PORT,Major Ports & Maritime Channels,Karnataka,South,Port Authority,15.7558,75.3311,2970.84,3744.66,773.82,26.05,1522.38,40.7,67.9,2014-08-01,2018-01-28,2021-02-25,42,37,150.0,37,37,1,1095,456.5,94.7,Approved,5.0,3,730.49,Moderate/Plateau,0.46,0.79,2026-04-10,OCMS_Historical,Under Implementation,1,1
PAIMANA-SEC_SMART-2022-2751,Special Investment Region Trunk Infrastructure & Utilities at Rajkot,MoHUA,Ministry of Housing and Urban Affairs,SEC_SMART,Smart Cities & Industrial Corridors,Gujarat,West,Dholera/DMIC,21.9724,71.5409,157.0,176.43,19.43,12.38,107.97,61.2,100.0,2022-03-04,2024-10-01,2024-10-01,31,0,150.0,25,25,0,0,1099.3,79.5,Approved,5.4,0,0.0,High/Himalayan/Riverine,0.45,0.33,2026-04-10,PAIMANA_Live,Commissioned,1,0
PAIMANA-SEC_HEAVY-2017-2752,Heavy Electrical Equipment & Gas Turbine Manufacturing Facility at Tiruchirappalli,MHI,Ministry of Heavy Industries,SEC_HEAVY,Heavy Engineering & Capital Goods,Tamil Nadu,South,BHEL,11.687,78.0959,2185.47,2425.5,240.03,10.98,1502.93,62.0,100.0,2017-04-28,2019-09-26,2019-09-26,29,0,150.0,31,31,0,0,234.7,91.3,Approved,9.2,1,24.25,High/Himalayan/Riverine,0.36,0.51,2026-04-10,OCMS_Historical,Commissioned,1,0
PAIMANA-SEC_PORT-2022-2753,Greenfield Deep-Water Major Port & Container Terminal Phase-3 at Karimnagar,MoPSW,"Ministry of Ports, Shipping and Waterways",SEC_PORT,Major Ports & Maritime Channels,Telangana,South,Port Authority,17.9342,78.6041,616.61,759.17,142.56,23.12,294.82,38.8,62.1,2022-06-08,2024-01-06,2026-10-05,19,33,150.0,23,23,1,996,899.9,61.1,Stage-II Pending,5.0,0,0.0,Low/Plains,0.62,0.87,2026-04-10,PAIMANA_Live,Under Implementation,1,1
PAIMANA-SEC_PORT-2016-2754,Port Connectivity Dedicated Rail-Sea Multimodal Corridor at Pune,MoPSW,"Ministry of Ports, Shipping and Waterways",SEC_PORT,Major Ports & Maritime Channels,Maharashtra,West,Sagarmala Dev,19.9787,75.9858,201.64,283.04,81.4,40.37,122.84,43.4,72.3,2016-02-01,2018-03-02,2020-02-29,25,24,150.0,27,27,1,753,609.8,80.0,Approved,5.9,2,635.0,Low/Plains,0.27,0.49,2026-04-10,OCMS_Historical,Under Implementation,1,1
PAIMANA-SEC_LOG-2019-2755,Central Freight Logistics & Cold Chain Infrastructure Hub at Bhubaneswar,MoRTH,Ministry of Road Transport and Highways,SEC_LOG,Multimodal Logistics Parks (MMLP),Odisha,East,CONCOR,21.0431,84.7112,1865.43,2160.3,294.87,15.81,1142.15,52.9,81.3,2019-06-24,2023-01-21,2024-10-20,43,21,150.0,35,35,1,619,949.2,71.0,Approved,6.6,0,0.0,Low/Plains,0.59,0.8,2026-04-10,OCMS_Historical,Under Implementation,1,1
PAIMANA-SEC_ATOM-2021-2756,Fast Breeder Reactor & Reprocessing Facility at Tirupati,DAE,Department of Atomic Energy,SEC_ATOM,Atomic Energy & Nuclear Power,Andhra Pradesh,South,BHAVINI,15.7282,80.0693,4232.64,5185.56,952.92,22.51,2052.96,39.6,60.5,2021-07-17,2026-07-15,2030-04-13,60,45,95.0,42,26,12,1385,69.1,45.9,Approved,4.2,4,488.53,Low/Plains,0.2,0.42,2026-04-10,PAIMANA_Live,Under Implementation,1,1
PAIMANA-SEC_HEALTH-2014-2757,All India Institute of Medical Sciences (AIIMS) 750-Bed Super-Specialty Campus at Guntur,MoHFW,Ministry of Health and Family Welfare,SEC_HEALTH,AIIMS & Super-Specialty Medical Infra,Andhra Pradesh,South,MoHFW/HSCC,15.4257,79.2384,1007.3,1196.45,189.15,18.78,546.06,45.6,71.2,2014-09-21,2017-10-19,2020-03-18,37,29,150.0,31,31,1,867,424.0,70.2,Approved,5.8,0,0.0,Moderate/Plateau,0.6,0.64,2026-04-10,OCMS_Historical,Under Implementation,1,1
PAIMANA-SEC_HEAVY-2015-2758,Heavy Electrical Equipment & Gas Turbine Manufacturing Facility at Ahmedabad,MHI,Ministry of Heavy Industries,SEC_HEAVY,Heavy Engineering & Capital Goods,Gujarat,West,BHEL,22.2882,71.0649,2837.95,3224.33,386.38,13.61,1717.69,53.3,87.9,2015-06-10,2019-08-08,2021-02-05,50,18,150.0,12,12,1,551,416.9,29.9,Approved,9.6,0,0.0,Low/Plains,0.84,0.25,2026-04-10,OCMS_Historical,Nearing Completion,1,1
PAIMANA-SEC_ATOM-2018-2759,Fast Breeder Reactor & Reprocessing Facility at Rajkot,DAE,Department of Atomic Energy,SEC_ATOM,Atomic Energy & Nuclear Power,Gujarat,West,BHAVINI,22.2012,71.7658,5309.6,6102.95,793.35,14.94,3393.84,55.6,83.6,2018-08-23,2023-02-19,2024-10-19,54,20,150.0,31,31,1,642,1788.0,43.4,Exempted,6.2,0,0.0,Low/Plains,0.53,0.43,2026-04-10,OCMS_Historical,Under Implementation,1,1
PAIMANA-SEC_LOG-2020-2760,Central Freight Logistics & Cold Chain Infrastructure Hub at Kanpur,MoRTH,Ministry of Road Transport and Highways,SEC_LOG,Multimodal Logistics Parks (MMLP),Uttar Pradesh,North,CONCOR,26.9912,80.909,4002.9,4502.57,499.67,12.48,2272.58,50.5,79.1,2020-02-02,2024-03-01,2026-07-30,49,29,150.0,24,24,1,869,621.8,90.5,Approved,7.8,2,221.8,Low/Plains,0.68,0.34,2026-04-10,PAIMANA_Live,Under Implementation,1,1
PAIMANA-SEC_SMART-2019-2761,Special Investment Region Trunk Infrastructure & Utilities at Aurangabad,MoHUA,Ministry of Housing and Urban Affairs,SEC_SMART,Smart Cities & Industrial Corridors,Maharashtra,West,Dholera/DMIC,20.1215,75.9901,5451.1,6709.78,1258.68,23.09,3162.88,47.1,78.8,2019-06-22,2025-03-19,2027-09-17,69,30,118.7,24,24,1,885,1135.2,71.9,Approved,5.5,0,0.0,High/Himalayan/Riverine,0.67,0.27,2026-04-10,OCMS_Historical,Under Implementation,1,1
PAIMANA-SEC_WATER-2014-2762,Comprehensive Sewage Treatment & River Cleaning Mission at Rajkot,MoHUA,Ministry of Housing and Urban Affairs,SEC_WATER,Water Supply & Urban Sanitation,Gujarat,West,NMCG,22.6931,71.5738,2323.03,2708.16,385.13,16.58,1421.11,52.5,81.8,2014-10-14,2018-08-12,2020-10-10,46,26,150.0,33,33,1,767,1094.4,92.7,Approved,4.9,0,0.0,Low/Plains,0.68,0.78,2026-04-10,OCMS_Historical,Under Implementation,1,1
PAIMANA-SEC_LOG-2018-2763,Central Freight Logistics & Cold Chain Infrastructure Hub at Salem,MoRTH,Ministry of Road Transport and Highways,SEC_LOG,Multimodal Logistics Parks (MMLP),Tamil Nadu,South,CONCOR,10.9288,78.5902,1233.08,1485.61,252.53,20.48,578.02,38.9,63.6,2018-04-23,2020-07-21,2023-10-19,27,39,150.0,38,38,1,1165,1507.1,66.1,Stage-I,3.3,1,212.1,Low/Plains,0.74,0.5,2026-04-10,OCMS_Historical,Under Implementation,1,1
PAIMANA-SEC_ATOM-2020-2764,Fast Breeder Reactor & Reprocessing Facility at Guntur,DAE,Department of Atomic Energy,SEC_ATOM,Atomic Energy & Nuclear Power,Andhra Pradesh,South,BHAVINI,15.3411,79.5775,250.57,308.01,57.44,22.92,156.11,50.7,85.4,2020-10-09,2023-06-08,2024-07-07,32,13,150.0,28,28,1,397,484.8,73.1,Approved,9.7,1,332.06,Low/Plains,0.39,0.29,2026-04-10,PAIMANA_Live,Nearing Completion,1,1
PAIMANA-SEC_IRR-2021-2765,Lift Irrigation & Pressurized Piped Distribution Network in Raipur,DoWR,"Department of Water Resources, RD & GR",SEC_IRR,National River Link & Irrigation,Chhattisgarh,Central,WRD,21.719,81.3051,908.55,1103.67,195.12,21.48,430.19,39.0,65.4,2021-03-20,2022-10-18,2025-06-16,19,32,150.0,47,47,1,965,927.3,69.5,Stage-I,5.2,0,0.0,Moderate/Plateau,0.46,0.84,2026-04-10,PAIMANA_Live,Under Implementation,1,1
PAIMANA-SEC_CHEM-2022-2766,Petrochemical Derivative & Polymer Manufacturing Unit at Mangaluru,MoCF,Ministry of Chemicals and Fertilizers,SEC_CHEM,Fertilizer Plants & Petrochemicals,Karnataka,South,HURL,15.8199,76.0876,515.18,594.57,79.39,15.41,255.1,42.9,72.0,2022-01-12,2023-12-12,2025-05-11,23,17,150.0,46,46,1,532,511.3,84.1,Approved,8.7,0,0.0,Low/Plains,0.23,0.87,2026-04-10,PAIMANA_Live,Under Implementation,1,1
PAIMANA-SEC_HWY-2021-2767,Delhi-Mumbai Expressway Package 11 (Angul-Rourkela Section),MoRTH,Ministry of Road Transport and Highways,SEC_HWY,Highways & Expressways,Odisha,East,NHAI,21.3143,85.5539,9027.24,10952.84,1925.6,21.33,2854.16,26.1,44.4,2021-04-15,2028-10-11,2031-03-11,90,29,66.7,15,10,1,877,1720.1,35.0,Approved,5.1,0,0.0,Low/Plains,0.4,0.42,2026-04-10,PAIMANA_Live,Under Implementation,1,1
PAIMANA-SEC_WATER-2019-2768,Comprehensive Sewage Treatment & River Cleaning Mission at Anand Vihar,MoHUA,Ministry of Housing and Urban Affairs,SEC_WATER,Water Supply & Urban Sanitation,Delhi NCR,North,NMCG,29.2842,77.4489,971.18,974.05,2.87,0.3,633.91,65.1,100.0,2019-09-08,2022-09-06,2022-09-06,36,0,150.0,40,40,0,0,1055.4,96.4,Approved,7.7,0,0.0,Low/Plains,0.31,0.2,2026-04-10,OCMS_Historical,Commissioned,0,0
PAIMANA-SEC_ATOM-2020-2769,Fast Breeder Reactor & Reprocessing Facility at Jamnagar,DAE,Department of Atomic Energy,SEC_ATOM,Atomic Energy & Nuclear Power,Gujarat,West,BHAVINI,22.3723,71.5315,1290.33,1393.34,103.01,7.98,868.65,62.3,100.0,2020-12-02,2023-05-02,2023-05-02,29,0,150.0,25,25,0,0,201.2,83.0,Approved,6.1,1,113.62,Low/Plains,0.46,0.42,2026-04-10,PAIMANA_Live,Commissioned,0,0
PAIMANA-SEC_LOG-2018-2770,Multimodal Logistics Park (MMLP) with Inland Container Depot at Aurangabad,MoRTH,Ministry of Road Transport and Highways,SEC_LOG,Multimodal Logistics Parks (MMLP),Maharashtra,West,NHLML,19.4663,76.1713,1938.21,2288.19,349.98,18.06,1022.34,44.7,69.4,2018-02-02,2020-07-02,2022-12-31,29,30,150.0,13,13,1,887,460.5,77.7,Stage-I,5.0,0,0.0,Low/Plains,0.35,0.61,2026-04-10,OCMS_Historical,Under Implementation,1,1
PAIMANA-SEC_CHEM-2023-2771,Petrochemical Derivative & Polymer Manufacturing Unit at Mangaluru,MoCF,Ministry of Chemicals and Fertilizers,SEC_CHEM,Fertilizer Plants & Petrochemicals,Karnataka,South,HURL,14.7448,76.0842,1196.35,1367.26,170.91,14.29,583.35,42.7,62.8,2023-11-16,2026-02-13,2028-01-13,27,23,107.4,45,42,1,702,658.8,92.5,Approved,5.8,1,70.17,Low/Plains,0.46,0.82,2026-04-10,PAIMANA_Live,Under Implementation,1,1
PAIMANA-SEC_TEL-2016-2772,BharatNet Rural Optical Fiber Network Phase-2 across Mokokchung,DoT,Department of Telecommunications,SEC_TEL,Telecommunication & BharatNet Fiber,Nagaland,North-East,BBNL,26.0374,94.0762,5743.97,6953.88,1209.91,21.06,3352.22,48.2,78.2,2016-07-02,2021-08-29,2024-06-27,62,34,150.0,41,41,1,1026,230.7,79.7,Stage-II Pending,7.6,1,332.92,Moderate/Plateau,0.81,0.85,2026-04-10,OCMS_Historical,Under Implementation,1,1
PAIMANA-SEC_COAL-2023-2773,Mechanized Coal Washery & Pithead Rail Dispatch Facility (Warangal),MoCoal,Ministry of Coal,SEC_COAL,Coal Mining & Washeries,Telangana,South,BCCL,17.9138,79.2514,635.3,758.31,123.01,19.36,274.77,36.2,61.0,2023-02-05,2025-01-04,2027-11-03,23,34,150.0,43,43,1,1048,709.8,92.8,Stage-II Pending,3.8,0,0.0,Low/Plains,0.46,0.48,2026-04-10,PAIMANA_Live,Under Implementation,1,1
PAIMANA-SEC_HWY-2021-2774,Trans-Himalayan Highway Multi-Lane Tunnel & Approach Roads near Nagpur,MoRTH,Ministry of Road Transport and Highways,SEC_HWY,Highways & Expressways,Maharashtra,West,NHIDCL,19.3975,75.7593,1380.89,1488.44,107.55,7.79,949.63,63.8,100.0,2021-10-03,2023-10-02,2023-10-02,24,0,150.0,37,37,0,0,1622.2,87.6,Approved,6.6,1,248.96,Moderate/Plateau,0.49,0.32,2026-04-10,PAIMANA_Live,Commissioned,0,0
PAIMANA-SEC_INLAND-2018-2775,National Waterway NW-88 Multimodal Navigation Terminal at Rourkela,MoPSW,"Ministry of Ports, Shipping and Waterways",SEC_INLAND,National Waterways & River Ports,Odisha,East,IWAI,20.6934,85.3126,566.94,573.93,6.99,1.23,377.66,65.8,100.0,2018-08-17,2020-08-15,2020-08-15,24,0,150.0,44,44,0,0,1115.0,91.7,Approved,7.0,0,0.0,Low/Plains,0.66,0.28,2026-04-10,OCMS_Historical,Commissioned,0,0
PAIMANA-SEC_AIR-2018-2776,Regional Airport Modernization & Runway Extension under UDAN at Thiruvananthapuram,MoCA,Ministry of Civil Aviation,SEC_AIR,Regional & Greenfield Airports,Kerala,South,AAI,10.8414,76.2942,327.53,396.38,68.85,21.02,188.56,47.6,73.5,2018-10-05,2021-03-04,2023-07-03,29,28,150.0,23,23,1,832,443.4,66.9,Stage-I,3.9,2,181.27,Low/Plains,0.27,0.32,2026-04-10,OCMS_Historical,Under Implementation,1,1
PAIMANA-SEC_HEAVY-2022-2777,Heavy Electrical Equipment & Gas Turbine Manufacturing Facility at Bongaigaon,MHI,Ministry of Heavy Industries,SEC_HEAVY,Heavy Engineering & Capital Goods,Assam,North-East,BHEL,25.641,93.0892,641.9,700.22,58.32,9.09,441.43,63.0,100.0,2022-05-09,2024-06-07,2024-06-07,25,0,150.0,14,14,0,0,917.2,84.4,Approved,4.8,0,0.0,Moderate/Plateau,0.67,0.74,2026-04-10,PAIMANA_Live,Commissioned,0,0
PAIMANA-SEC_TEL-2020-2778,National 5G High-Density Core Network Infrastructure in Chennai,DoT,Department of Telecommunications,SEC_TEL,Telecommunication & BharatNet Fiber,Tamil Nadu,South,BSNL,10.5527,78.7774,1108.12,1204.25,96.13,8.68,680.25,56.5,82.8,2020-01-28,2022-07-28,2023-06-27,30,11,150.0,21,21,1,362,252.8,65.5,Approved,8.2,0,0.0,Moderate/Plateau,0.15,0.56,2026-04-10,PAIMANA_Live,Under Implementation,0,1
PAIMANA-SEC_REN-2017-2779,Ultra Mega Solar Park (30 MW) with Battery Storage at Nizamabad,MNRE,Ministry of New and Renewable Energy,SEC_REN,Solar & Renewable Green Energy,Telangana,South,SECI,18.6217,78.4502,763.39,890.23,126.84,16.62,399.31,44.9,75.5,2017-06-28,2019-12-27,2021-08-26,30,20,150.0,34,34,1,586,921.1,63.9,Approved,3.6,0,0.0,Low/Plains,0.76,0.77,2026-04-10,OCMS_Historical,Under Implementation,1,1
PAIMANA-SEC_PWR_GEN-2023-2780,Ultra Mega Supercritical Thermal Power Project (70x800 MW) at Jaipur,MoP,Ministry of Power,SEC_PWR_GEN,Thermal & Hydro Power Generation,Rajasthan,North,NTPC,26.5754,74.7082,594.55,643.13,48.58,8.17,397.45,61.8,100.0,2023-06-07,2024-12-05,2024-12-05,18,0,150.0,47,47,0,0,360.0,87.4,Approved,7.2,0,0.0,High/Himalayan/Riverine,0.26,0.66,2026-04-10,PAIMANA_Live,Commissioned,0,0
PAIMANA-SEC_AIR-2022-2781,Regional Airport Modernization & Runway Extension under UDAN at Pan-India Grid,MoCA,Ministry of Civil Aviation,SEC_AIR,Regional & Greenfield Airports,Multi-State / National,National,AAI,22.1043,79.0305,301.75,333.23,31.48,10.43,168.27,50.5,81.8,2022-02-26,2023-08-27,2024-04-26,18,8,150.0,48,48,1,244,1512.0,96.3,Stage-I,7.3,0,0.0,Moderate/Plateau,0.33,0.77,2026-04-10,PAIMANA_Live,Under Implementation,0,1
PAIMANA-SEC_PWR_GEN-2018-2782,Subansiri/Tehri Stage-II Hydroelectric Dam & Powerhouse (Kalaburagi),MoP,Ministry of Power,SEC_PWR_GEN,Thermal & Hydro Power Generation,Karnataka,South,SJVN,15.7396,75.8182,1060.67,1158.96,98.29,9.27,557.69,48.1,78.5,2018-12-11,2021-06-10,2022-07-10,30,13,150.0,27,27,1,429,121.1,76.9,Approved,7.5,0,0.0,Low/Plains,0.81,0.69,2026-04-10,OCMS_Historical,Under Implementation,0,1
PAIMANA-SEC_PWR_TR-2022-2783,Green Energy Corridor Intra-State Transmission Scheme Phase-1 in Rohtak,MoP,Ministry of Power,SEC_PWR_TR,Power Transmission & Grid,Haryana,North,POWERGRID,28.5232,76.1016,274.82,313.84,39.02,14.2,188.99,60.2,100.0,2022-06-06,2024-07-05,2024-07-05,25,0,150.0,35,35,0,0,902.8,79.6,Approved,3.8,0,0.0,High/Himalayan/Riverine,0.31,0.73,2026-04-10,PAIMANA_Live,Commissioned,1,0
PAIMANA-SEC_LOG-2020-2784,Central Freight Logistics & Cold Chain Infrastructure Hub at Solapur,MoRTH,Ministry of Road Transport and Highways,SEC_LOG,Multimodal Logistics Parks (MMLP),Maharashtra,West,CONCOR,19.188,75.8004,2362.94,2990.85,627.91,26.57,1107.51,37.0,65.7,2020-12-24,2024-04-23,2027-11-21,40,43,150.0,31,31,1,1299,1000.1,63.2,Approved,4.3,2,309.59,Moderate/Plateau,0.55,0.54,2026-04-10,PAIMANA_Live,Under Implementation,1,1
PAIMANA-SEC_INLAND-2018-2785,National Waterway NW-69 Multimodal Navigation Terminal at Gwalior,MoPSW,"Ministry of Ports, Shipping and Waterways",SEC_INLAND,National Waterways & River Ports,Madhya Pradesh,Central,IWAI,22.9863,79.0875,1241.31,1406.11,164.8,13.28,758.27,53.9,80.2,2018-05-14,2020-11-11,2022-06-11,30,19,150.0,14,14,1,583,1453.6,89.7,Approved,7.2,0,0.0,Low/Plains,0.21,0.79,2026-04-10,OCMS_Historical,Under Implementation,1,1
PAIMANA-SEC_MINE-2016-2786,Copper Ore Underground Mine Expansion Project in Mangaluru,MoMines,Ministry of Mines,SEC_MINE,Strategic Mineral Extraction,Karnataka,South,HCL,15.0579,75.9635,287.42,301.74,14.32,4.98,196.13,65.0,100.0,2016-11-05,2019-03-06,2019-03-06,28,0,150.0,40,40,0,0,1499.9,88.7,Approved,8.1,0,0.0,Low/Plains,0.75,0.26,2026-04-10,OCMS_Historical,Commissioned,0,0
PAIMANA-SEC_PWR_GEN-2017-2787,Pumped Storage Hydroelectric Power Facility (74 MW) in Barmer,MoP,Ministry of Power,SEC_PWR_GEN,Thermal & Hydro Power Generation,Rajasthan,North,NHPC,27.4224,74.3009,855.65,1043.23,187.58,21.92,401.1,38.4,62.1,2017-09-15,2019-07-15,2022-08-12,22,37,150.0,30,30,1,1133,1117.5,70.4,Stage-II Pending,4.0,1,310.72,Low/Plains,0.82,0.76,2026-04-10,OCMS_Historical,Under Implementation,1,1
PAIMANA-SEC_WATER-2021-2788,Urban 24x7 Water Supply & Advanced Smart Grid Pipeline in Vadodara,MoHUA,Ministry of Housing and Urban Affairs,SEC_WATER,Water Supply & Urban Sanitation,Gujarat,West,Jal Nigam,22.5905,71.1095,561.75,626.93,65.18,11.6,288.47,46.0,76.1,2021-05-24,2022-12-22,2023-12-21,19,12,150.0,39,39,1,395,759.5,72.0,Approved,9.7,0,0.0,Low/Plains,0.91,0.32,2026-04-10,PAIMANA_Live,Under Implementation,1,1
PAIMANA-SEC_PORT-2023-2789,Port Connectivity Dedicated Rail-Sea Multimodal Corridor at Bengaluru,MoPSW,"Ministry of Ports, Shipping and Waterways",SEC_PORT,Major Ports & Maritime Channels,Karnataka,South,Sagarmala Dev,14.8412,76.2016,1554.37,1738.31,183.94,11.83,772.47,44.4,70.9,2023-12-26,2025-12-24,2027-05-24,24,17,115.4,36,35,1,526,777.3,74.2,Stage-I,6.1,0,0.0,Low/Plains,0.21,0.46,2026-04-10,PAIMANA_Live,Under Implementation,1,1
PAIMANA-SEC_INLAND-2014-2790,National Waterway NW-75 Multimodal Navigation Terminal at Nagpur,MoPSW,"Ministry of Ports, Shipping and Waterways",SEC_INLAND,National Waterways & River Ports,Maharashtra,West,IWAI,20.2991,75.9102,4101.2,4924.27,823.07,20.07,2569.75,52.2,80.1,2014-01-11,2018-06-10,2020-06-08,53,24,150.0,35,35,1,727,1106.7,65.4,Approved,4.6,0,0.0,Moderate/Plateau,0.76,0.73,2026-04-10,OCMS_Historical,Under Implementation,1,1
PAIMANA-SEC_COAL-2019-2791,Coal Bed Methane & Deep Underground Extraction Unit at Tiruchirappalli,MoCoal,Ministry of Coal,SEC_COAL,Coal Mining & Washeries,Tamil Nadu,South,NCDC,10.6224,78.1635,193.29,227.75,34.46,17.83,99.13,43.5,73.9,2019-11-16,2022-01-14,2024-03-14,26,26,150.0,38,38,1,784,1325.6,95.1,Exempted,3.5,0,0.0,Low/Plains,0.35,0.76,2026-04-10,OCMS_Historical,Under Implementation,1,1
PAIMANA-SEC_STEEL-2021-2792,Integrated Steel Plant Modernization & Pelletization Unit at Kakinada,MoSteel,Ministry of Steel,SEC_STEEL,Steel Plants & Metallurgy Units,Andhra Pradesh,South,SAIL,16.1289,79.1833,1280.34,1368.97,88.63,6.92,859.66,62.8,100.0,2021-09-11,2023-12-10,2023-12-10,27,0,150.0,17,17,0,0,1304.8,88.4,Approved,4.1,0,0.0,Low/Plains,0.67,0.78,2026-04-10,PAIMANA_Live,Commissioned,0,0
PAIMANA-SEC_LOG-2022-2793,Multimodal Logistics Park (MMLP) with Inland Container Depot at Jodhpur,MoRTH,Ministry of Road Transport and Highways,SEC_LOG,Multimodal Logistics Parks (MMLP),Rajasthan,North,NHLML,27.4333,73.8258,985.83,1017.04,31.21,3.17,674.01,66.3,100.0,2022-09-18,2025-03-18,2025-03-18,30,0,143.1,13,13,0,0,693.7,89.1,Approved,7.3,0,0.0,Low/Plains,0.58,0.41,2026-04-10,PAIMANA_Live,Commissioned,0,0
PAIMANA-SEC_REN-2020-2794,Green Ammonia & Hydrogen Renewable Energy Island at Mysuru,MNRE,Ministry of New and Renewable Energy,SEC_REN,Solar & Renewable Green Energy,Karnataka,South,SECI,14.9208,75.8998,2171.95,2404.38,232.43,10.7,1220.3,50.8,78.1,2020-05-02,2022-10-31,2024-04-30,30,18,150.0,24,24,1,585,421.5,58.4,Approved,8.5,0,0.0,Moderate/Plateau,0.38,0.33,2026-04-10,PAIMANA_Live,Under Implementation,0,1
PAIMANA-SEC_PET-2022-2795,Strategic Petroleum Reserve Underground Rock Caverns at Surat,MoPNG,Ministry of Petroleum and Natural Gas,SEC_PET,Petroleum Pipelines & Refineries,Gujarat,West,ISPRL,21.9378,71.2074,1405.49,1697.79,292.3,20.8,739.89,43.6,71.0,2022-09-20,2025-02-17,2027-09-17,29,31,147.9,45,45,1,963,1024.6,84.6,Stage-II Pending,7.3,0,0.0,Moderate/Plateau,0.74,0.79,2026-04-10,PAIMANA_Live,Under Implementation,1,1
PAIMANA-SEC_PET-2016-2796,Crude Oil Pipeline Augmented Pumping Infrastructure at Tirupati,MoPNG,Ministry of Petroleum and Natural Gas,SEC_PET,Petroleum Pipelines & Refineries,Andhra Pradesh,South,HPCL,16.032,79.6609,561.85,664.88,103.03,18.34,308.55,46.4,70.5,2016-05-06,2018-09-04,2021-05-03,28,32,150.0,39,39,1,991,704.4,95.0,Stage-II Pending,5.6,1,232.3,Moderate/Plateau,0.65,0.36,2026-04-10,OCMS_Historical,Under Implementation,1,1
PAIMANA-SEC_METRO-2021-2797,Urban Light Rail Transit / MetroLite System for Inter-State Hub Smart City,MoHUA,Ministry of Housing and Urban Affairs,SEC_METRO,Metro Rail & Urban Transit,Multi-State / National,National,Metro Rail Corp,22.5187,78.7087,847.68,973.18,125.5,14.81,474.53,48.8,76.4,2021-10-26,2024-02-24,2025-12-23,28,22,150.0,45,45,1,697,129.3,76.8,Stage-I,9.2,0,0.0,Moderate/Plateau,0.94,0.88,2026-04-10,PAIMANA_Live,Under Implementation,1,1
PAIMANA-SEC_HEAVY-2017-2798,Heavy Electrical Equipment & Gas Turbine Manufacturing Facility at Ayodhya,MHI,Ministry of Heavy Industries,SEC_HEAVY,Heavy Engineering & Capital Goods,Uttar Pradesh,North,BHEL,27.1575,81.3625,538.82,645.71,106.89,19.84,268.94,41.7,70.7,2017-10-20,2019-12-19,2021-12-17,26,24,150.0,27,27,1,756,90.6,78.1,Approved,5.3,0,0.0,High/Himalayan/Riverine,0.3,0.6,2026-04-10,OCMS_Historical,Under Implementation,1,1
PAIMANA-SEC_LOG-2020-2799,Multimodal Logistics Park (MMLP) with Inland Container Depot at Patna,MoRTH,Ministry of Road Transport and Highways,SEC_LOG,Multimodal Logistics Parks (MMLP),Bihar,East,NHLML,25.2941,85.493,3190.12,3346.32,156.2,4.9,2078.54,62.1,100.0,2020-05-25,2024-12-22,2024-12-22,55,0,128.6,36,35,0,0,1038.0,90.7,Approved,7.5,0,0.0,Moderate/Plateau,0.54,0.22,2026-04-10,PAIMANA_Live,Commissioned,0,0
PAIMANA-SEC_INLAND-2016-2800,Fairway Development & River Ro-Ro Terminal Facility in Rourkela,MoPSW,"Ministry of Ports, Shipping and Waterways",SEC_INLAND,National Waterways & River Ports,Odisha,East,IWAI,20.8481,85.6024,1171.28,1354.57,183.29,15.65,651.8,48.1,75.7,2016-05-13,2019-07-12,2021-05-10,38,22,150.0,43,43,1,674,398.9,71.4,Approved,4.8,1,207.05,Low/Plains,0.39,0.48,2026-04-10,OCMS_Historical,Under Implementation,1,1
PAIMANA-SEC_MINE-2019-2801,Copper Ore Underground Mine Expansion Project in Nizamabad,MoMines,Ministry of Mines,SEC_MINE,Strategic Mineral Extraction,Telangana,South,HCL,17.9748,79.2317,6986.52,7405.19,418.67,5.99,4562.44,61.6,95.9,2019-08-17,2025-10-13,2025-10-13,74,0,108.2,15,15,0,0,1189.9,82.7,Approved,5.0,0,0.0,Moderate/Plateau,0.44,0.86,2026-04-10,OCMS_Historical,Nearing Completion,0,0
PAIMANA-SEC_RLY-2019-2802,New Broad Gauge Rail Link Inter-State Hub to National Corridor with Major Bridges,MoR,Ministry of Railways,SEC_RLY,Railways & High-Speed Rail,Multi-State / National,National,RVNL,21.8933,78.7064,1083.53,1358.26,274.73,25.36,527.53,38.8,65.9,2019-06-03,2021-06-01,2024-03-30,24,34,150.0,37,37,1,1021,1583.4,59.2,Approved,6.5,1,163.76,Low/Plains,0.44,0.7,2026-04-10,OCMS_Historical,Under Implementation,1,1
PAIMANA-SEC_WATER-2019-2803,Comprehensive Sewage Treatment & River Cleaning Mission at Ambala,MoHUA,Ministry of Housing and Urban Affairs,SEC_WATER,Water Supply & Urban Sanitation,Haryana,North,NMCG,28.8498,76.2435,585.59,660.93,75.34,12.87,325.96,49.3,78.1,2019-04-09,2021-04-07,2022-10-06,24,18,150.0,23,23,1,530,1425.5,86.6,Stage-I,7.4,0,0.0,Moderate/Plateau,0.33,0.65,2026-04-10,OCMS_Historical,Under Implementation,1,1
PAIMANA-SEC_PET-2023-2804,Strategic Petroleum Reserve Underground Rock Caverns at Darbhanga,MoPNG,Ministry of Petroleum and Natural Gas,SEC_PET,Petroleum Pipelines & Refineries,Bihar,East,ISPRL,25.3476,85.3139,272.48,363.32,90.84,33.34,136.94,37.7,64.9,2023-09-12,2025-03-12,2027-02-09,18,23,150.0,33,33,1,689,55.4,41.1,Approved,9.6,2,510.49,Low/Plains,0.43,0.22,2026-04-10,PAIMANA_Live,Under Implementation,1,1
PAIMANA-SEC_CHEM-2020-2805,Petrochemical Derivative & Polymer Manufacturing Unit at Amritsar,MoCF,Ministry of Chemicals and Fertilizers,SEC_CHEM,Fertilizer Plants & Petrochemicals,Punjab,North,HURL,30.7284,75.465,206.98,267.07,60.09,29.03,101.16,37.9,67.7,2020-07-23,2022-02-20,2023-09-20,19,19,150.0,23,23,1,563,722.0,70.3,Approved,6.2,1,198.21,High/Himalayan/Riverine,0.74,0.74,2026-04-10,PAIMANA_Live,Under Implementation,1,1
PAIMANA-SEC_MINE-2018-2806,Copper Ore Underground Mine Expansion Project in Belagavi,MoMines,Ministry of Mines,SEC_MINE,Strategic Mineral Extraction,Karnataka,South,HCL,14.976,76.1982,254.85,264.64,9.79,3.84,133.65,50.5,80.2,2018-06-15,2020-05-14,2021-02-11,23,9,150.0,38,38,1,309,1683.5,96.3,Approved,6.4,0,0.0,Low/Plains,0.19,0.4,2026-04-10,OCMS_Historical,Under Implementation,0,1
PAIMANA-SEC_MINE-2017-2807,Strategic Rare Earth & Bauxite Mining Complex at Siliguri,MoMines,Ministry of Mines,SEC_MINE,Strategic Mineral Extraction,West Bengal,East,NALCO,22.7938,88.378,1479.38,1725.6,246.22,16.64,662.31,38.4,59.7,2017-01-10,2018-12-10,2021-12-08,23,36,150.0,42,42,1,1079,890.2,67.2,Stage-II Pending,7.2,1,170.44,Moderate/Plateau,0.6,0.24,2026-04-10,OCMS_Historical,Under Implementation,1,1
PAIMANA-SEC_IRR-2015-2808,Lift Irrigation & Pressurized Piped Distribution Network in Surat,DoWR,"Department of Water Resources, RD & GR",SEC_IRR,National River Link & Irrigation,Gujarat,West,WRD,22.6858,70.803,1861.05,2342.58,481.53,25.87,1002.09,42.8,67.0,2015-05-15,2018-02-11,2020-11-10,33,33,150.0,21,21,1,1014,291.3,78.5,Stage-II Pending,5.5,1,222.53,High/Himalayan/Riverine,0.37,0.87,2026-04-10,OCMS_Historical,Under Implementation,1,1
PAIMANA-SEC_COAL-2020-2809,Open Cast Coal Mining Project (84 MTPA) with High-Capacity Conveyors at Bokaro,MoCoal,Ministry of Coal,SEC_COAL,Coal Mining & Washeries,Jharkhand,East,CIL,24.0802,85.5768,255.56,295.99,40.43,15.82,119.03,40.2,67.4,2020-02-14,2022-03-15,2024-08-12,25,29,150.0,33,32,1,871,1157.6,72.8,Approved,4.6,0,0.0,Moderate/Plateau,0.95,0.49,2026-04-10,PAIMANA_Live,Under Implementation,1,1
PAIMANA-SEC_PWR_GEN-2021-2810,Ultra Mega Supercritical Thermal Power Project (93x800 MW) at Salem,MoP,Ministry of Power,SEC_PWR_GEN,Thermal & Hydro Power Generation,Tamil Nadu,South,NTPC,11.1542,79.0762,2686.23,3321.41,635.18,23.65,1229.73,37.0,65.3,2021-12-11,2024-12-09,2029-01-06,36,49,145.0,12,12,1,1490,1078.6,82.7,Stage-II Pending,4.0,3,247.04,Low/Plains,0.39,0.33,2026-04-10,PAIMANA_Live,Under Implementation,1,1
PAIMANA-SEC_IRR-2023-2811,Lift Irrigation & Pressurized Piped Distribution Network in Bhagalpur,DoWR,"Department of Water Resources, RD & GR",SEC_IRR,National River Link & Irrigation,Bihar,East,WRD,24.8931,85.6943,725.38,885.5,160.12,22.07,353.91,40.0,63.2,2023-04-26,2025-02-22,2028-05-22,22,39,150.0,27,27,1,1203,909.1,29.8,Stage-II Pending,3.7,0,0.0,Low/Plains,0.59,0.57,2026-04-10,PAIMANA_Live,Under Implementation,1,1
PAIMANA-SEC_IRR-2023-2812,Lift Irrigation & Pressurized Piped Distribution Network in Prayagraj,DoWR,"Department of Water Resources, RD & GR",SEC_IRR,National River Link & Irrigation,Uttar Pradesh,North,WRD,26.2762,81.2111,1319.57,1489.81,170.24,12.9,660.63,44.3,72.1,2023-05-07,2025-07-05,2027-03-05,26,20,135.9,18,18,1,594,1378.2,69.2,Approved,9.0,1,130.83,Moderate/Plateau,0.72,0.35,2026-04-10,PAIMANA_Live,Under Implementation,1,1
PAIMANA-SEC_AIR-2015-2813,Greenfield International Airport Terminal-34 & Parallel Runway at Rourkela,MoCA,Ministry of Civil Aviation,SEC_AIR,Regional & Greenfield Airports,Odisha,East,AAI,20.3595,85.0769,5309.31,6169.23,859.92,16.2,3155.37,51.1,83.8,2015-11-03,2021-03-01,2022-07-30,64,17,150.0,31,31,1,501,994.1,59.3,Approved,8.3,1,157.91,High/Himalayan/Riverine,0.19,0.34,2026-04-10,OCMS_Historical,Under Implementation,1,1
PAIMANA-SEC_TEL-2018-2814,BharatNet Rural Optical Fiber Network Phase-4 across Salem,DoT,Department of Telecommunications,SEC_TEL,Telecommunication & BharatNet Fiber,Tamil Nadu,South,BBNL,11.5212,78.9529,2690.83,2921.74,230.91,8.58,1527.69,52.3,81.4,2018-04-15,2021-02-11,2022-08-12,34,18,150.0,12,12,1,550,1144.5,94.4,Approved,6.9,0,0.0,Moderate/Plateau,0.49,0.3,2026-04-10,OCMS_Historical,Under Implementation,0,1
PAIMANA-SEC_IRR-2014-2815,National River Interlinking Canal & Barrage System (Tuticorin-Salem),DoWR,"Department of Water Resources, RD & GR",SEC_IRR,National River Link & Irrigation,Tamil Nadu,South,NWDA,11.1621,78.6017,889.36,1103.25,213.89,24.05,455.86,41.3,63.9,2014-02-27,2016-02-26,2018-09-25,24,31,150.0,33,33,1,970,738.1,58.7,Approved,3.2,1,134.25,Low/Plains,0.48,0.71,2026-04-10,OCMS_Historical,Under Implementation,1,1
PAIMANA-SEC_HEAVY-2021-2816,Heavy Electrical Equipment & Gas Turbine Manufacturing Facility at Mysuru,MHI,Ministry of Heavy Industries,SEC_HEAVY,Heavy Engineering & Capital Goods,Karnataka,South,BHEL,15.153,76.1043,492.24,529.94,37.7,7.66,338.51,63.9,100.0,2021-06-02,2023-08-01,2023-08-01,26,0,150.0,18,18,0,0,999.8,91.6,Stage-II Pending,4.3,0,0.0,Moderate/Plateau,0.9,0.5,2026-04-10,PAIMANA_Live,Commissioned,0,0
PAIMANA-SEC_PET-2020-2817,Crude Oil Pipeline Augmented Pumping Infrastructure at Kanpur,MoPNG,Ministry of Petroleum and Natural Gas,SEC_PET,Petroleum Pipelines & Refineries,Uttar Pradesh,North,HPCL,26.7095,81.1912,157.0,223.65,66.65,42.45,97.0,43.4,76.8,2020-10-25,2023-04-25,2024-08-23,30,16,150.0,24,24,1,502,324.5,92.6,Stage-I,8.7,2,411.61,High/Himalayan/Riverine,0.53,0.62,2026-04-10,PAIMANA_Live,Under Implementation,1,1
PAIMANA-SEC_INLAND-2018-2818,Fairway Development & River Ro-Ro Terminal Facility in Jabalpur,MoPSW,"Ministry of Ports, Shipping and Waterways",SEC_INLAND,National Waterways & River Ports,Madhya Pradesh,Central,IWAI,22.5893,78.0717,579.64,619.06,39.42,6.8,379.74,61.3,100.0,2018-06-27,2020-02-25,2020-02-25,20,0,150.0,33,32,0,0,178.8,92.4,Approved,3.4,1,101.67,Low/Plains,0.69,0.79,2026-04-10,OCMS_Historical,Commissioned,0,0
PAIMANA-SEC_HEALTH-2019-2819,All India Institute of Medical Sciences (AIIMS) 750-Bed Super-Specialty Campus at Tuticorin,MoHFW,Ministry of Health and Family Welfare,SEC_HEALTH,AIIMS & Super-Specialty Medical Infra,Tamil Nadu,South,MoHFW/HSCC,11.56,78.0809,939.2,1257.93,318.73,33.94,538.82,42.8,68.7,2019-07-05,2021-07-03,2024-01-01,24,30,150.0,40,40,1,886,1704.2,83.9,Approved,3.8,2,686.49,High/Himalayan/Riverine,0.82,0.79,2026-04-10,OCMS_Historical,Under Implementation,1,1
PAIMANA-SEC_PWR_TR-2014-2820,765kV High Voltage Direct Current (HVDC) Inter-Regional Grid (Ambala-Gurugram),MoP,Ministry of Power,SEC_PWR_TR,Power Transmission & Grid,Haryana,North,PGCIL,29.2872,76.2857,449.34,566.09,116.75,25.98,216.2,38.2,67.0,2014-10-26,2016-08-24,2018-12-23,22,28,150.0,39,39,1,879,414.6,70.0,Stage-II Pending,6.3,1,343.29,Low/Plains,0.89,0.57,2026-04-10,OCMS_Historical,Under Implementation,1,1
PAIMANA-SEC_MINE-2014-2821,Strategic Rare Earth & Bauxite Mining Complex at Bhilai,MoMines,Ministry of Mines,SEC_MINE,Strategic Mineral Extraction,Chhattisgarh,Central,NALCO,21.0817,82.0431,1013.24,1196.71,183.47,18.11,568.03,47.5,75.0,2014-06-28,2017-06-26,2019-02-24,36,20,150.0,41,41,1,635,766.9,86.1,Approved,9.3,0,0.0,High/Himalayan/Riverine,0.87,0.69,2026-04-10,OCMS_Historical,Under Implementation,1,1
PAIMANA-SEC_HEAVY-2020-2822,Heavy Electrical Equipment & Gas Turbine Manufacturing Facility at Bhavnagar,MHI,Ministry of Heavy Industries,SEC_HEAVY,Heavy Engineering & Capital Goods,Gujarat,West,BHEL,22.0836,71.5715,1234.74,1340.26,105.52,8.55,849.12,63.4,100.0,2020-05-14,2022-02-11,2022-02-11,21,0,150.0,43,43,0,0,692.2,87.6,Approved,6.3,1,283.62,Low/Plains,0.44,0.29,2026-04-10,PAIMANA_Live,Commissioned,0,0
PAIMANA-SEC_PWR_TR-2017-2823,765kV High Voltage Direct Current (HVDC) Inter-Regional Grid (Kharagpur-Haldia),MoP,Ministry of Power,SEC_PWR_TR,Power Transmission & Grid,West Bengal,East,PGCIL,22.982,87.382,927.04,998.84,71.8,7.75,637.52,63.8,100.0,2017-06-13,2019-08-12,2019-08-12,26,0,150.0,48,48,0,0,380.9,84.7,Approved,4.0,0,0.0,Moderate/Plateau,0.22,0.64,2026-04-10,OCMS_Historical,Commissioned,0,0
PAIMANA-SEC_IRR-2018-2824,Lift Irrigation & Pressurized Piped Distribution Network in Guntur,DoWR,"Department of Water Resources, RD & GR",SEC_IRR,National River Link & Irrigation,Andhra Pradesh,South,WRD,16.3489,79.8771,619.0,678.86,59.86,9.67,344.67,50.8,81.5,2018-12-17,2021-05-16,2022-03-16,29,10,150.0,42,42,1,331,1452.5,86.2,Stage-I,8.5,0,0.0,Low/Plains,0.56,0.4,2026-04-10,OCMS_Historical,Under Implementation,0,1
PAIMANA-SEC_HEAVY-2019-2825,Heavy Electrical Equipment & Gas Turbine Manufacturing Facility at Nagpur,MHI,Ministry of Heavy Industries,SEC_HEAVY,Heavy Engineering & Capital Goods,Maharashtra,West,BHEL,19.9879,76.1844,1347.26,1555.95,208.69,15.49,680.21,43.7,73.3,2019-11-18,2022-06-17,2024-08-15,31,26,150.0,25,25,1,803,154.4,74.3,Approved,5.2,0,0.0,Low/Plains,0.18,0.49,2026-04-10,OCMS_Historical,Under Implementation,1,1
PAIMANA-SEC_WATER-2023-2826,Urban 24x7 Water Supply & Advanced Smart Grid Pipeline in Jaipur,MoHUA,Ministry of Housing and Urban Affairs,SEC_WATER,Water Supply & Urban Sanitation,Rajasthan,North,Jal Nigam,26.6839,74.003,1746.64,1844.13,97.49,5.58,890.44,48.3,76.6,2023-02-05,2026-03-05,2027-02-02,37,11,103.6,43,42,1,352,1360.8,93.1,Approved,6.6,0,0.0,Low/Plains,0.53,0.31,2026-04-10,PAIMANA_Live,Under Implementation,0,1
PAIMANA-SEC_ATOM-2022-2827,Fast Breeder Reactor & Reprocessing Facility at Kharagpur,DAE,Department of Atomic Energy,SEC_ATOM,Atomic Energy & Nuclear Power,West Bengal,East,BHAVINI,22.5355,87.4786,407.37,494.94,87.57,21.5,194.05,39.2,67.1,2022-03-17,2024-09-14,2027-08-14,30,35,150.0,35,34,1,1046,187.4,57.8,Approved,5.7,2,53.37,Low/Plains,0.91,0.88,2026-04-10,PAIMANA_Live,Under Implementation,1,1
PAIMANA-SEC_REN-2020-2828,Ultra Mega Solar Park (60 MW) with Battery Storage at Warangal,MNRE,Ministry of New and Renewable Energy,SEC_REN,Solar & Renewable Green Energy,Telangana,South,SECI,18.2861,79.0321,4385.21,4663.49,278.28,6.35,2689.24,57.7,87.7,2020-10-28,2026-03-27,2026-03-27,65,0,101.0,24,20,0,0,437.6,79.6,Approved,3.5,0,0.0,Low/Plains,0.52,0.75,2026-04-10,PAIMANA_Live,Nearing Completion,0,0
PAIMANA-SEC_STEEL-2014-2829,Integrated Steel Plant Modernization & Pelletization Unit at Jabalpur,MoSteel,Ministry of Steel,SEC_STEEL,Steel Plants & Metallurgy Units,Madhya Pradesh,Central,SAIL,22.4624,78.2075,1045.18,1179.79,134.61,12.88,608.1,51.5,81.1,2014-04-19,2016-08-17,2018-01-15,28,17,150.0,40,40,1,515,70.3,69.4,Stage-I,7.5,1,104.43,Low/Plains,0.83,0.21,2026-04-10,OCMS_Historical,Under Implementation,1,1
PAIMANA-SEC_AIR-2017-2830,Regional Airport Modernization & Runway Extension under UDAN at Haldia,MoCA,Ministry of Civil Aviation,SEC_AIR,Regional & Greenfield Airports,West Bengal,East,AAI,22.7128,87.2966,1168.54,1386.12,217.58,18.62,547.31,39.5,68.1,2017-05-21,2019-12-19,2023-03-18,31,39,150.0,25,25,1,1159,1479.8,95.5,Approved,8.6,4,99.72,Moderate/Plateau,0.45,0.21,2026-04-10,OCMS_Historical,Under Implementation,1,1
PAIMANA-SEC_COAL-2020-2831,Coal Bed Methane & Deep Underground Extraction Unit at Gorakhpur,MoCoal,Ministry of Coal,SEC_COAL,Coal Mining & Washeries,Uttar Pradesh,North,NCDC,26.6998,81.3383,2249.38,2348.49,99.11,4.41,1546.88,65.9,100.0,2020-10-23,2024-02-21,2024-02-21,40,0,150.0,40,40,0,0,712.5,91.2,Approved,4.8,1,301.01,Low/Plains,0.53,0.65,2026-04-10,PAIMANA_Live,Commissioned,0,0
PAIMANA-SEC_IRR-2014-2832,National River Interlinking Canal & Barrage System (Bengaluru-Mysuru),DoWR,"Department of Water Resources, RD & GR",SEC_IRR,National River Link & Irrigation,Karnataka,South,NWDA,15.747,76.0493,1432.48,1739.49,307.01,21.43,819.3,47.1,78.7,2014-09-18,2017-06-17,2019-05-17,33,23,150.0,32,32,1,724,1173.8,72.6,Approved,7.5,1,52.98,High/Himalayan/Riverine,0.62,0.45,2026-04-10,OCMS_Historical,Under Implementation,1,1
PAIMANA-SEC_LOG-2021-2833,Central Freight Logistics & Cold Chain Infrastructure Hub at Kolkata,MoRTH,Ministry of Road Transport and Highways,SEC_LOG,Multimodal Logistics Parks (MMLP),West Bengal,East,CONCOR,23.302,88.2902,2838.66,3069.36,230.7,8.13,1787.46,58.2,89.8,2021-05-20,2024-09-17,2025-09-16,40,12,147.3,34,34,1,403,1593.0,87.1,Approved,7.9,0,0.0,Low/Plains,0.83,0.72,2026-04-10,PAIMANA_Live,Nearing Completion,0,1
PAIMANA-SEC_LOG-2017-2834,Central Freight Logistics & Cold Chain Infrastructure Hub at Jammu,MoRTH,Ministry of Road Transport and Highways,SEC_LOG,Multimodal Logistics Parks (MMLP),Jammu & Kashmir,North,CONCOR,33.9498,77.021,1507.75,1927.22,419.47,27.82,705.88,36.6,65.0,2017-06-15,2020-04-13,2023-06-12,34,38,150.0,25,25,1,1131,181.0,66.6,Stage-I,4.6,1,209.32,High/Himalayan/Riverine,0.3,0.24,2026-04-10,OCMS_Historical,Under Implementation,1,1
PAIMANA-SEC_WATER-2018-2835,Comprehensive Sewage Treatment & River Cleaning Mission at Kochi,MoHUA,Ministry of Housing and Urban Affairs,SEC_WATER,Water Supply & Urban Sanitation,Kerala,South,NMCG,11.1015,75.8746,641.49,728.32,86.83,13.54,344.91,47.4,69.9,2018-11-06,2021-04-05,2023-08-04,29,28,150.0,23,23,1,843,545.6,73.8,Approved,3.5,0,0.0,Moderate/Plateau,0.86,0.38,2026-04-10,OCMS_Historical,Under Implementation,1,1
PAIMANA-SEC_SMART-2017-2836,Special Investment Region Trunk Infrastructure & Utilities at Pune,MoHUA,Ministry of Housing and Urban Affairs,SEC_SMART,Smart Cities & Industrial Corridors,Maharashtra,West,Dholera/DMIC,20.2626,76.1137,1618.14,1818.26,200.12,12.37,1112.79,61.2,100.0,2017-10-10,2019-10-09,2019-10-09,24,0,150.0,43,43,0,0,726.5,83.5,Stage-II Pending,7.6,1,328.34,High/Himalayan/Riverine,0.57,0.55,2026-04-10,OCMS_Historical,Commissioned,1,0
PAIMANA-SEC_PORT-2021-2837,Port Connectivity Dedicated Rail-Sea Multimodal Corridor at Ramagundam,MoPSW,"Ministry of Ports, Shipping and Waterways",SEC_PORT,Major Ports & Maritime Channels,Telangana,South,Sagarmala Dev,18.2713,79.3051,387.25,447.54,60.29,15.57,192.23,43.0,69.5,2021-11-02,2023-05-03,2024-10-31,18,18,150.0,38,38,1,528,991.9,87.8,Approved,6.0,0,0.0,Low/Plains,0.16,0.56,2026-04-10,PAIMANA_Live,Under Implementation,1,1
PAIMANA-SEC_REN-2014-2838,Offshore & Onshore Hybrid Wind-Solar Power Hub in Pan-India Grid,MNRE,Ministry of New and Renewable Energy,SEC_REN,Solar & Renewable Green Energy,Multi-State / National,National,NTPC-REL,22.2783,79.4888,1272.5,1320.68,48.18,3.79,821.75,62.2,100.0,2014-03-06,2016-10-03,2016-10-03,31,0,150.0,18,18,0,0,980.4,81.7,Approved,8.1,1,206.68,Low/Plains,0.79,0.2,2026-04-10,OCMS_Historical,Commissioned,0,0
PAIMANA-SEC_PORT-2015-2839,Port Connectivity Dedicated Rail-Sea Multimodal Corridor at Patna,MoPSW,"Ministry of Ports, Shipping and Waterways",SEC_PORT,Major Ports & Maritime Channels,Bihar,East,Sagarmala Dev,25.2723,84.8318,1112.14,1284.57,172.43,15.5,634.07,49.4,75.0,2015-04-07,2017-06-05,2018-11-03,26,17,150.0,39,39,1,528,1638.9,53.2,Approved,6.0,0,0.0,Low/Plains,0.93,0.35,2026-04-10,OCMS_Historical,Under Implementation,1,1
PAIMANA-SEC_TEL-2021-2840,BharatNet Rural Optical Fiber Network Phase-3 across Coimbatore,DoT,Department of Telecommunications,SEC_TEL,Telecommunication & BharatNet Fiber,Tamil Nadu,South,BBNL,11.2116,79.1495,941.9,1025.65,83.75,8.89,647.74,63.2,100.0,2021-09-06,2024-10-04,2024-10-04,37,0,149.6,15,15,0,0,1679.8,87.8,Approved,6.1,0,0.0,Moderate/Plateau,0.38,0.85,2026-04-10,PAIMANA_Live,Commissioned,0,0
PAIMANA-SEC_PORT-2022-2841,Greenfield Deep-Water Major Port & Container Terminal Phase-3 at Aurangabad,MoPSW,"Ministry of Ports, Shipping and Waterways",SEC_PORT,Major Ports & Maritime Channels,Maharashtra,West,Port Authority,19.6461,75.2985,1015.87,1102.24,86.37,8.5,600.15,54.4,81.9,2022-02-10,2024-01-10,2024-11-09,23,10,150.0,30,30,1,337,76.1,92.9,Stage-I,7.2,0,0.0,Moderate/Plateau,0.41,0.68,2026-04-10,PAIMANA_Live,Under Implementation,0,1
PAIMANA-SEC_PWR_TR-2016-2842,Substation Automation & GIS Grid Augmentation at Tirupati,MoP,Ministry of Power,SEC_PWR_TR,Power Transmission & Grid,Andhra Pradesh,South,PGCIL,15.7497,79.4968,192.07,212.65,20.58,10.71,97.76,46.0,73.7,2016-12-01,2018-06-01,2019-08-31,18,15,150.0,40,40,1,438,345.7,92.1,Stage-I,4.2,0,0.0,Low/Plains,0.39,0.55,2026-04-10,OCMS_Historical,Under Implementation,0,1
PAIMANA-SEC_PET-2022-2843,Strategic Petroleum Reserve Underground Rock Caverns at Ambala,MoPNG,Ministry of Petroleum and Natural Gas,SEC_PET,Petroleum Pipelines & Refineries,Haryana,North,ISPRL,29.4139,76.3488,681.51,832.34,150.83,22.13,397.95,47.8,72.8,2022-03-15,2024-01-12,2025-09-11,22,20,150.0,19,19,1,641,1318.6,88.7,Approved,7.7,0,0.0,High/Himalayan/Riverine,0.83,0.62,2026-04-10,PAIMANA_Live,Under Implementation,1,1
PAIMANA-SEC_HEALTH-2014-2844,All India Institute of Medical Sciences (AIIMS) 750-Bed Super-Specialty Campus at Patiala,MoHFW,Ministry of Health and Family Welfare,SEC_HEALTH,AIIMS & Super-Specialty Medical Infra,Punjab,North,MoHFW/HSCC,30.8479,75.5995,1253.64,1359.5,105.86,8.44,862.09,63.4,100.0,2014-02-04,2016-06-04,2016-06-04,28,0,150.0,15,15,0,0,1325.4,93.1,Approved,5.4,0,0.0,High/Himalayan/Riverine,0.22,0.54,2026-04-10,OCMS_Historical,Commissioned,0,0
PAIMANA-SEC_HWY-2016-2845,National Highway NH-24 Widening & Bypass at Visakhapatnam,MoRTH,Ministry of Road Transport and Highways,SEC_HWY,Highways & Expressways,Andhra Pradesh,South,MoRTH,15.603,79.6487,1336.05,1649.47,313.42,23.46,678.84,41.2,63.9,2016-03-24,2018-09-22,2021-09-20,30,36,150.0,37,37,1,1118,681.8,41.0,Stage-II Pending,9.5,1,267.52,Low/Plains,0.34,0.8,2026-04-10,OCMS_Historical,Under Implementation,1,1
PAIMANA-SEC_RLY-2021-2846,Dedicated Freight Corridor (Western/Eastern Phase-4) near Durgapur,MoR,Ministry of Railways,SEC_RLY,Railways & High-Speed Rail,West Bengal,East,DFCCIL,23.4227,87.345,432.38,586.69,154.31,35.69,231.9,39.5,64.6,2021-08-13,2023-02-11,2025-07-11,18,29,150.0,31,31,1,895,1203.5,85.9,Exempted,6.9,3,862.44,Moderate/Plateau,0.4,0.41,2026-04-10,PAIMANA_Live,Under Implementation,1,1
PAIMANA-SEC_IRR-2019-2847,Lift Irrigation & Pressurized Piped Distribution Network in Singrauli,DoWR,"Department of Water Resources, RD & GR",SEC_IRR,National River Link & Irrigation,Madhya Pradesh,Central,WRD,23.3386,78.222,3820.09,4612.91,792.82,20.75,2126.35,46.1,79.6,2019-03-26,2023-06-23,2026-01-20,51,31,150.0,15,15,1,971,1447.8,58.9,Approved,5.9,2,270.88,Low/Plains,0.4,0.35,2026-04-10,OCMS_Historical,Under Implementation,1,1
PAIMANA-SEC_PORT-2016-2848,LNG Import Terminal & Marine Jetty Infrastructure at Noida,MoPSW,"Ministry of Ports, Shipping and Waterways",SEC_PORT,Major Ports & Maritime Channels,Uttar Pradesh,North,Petronet,26.469,81.0129,504.08,616.11,112.03,22.22,311.04,50.5,79.7,2016-07-12,2018-08-11,2020-01-09,25,17,150.0,16,16,1,526,1480.5,86.1,Approved,8.6,1,254.09,High/Himalayan/Riverine,0.19,0.67,2026-04-10,OCMS_Historical,Under Implementation,1,1
PAIMANA-SEC_PWR_TR-2022-2849,Substation Automation & GIS Grid Augmentation at Bokaro,MoP,Ministry of Power,SEC_PWR_TR,Power Transmission & Grid,Jharkhand,East,PGCIL,24.1125,85.0089,2883.01,3373.04,490.03,17.0,1499.39,44.5,67.7,2022-03-26,2026-06-23,2028-10-21,51,28,95.5,48,41,6,837,1724.5,84.8,Approved,3.8,0,0.0,Low/Plains,0.63,0.53,2026-04-10,PAIMANA_Live,Under Implementation,1,1
PAIMANA-SEC_INLAND-2017-2850,National Waterway NW-35 Multimodal Navigation Terminal at Jowai,MoPSW,"Ministry of Ports, Shipping and Waterways",SEC_INLAND,National Waterways & River Ports,Meghalaya,North-East,IWAI,25.242,91.3273,1722.34,2041.91,319.57,18.55,967.82,47.4,74.0,2017-06-15,2020-02-12,2022-07-12,32,29,150.0,17,17,1,859,1080.2,70.1,Approved,3.9,0,0.0,Moderate/Plateau,0.36,0.47,2026-04-10,OCMS_Historical,Under Implementation,1,1
PAIMANA-SEC_RLY-2019-2851,Modern Multimodal Railway Terminal & Station Redevelopment at Aurangabad,MoR,Ministry of Railways,SEC_RLY,Railways & High-Speed Rail,Maharashtra,West,RLDA,19.6988,75.7194,621.22,747.91,126.69,20.39,356.13,47.6,72.5,2019-01-27,2021-08-26,2023-11-24,31,27,150.0,12,12,1,841,1482.8,82.5,Stage-I,4.2,0,0.0,Low/Plains,0.16,0.8,2026-04-10,OCMS_Historical,Under Implementation,1,1
PAIMANA-SEC_WATER-2016-2852,Comprehensive Sewage Treatment & River Cleaning Mission at Gwalior,MoHUA,Ministry of Housing and Urban Affairs,SEC_WATER,Water Supply & Urban Sanitation,Madhya Pradesh,Central,NMCG,22.579,79.1372,6199.05,6452.52,253.47,4.09,4263.04,66.1,100.0,2016-02-08,2022-08-06,2022-08-06,78,0,150.0,12,12,0,0,1121.2,75.8,Approved,7.8,0,0.0,Low/Plains,0.57,0.45,2026-04-10,OCMS_Historical,Commissioned,0,0
PAIMANA-SEC_LOG-2019-2853,Multimodal Logistics Park (MMLP) with Inland Container Depot at Kalaburagi,MoRTH,Ministry of Road Transport and Highways,SEC_LOG,Multimodal Logistics Parks (MMLP),Karnataka,South,NHLML,15.2102,75.4842,369.32,425.83,56.51,15.3,177.69,41.7,69.1,2019-06-04,2021-02-01,2022-09-01,20,19,150.0,24,24,1,577,1514.3,69.4,Approved,8.5,0,0.0,Moderate/Plateau,0.65,0.74,2026-04-10,OCMS_Historical,Under Implementation,1,1
PAIMANA-SEC_PWR_TR-2017-2854,Green Energy Corridor Intra-State Transmission Scheme Phase-4 in Kota,MoP,Ministry of Power,SEC_PWR_TR,Power Transmission & Grid,Rajasthan,North,POWERGRID,26.5926,73.9309,2748.48,2893.56,145.08,5.28,1890.11,65.3,100.0,2017-07-08,2021-04-06,2021-04-06,45,0,150.0,34,34,0,0,1741.7,91.6,Approved,9.2,0,0.0,Low/Plains,0.37,0.24,2026-04-10,OCMS_Historical,Commissioned,0,0
PAIMANA-SEC_WATER-2021-2855,Urban 24x7 Water Supply & Advanced Smart Grid Pipeline in Visakhapatnam,MoHUA,Ministry of Housing and Urban Affairs,SEC_WATER,Water Supply & Urban Sanitation,Andhra Pradesh,South,Jal Nigam,16.4463,79.5086,2969.53,3489.04,519.51,17.49,1531.6,43.9,73.9,2021-09-26,2025-10-24,2028-05-23,49,31,111.6,14,14,1,928,1705.7,87.6,Approved,3.6,2,534.53,Low/Plains,0.64,0.28,2026-04-10,PAIMANA_Live,Under Implementation,1,1
PAIMANA-SEC_IRR-2019-2856,National River Interlinking Canal & Barrage System (Faridabad-Hisar),DoWR,"Department of Water Resources, RD & GR",SEC_IRR,National River Link & Irrigation,Haryana,North,NWDA,29.1864,76.6304,606.99,653.56,46.57,7.67,417.42,63.9,100.0,2019-03-27,2020-10-24,2020-10-24,19,0,150.0,16,16,0,0,1488.1,82.2,Exempted,5.6,1,323.64,Low/Plains,0.81,0.39,2026-04-10,OCMS_Historical,Commissioned,0,0
PAIMANA-SEC_METRO-2015-2857,Urban Light Rail Transit / MetroLite System for Tiruchirappalli Smart City,MoHUA,Ministry of Housing and Urban Affairs,SEC_METRO,Metro Rail & Urban Transit,Tamil Nadu,South,Metro Rail Corp,11.5039,78.696,4308.95,4996.29,687.34,15.95,2722.88,54.5,83.7,2015-01-18,2020-03-16,2022-01-13,62,22,150.0,37,37,1,697,937.4,83.0,Approved,7.0,1,40.8,Moderate/Plateau,0.87,0.56,2026-04-10,OCMS_Historical,Under Implementation,1,1
PAIMANA-SEC_MINE-2014-2858,Strategic Rare Earth & Bauxite Mining Complex at Haridwar,MoMines,Ministry of Mines,SEC_MINE,Strategic Mineral Extraction,Uttarakhand,North,NALCO,29.5715,78.4739,905.12,1102.31,197.19,21.79,397.04,36.0,62.6,2014-04-23,2016-12-20,2020-05-19,32,41,150.0,31,31,1,1258,1174.6,90.6,Stage-II Pending,5.2,2,445.66,Moderate/Plateau,0.63,0.48,2026-04-10,OCMS_Historical,Under Implementation,1,1
PAIMANA-SEC_MINE-2018-2859,Strategic Rare Earth & Bauxite Mining Complex at Guntur,MoMines,Ministry of Mines,SEC_MINE,Strategic Mineral Extraction,Andhra Pradesh,South,NALCO,15.5381,79.5137,1510.0,1930.53,420.53,27.85,817.95,42.4,68.8,2018-07-03,2021-07-31,2025-05-29,37,46,150.0,47,47,1,1376,1627.1,79.9,Stage-II Pending,7.1,3,915.29,Low/Plains,0.22,0.62,2026-04-10,OCMS_Historical,Under Implementation,1,1
PAIMANA-SEC_CHEM-2018-2860,Coal-Gasification Based Urea & Fertilizer Complex at Lucknow,MoCF,Ministry of Chemicals and Fertilizers,SEC_CHEM,Fertilizer Plants & Petrochemicals,Uttar Pradesh,North,FCIL,26.5975,80.5853,1469.85,1851.96,382.11,26.0,786.95,42.5,66.5,2018-04-24,2020-09-21,2023-07-21,29,34,150.0,31,31,1,1031,276.4,66.9,Approved,6.8,4,518.7,Moderate/Plateau,0.21,0.67,2026-04-10,OCMS_Historical,Under Implementation,1,1
PAIMANA-SEC_METRO-2019-2861,Urban Light Rail Transit / MetroLite System for Solapur Smart City,MoHUA,Ministry of Housing and Urban Affairs,SEC_METRO,Metro Rail & Urban Transit,Maharashtra,West,Metro Rail Corp,19.7086,75.9022,1010.31,1213.8,203.49,20.14,613.16,50.5,79.6,2019-06-11,2022-04-09,2024-03-08,34,23,150.0,48,48,1,723,868.0,58.4,Stage-I,7.3,2,633.39,Low/Plains,0.25,0.77,2026-04-10,OCMS_Historical,Under Implementation,1,1
PAIMANA-SEC_CHEM-2020-2862,Petrochemical Derivative & Polymer Manufacturing Unit at Shimla,MoCF,Ministry of Chemicals and Fertilizers,SEC_CHEM,Fertilizer Plants & Petrochemicals,Himachal Pradesh,North,HURL,31.4526,77.3012,2479.65,3167.91,688.26,27.76,1511.97,47.7,74.6,2020-02-23,2024-01-21,2026-10-20,47,33,150.0,47,47,1,1006,90.0,60.5,Exempted,4.7,0,0.0,High/Himalayan/Riverine,0.49,0.67,2026-04-10,PAIMANA_Live,Under Implementation,1,1
PAIMANA-SEC_PET-2022-2863,Crude Oil Pipeline Augmented Pumping Infrastructure at Bilaspur,MoPNG,Ministry of Petroleum and Natural Gas,SEC_PET,Petroleum Pipelines & Refineries,Chhattisgarh,Central,HPCL,21.5626,81.8136,2439.19,2882.45,443.26,18.17,1019.34,35.4,55.2,2022-10-08,2026-07-07,2029-06-05,45,35,93.9,22,19,2,1049,1213.6,70.5,Approved,3.7,0,0.0,Moderate/Plateau,0.91,0.43,2026-04-10,PAIMANA_Live,Under Implementation,1,1
PAIMANA-SEC_METRO-2018-2864,Regional Rapid Transit System (RRTS) Semi High-Speed Line (Jaipur-Bikaner),MoHUA,Ministry of Housing and Urban Affairs,SEC_METRO,Metro Rail & Urban Transit,Rajasthan,North,NCRTC,26.655,74.3004,218.0,273.4,55.4,25.41,128.95,47.2,76.0,2018-02-18,2020-08-18,2022-06-17,30,22,150.0,13,13,1,691,435.2,90.5,Approved,8.8,1,170.06,High/Himalayan/Riverine,0.36,0.73,2026-04-10,OCMS_Historical,Under Implementation,1,1
PAIMANA-SEC_HEALTH-2019-2865,National Centre for Disease Control & Bio-Safety Level 4 Lab at Srinagar,MoHFW,Ministry of Health and Family Welfare,SEC_HEALTH,AIIMS & Super-Specialty Medical Infra,Jammu & Kashmir,North,MoHFW,33.7981,76.9931,3962.89,4513.58,550.69,13.9,2217.47,49.1,81.0,2019-04-22,2023-11-19,2025-08-18,55,21,150.0,20,20,1,653,1445.5,71.6,Stage-I,6.5,0,0.0,Moderate/Plateau,0.82,0.79,2026-04-10,OCMS_Historical,Under Implementation,1,1
PAIMANA-SEC_IRR-2014-2866,Lift Irrigation & Pressurized Piped Distribution Network in Pasighat,DoWR,"Department of Water Resources, RD & GR",SEC_IRR,National River Link & Irrigation,Arunachal Pradesh,North-East,WRD,28.0015,94.4667,236.57,271.6,35.03,14.81,133.49,49.1,75.7,2014-03-02,2016-05-30,2018-01-28,27,20,150.0,16,16,1,620,369.3,45.3,Approved,7.7,0,0.0,Moderate/Plateau,0.3,0.81,2026-04-10,OCMS_Historical,Under Implementation,1,1
PAIMANA-SEC_RLY-2021-2867,Modern Multimodal Railway Terminal & Station Redevelopment at Bhavnagar,MoR,Ministry of Railways,SEC_RLY,Railways & High-Speed Rail,Gujarat,West,RLDA,22.547,71.139,3061.09,3658.2,597.11,19.51,1703.74,46.6,70.8,2021-09-23,2026-03-22,2028-11-18,54,32,101.5,38,28,9,979,473.7,57.9,Stage-I,5.9,0,0.0,Low/Plains,0.44,0.47,2026-04-10,PAIMANA_Live,Under Implementation,1,1
PAIMANA-SEC_PWR_GEN-2014-2868,Subansiri/Tehri Stage-II Hydroelectric Dam & Powerhouse (Madurai),MoP,Ministry of Power,SEC_PWR_GEN,Thermal & Hydro Power Generation,Tamil Nadu,South,SJVN,11.6582,78.0845,3347.52,3886.32,538.8,16.1,1922.68,49.5,76.6,2014-05-01,2018-03-29,2020-04-27,47,25,150.0,43,43,1,785,579.2,24.5,Approved,5.0,0,0.0,Low/Plains,0.15,0.26,2026-04-10,OCMS_Historical,Under Implementation,1,1
PAIMANA-SEC_AIR-2022-2869,Regional Airport Modernization & Runway Extension under UDAN at Mysuru,MoCA,Ministry of Civil Aviation,SEC_AIR,Regional & Greenfield Airports,Karnataka,South,AAI,15.0278,75.7722,407.15,427.88,20.73,5.09,280.0,65.4,100.0,2022-07-14,2025-01-11,2025-01-11,30,0,150.0,17,17,0,0,738.3,91.8,Approved,3.7,1,144.33,Low/Plains,0.21,0.36,2026-04-10,PAIMANA_Live,Commissioned,0,0
PAIMANA-SEC_CHEM-2015-2870,Coal-Gasification Based Urea & Fertilizer Complex at Inter-State Hub,MoCF,Ministry of Chemicals and Fertilizers,SEC_CHEM,Fertilizer Plants & Petrochemicals,Multi-State / National,National,FCIL,22.343,78.435,776.92,797.48,20.56,2.65,510.75,64.0,100.0,2015-02-26,2016-08-26,2016-08-26,18,0,150.0,19,19,0,0,1511.9,91.7,Stage-I,4.1,0,0.0,Low/Plains,0.93,0.75,2026-04-10,OCMS_Historical,Commissioned,0,0
PAIMANA-SEC_METRO-2016-2871,Regional Rapid Transit System (RRTS) Semi High-Speed Line (Kalaburagi-Bengaluru),MoHUA,Ministry of Housing and Urban Affairs,SEC_METRO,Metro Rail & Urban Transit,Karnataka,South,NCRTC,15.2481,75.8277,401.49,510.06,108.57,27.04,219.53,43.0,68.2,2016-05-27,2018-08-25,2021-08-23,27,36,150.0,39,39,1,1103,64.7,91.6,Stage-I,5.4,2,395.04,Low/Plains,0.77,0.27,2026-04-10,OCMS_Historical,Under Implementation,1,1
PAIMANA-SEC_MINE-2023-2872,Strategic Rare Earth & Bauxite Mining Complex at Tuticorin,MoMines,Ministry of Mines,SEC_MINE,Strategic Mineral Extraction,Tamil Nadu,South,NALCO,10.8212,78.3539,935.83,1140.51,204.68,21.87,408.45,35.8,61.7,2023-10-05,2026-01-02,2028-07-02,27,30,112.6,37,30,3,914,541.4,73.9,Stage-I,4.9,2,310.03,Low/Plains,0.4,0.37,2026-04-10,PAIMANA_Live,Under Implementation,1,1
PAIMANA-SEC_PORT-2019-2873,Greenfield Deep-Water Major Port & Container Terminal Phase-2 at Ahmedabad,MoPSW,"Ministry of Ports, Shipping and Waterways",SEC_PORT,Major Ports & Maritime Channels,Gujarat,West,Port Authority,21.9837,71.467,856.6,994.85,138.25,16.14,464.09,46.6,70.6,2019-12-13,2022-05-12,2024-07-10,29,26,150.0,18,18,1,794,366.6,63.3,Stage-I,4.1,1,107.28,Low/Plains,0.38,0.75,2026-04-10,OCMS_Historical,Under Implementation,1,1
PAIMANA-SEC_PWR_GEN-2019-2874,Ultra Mega Supercritical Thermal Power Project (37x800 MW) at Thiruvananthapuram,MoP,Ministry of Power,SEC_PWR_GEN,Thermal & Hydro Power Generation,Kerala,South,NTPC,10.3816,75.7509,2407.36,2852.13,444.77,18.48,1344.38,47.1,73.9,2019-07-26,2023-05-24,2025-10-21,46,29,150.0,30,30,1,879,357.3,79.6,Approved,9.5,3,708.83,Low/Plains,0.44,0.84,2026-04-10,OCMS_Historical,Under Implementation,1,1
PAIMANA-SEC_LOG-2014-2875,Multimodal Logistics Park (MMLP) with Inland Container Depot at Varanasi,MoRTH,Ministry of Road Transport and Highways,SEC_LOG,Multimodal Logistics Parks (MMLP),Uttar Pradesh,North,NHLML,26.6179,80.5429,3985.43,4859.41,873.98,21.93,2107.93,43.4,75.0,2014-11-05,2018-06-04,2020-11-01,43,29,150.0,36,36,1,902,748.6,71.3,Stage-II Pending,4.0,0,0.0,High/Himalayan/Riverine,0.5,0.25,2026-04-10,OCMS_Historical,Under Implementation,1,1
PAIMANA-SEC_WATER-2021-2876,Urban 24x7 Water Supply & Advanced Smart Grid Pipeline in Bengaluru,MoHUA,Ministry of Housing and Urban Affairs,SEC_WATER,Water Supply & Urban Sanitation,Karnataka,South,Jal Nigam,15.5988,75.6096,4322.14,4457.72,135.58,3.14,2415.6,54.2,82.8,2021-11-08,2026-08-06,2026-08-06,57,0,93.5,24,22,0,0,1466.7,81.9,Approved,3.7,0,0.0,Moderate/Plateau,0.14,0.4,2026-04-10,PAIMANA_Live,Under Implementation,0,0
PAIMANA-SEC_PET-2022-2877,Cross-Country Natural Gas Pipeline Grid (Mumbai to Solapur),MoPNG,Ministry of Petroleum and Natural Gas,SEC_PET,Petroleum Pipelines & Refineries,Maharashtra,West,GAIL,19.3711,75.3437,672.87,768.12,95.25,14.16,363.81,47.4,73.3,2022-05-28,2024-08-25,2026-06-24,27,22,150.0,32,32,1,670,429.0,85.9,Approved,5.8,0,0.0,Low/Plains,0.63,0.36,2026-04-10,PAIMANA_Live,Under Implementation,1,1
PAIMANA-SEC_COAL-2019-2878,Coal Bed Methane & Deep Underground Extraction Unit at Jalandhar,MoCoal,Ministry of Coal,SEC_COAL,Coal Mining & Washeries,Punjab,North,NCDC,30.5807,75.7082,940.91,1125.27,184.36,19.59,518.49,46.1,69.4,2019-09-12,2022-10-10,2025-07-09,37,33,150.0,26,26,1,1019,1343.1,64.5,Approved,4.9,0,0.0,Low/Plains,0.2,0.39,2026-04-10,OCMS_Historical,Under Implementation,1,1
PAIMANA-SEC_STEEL-2014-2879,Specialty Alloy & Hot Rolled Coil Expansion Facility at Thiruvananthapuram,MoSteel,Ministry of Steel,SEC_STEEL,Steel Plants & Metallurgy Units,Kerala,South,RINL,10.4675,76.5156,231.91,270.04,38.13,16.44,159.49,59.1,100.0,2014-08-23,2017-01-20,2017-01-20,29,0,150.0,17,17,0,0,84.0,79.1,Exempted,4.6,1,249.57,Moderate/Plateau,0.45,0.68,2026-04-10,OCMS_Historical,Commissioned,1,0
PAIMANA-SEC_CHEM-2021-2880,Petrochemical Derivative & Polymer Manufacturing Unit at Bhopal,MoCF,Ministry of Chemicals and Fertilizers,SEC_CHEM,Fertilizer Plants & Petrochemicals,Madhya Pradesh,Central,HURL,22.432,78.0674,533.8,596.93,63.13,11.83,367.09,61.5,100.0,2021-08-16,2023-08-15,2023-08-15,24,0,150.0,30,30,0,0,1617.3,82.3,Approved,3.9,1,112.57,High/Himalayan/Riverine,0.47,0.5,2026-04-10,PAIMANA_Live,Commissioned,1,0
PAIMANA-SEC_LOG-2022-2881,Central Freight Logistics & Cold Chain Infrastructure Hub at Bokaro,MoRTH,Ministry of Road Transport and Highways,SEC_LOG,Multimodal Logistics Parks (MMLP),Jharkhand,East,CONCOR,23.7096,84.8476,2870.43,3702.34,831.91,28.98,1228.65,33.2,57.6,2022-09-05,2026-07-04,2029-08-01,46,37,94.3,31,20,11,1124,882.2,92.5,Approved,3.8,4,907.41,High/Himalayan/Riverine,0.39,0.88,2026-04-10,PAIMANA_Live,Under Implementation,1,1
PAIMANA-SEC_HWY-2018-2882,Bharatmala Pariyojana 4/6-Lane Corridor from Aurangabad to Solapur,MoRTH,Ministry of Road Transport and Highways,SEC_HWY,Highways & Expressways,Maharashtra,West,NHAI,19.1888,75.7903,5326.29,5885.91,559.62,10.51,3132.18,53.2,83.7,2018-01-15,2022-12-13,2024-09-11,59,21,150.0,35,35,1,653,107.7,78.4,Approved,7.4,0,0.0,Low/Plains,0.88,0.46,2026-04-10,OCMS_Historical,Under Implementation,0,1
PAIMANA-SEC_ATOM-2016-2883,Fast Breeder Reactor & Reprocessing Facility at Siliguri,DAE,Department of Atomic Energy,SEC_ATOM,Atomic Energy & Nuclear Power,West Bengal,East,BHAVINI,23.5122,87.8069,355.3,409.21,53.91,15.17,156.07,38.1,64.9,2016-06-22,2017-12-21,2019-08-21,18,20,150.0,42,42,1,634,1753.5,43.5,Approved,8.5,1,36.38,Moderate/Plateau,0.15,0.77,2026-04-10,OCMS_Historical,Under Implementation,1,1
PAIMANA-SEC_LOG-2019-2884,Central Freight Logistics & Cold Chain Infrastructure Hub at Lucknow,MoRTH,Ministry of Road Transport and Highways,SEC_LOG,Multimodal Logistics Parks (MMLP),Uttar Pradesh,North,CONCOR,26.8552,80.4854,653.78,776.26,122.48,18.73,337.72,43.5,65.0,2019-03-22,2021-03-20,2023-11-17,24,32,150.0,39,39,1,981,531.4,86.9,Approved,5.3,1,102.28,Moderate/Plateau,0.38,0.76,2026-04-10,OCMS_Historical,Under Implementation,1,1
PAIMANA-SEC_IRR-2017-2885,National River Interlinking Canal & Barrage System (Dhanbad-Ranchi),DoWR,"Department of Water Resources, RD & GR",SEC_IRR,National River Link & Irrigation,Jharkhand,East,NWDA,24.0452,85.777,1119.37,1385.26,265.89,23.75,593.07,42.8,66.0,2017-12-04,2020-11-02,2023-12-01,35,37,150.0,30,30,1,1141,818.4,49.0,Stage-II Pending,4.5,1,244.37,Low/Plains,0.67,0.85,2026-04-10,OCMS_Historical,Under Implementation,1,1
PAIMANA-SEC_CHEM-2020-2886,Petrochemical Derivative & Polymer Manufacturing Unit at Ramagundam,MoCF,Ministry of Chemicals and Fertilizers,SEC_CHEM,Fertilizer Plants & Petrochemicals,Telangana,South,HURL,18.1753,78.697,1497.81,1553.33,55.52,3.71,966.67,62.2,100.0,2020-02-15,2023-02-13,2023-02-13,36,0,150.0,29,29,0,0,134.1,91.6,Approved,3.5,1,94.01,Low/Plains,0.44,0.54,2026-04-10,PAIMANA_Live,Commissioned,0,0
PAIMANA-SEC_PET-2015-2887,Strategic Petroleum Reserve Underground Rock Caverns at Mumbai,MoPNG,Ministry of Petroleum and Natural Gas,SEC_PET,Petroleum Pipelines & Refineries,Maharashtra,West,ISPRL,20.1033,76.2324,531.91,566.08,34.17,6.42,365.79,64.6,100.0,2015-01-12,2016-07-12,2016-07-12,18,0,150.0,20,20,0,0,381.0,84.5,Approved,5.8,0,0.0,Low/Plains,0.38,0.72,2026-04-10,OCMS_Historical,Commissioned,0,0
PAIMANA-SEC_PWR_GEN-2021-2888,Subansiri/Tehri Stage-II Hydroelectric Dam & Powerhouse (Bathinda),MoP,Ministry of Power,SEC_PWR_GEN,Thermal & Hydro Power Generation,Punjab,North,SJVN,31.7032,75.4707,1717.22,2349.27,632.05,36.81,893.33,38.0,67.0,2021-07-16,2024-11-13,2028-06-12,40,43,142.6,29,29,1,1319,1478.4,42.2,Approved,3.5,3,354.55,High/Himalayan/Riverine,0.33,0.84,2026-04-10,PAIMANA_Live,Under Implementation,1,1
PAIMANA-SEC_LOG-2016-2889,Central Freight Logistics & Cold Chain Infrastructure Hub at Manali,MoRTH,Ministry of Road Transport and Highways,SEC_LOG,Multimodal Logistics Parks (MMLP),Himachal Pradesh,North,CONCOR,31.5543,76.6553,731.76,849.07,117.31,16.03,365.17,43.0,72.9,2016-02-27,2018-06-27,2020-05-26,28,23,150.0,19,19,1,675,918.3,78.1,Stage-I,5.2,1,39.75,Moderate/Plateau,0.2,0.41,2026-04-10,OCMS_Historical,Under Implementation,1,1
PAIMANA-SEC_TEL-2021-2890,National 5G High-Density Core Network Infrastructure in Panipat,DoT,Department of Telecommunications,SEC_TEL,Telecommunication & BharatNet Fiber,Haryana,North,BSNL,28.998,76.4811,1132.15,1305.48,173.33,15.31,620.82,47.6,71.9,2021-04-04,2023-01-02,2024-07-02,21,18,150.0,34,34,1,560,388.7,82.0,Approved,6.3,0,0.0,High/Himalayan/Riverine,0.23,0.6,2026-04-10,PAIMANA_Live,Under Implementation,1,1
PAIMANA-SEC_METRO-2015-2891,Metro Rail Project Phase-3 (Elevated & Underground Corridor Jalandhar-Amritsar),MoHUA,Ministry of Housing and Urban Affairs,SEC_METRO,Metro Rail & Urban Transit,Punjab,North,Metro Rail Corp,31.3138,75.8153,1928.65,1982.61,53.96,2.8,1279.43,64.5,100.0,2015-03-20,2018-09-16,2018-09-16,42,0,150.0,24,24,0,0,1538.2,80.6,Approved,5.5,0,0.0,Low/Plains,0.63,0.59,2026-04-10,OCMS_Historical,Commissioned,0,0
PAIMANA-SEC_HWY-2022-2892,Delhi-Mumbai Expressway Package 17 (Mumbai-Nagpur Section),MoRTH,Ministry of Road Transport and Highways,SEC_HWY,Highways & Expressways,Maharashtra,West,NHAI,19.3675,75.8294,1154.83,1361.94,207.11,17.93,653.79,48.0,75.4,2022-03-14,2025-05-12,2027-03-11,38,22,129.3,13,13,1,654,1444.6,59.9,Approved,5.5,1,221.11,Low/Plains,0.26,0.64,2026-04-10,PAIMANA_Live,Under Implementation,1,1
PAIMANA-SEC_INLAND-2019-2893,Fairway Development & River Ro-Ro Terminal Facility in Angul,MoPSW,"Ministry of Ports, Shipping and Waterways",SEC_INLAND,National Waterways & River Ports,Odisha,East,IWAI,20.8863,85.2438,758.27,966.44,208.17,27.45,374.97,38.8,62.5,2019-10-14,2021-05-13,2024-03-11,19,34,150.0,20,20,1,1056,1472.6,65.1,Stage-II Pending,6.0,2,446.45,Moderate/Plateau,0.13,0.66,2026-04-10,OCMS_Historical,Under Implementation,1,1
PAIMANA-SEC_COAL-2016-2894,Coal Bed Methane & Deep Underground Extraction Unit at Varanasi,MoCoal,Ministry of Coal,SEC_COAL,Coal Mining & Washeries,Uttar Pradesh,North,NCDC,27.366,80.4027,1034.3,1245.75,211.45,20.44,572.59,46.0,74.5,2016-04-01,2019-04-30,2021-09-27,37,29,150.0,45,45,1,911,1208.1,89.2,Approved,3.5,0,0.0,Low/Plains,0.31,0.72,2026-04-10,OCMS_Historical,Under Implementation,1,1
PAIMANA-SEC_MINE-2022-2895,Strategic Rare Earth & Bauxite Mining Complex at Deoghar,MoMines,Ministry of Mines,SEC_MINE,Strategic Mineral Extraction,Jharkhand,East,NALCO,23.3662,85.6745,1055.39,1342.09,286.7,27.17,569.15,42.4,64.7,2022-07-16,2025-02-12,2029-03-12,31,49,145.3,45,43,2,1476,172.3,51.9,Stage-II Pending,3.5,1,195.9,Moderate/Plateau,0.53,0.58,2026-04-10,PAIMANA_Live,Under Implementation,1,1
PAIMANA-SEC_IRR-2016-2896,National River Interlinking Canal & Barrage System (Patna-Muzaffarpur),DoWR,"Department of Water Resources, RD & GR",SEC_IRR,National River Link & Irrigation,Bihar,East,NWDA,25.2777,85.0376,807.62,987.06,179.44,22.22,423.94,42.9,73.8,2016-04-13,2018-11-11,2020-11-09,31,24,150.0,30,30,1,716,528.0,48.4,Exempted,9.0,2,223.64,Low/Plains,0.64,0.54,2026-04-10,OCMS_Historical,Under Implementation,1,1
PAIMANA-SEC_SMART-2019-2897,Special Investment Region Trunk Infrastructure & Utilities at Gaya,MoHUA,Ministry of Housing and Urban Affairs,SEC_SMART,Smart Cities & Industrial Corridors,Bihar,East,Dholera/DMIC,25.3987,85.1663,897.62,1060.61,162.99,18.16,492.19,46.4,73.1,2019-01-22,2021-04-21,2023-04-20,27,24,150.0,37,37,1,721,1035.0,59.3,Approved,9.5,0,0.0,Moderate/Plateau,0.47,0.4,2026-04-10,OCMS_Historical,Under Implementation,1,1
PAIMANA-SEC_PORT-2014-2898,Port Connectivity Dedicated Rail-Sea Multimodal Corridor at Madurai,MoPSW,"Ministry of Ports, Shipping and Waterways",SEC_PORT,Major Ports & Maritime Channels,Tamil Nadu,South,Sagarmala Dev,10.6176,78.9586,5241.28,5549.32,308.04,5.88,3604.39,65.0,100.0,2014-08-18,2020-06-15,2020-06-15,70,0,150.0,38,38,0,0,651.8,97.5,Approved,9.2,0,0.0,Low/Plains,0.81,0.38,2026-04-10,OCMS_Historical,Commissioned,0,0
PAIMANA-SEC_RLY-2020-2899,Himalayan Strategic Rail Network Rail Tunnel Complex near Aurangabad,MoR,Ministry of Railways,SEC_RLY,Railways & High-Speed Rail,Maharashtra,West,IRCON,19.7188,75.2009,1955.65,2256.74,301.09,15.4,1009.66,44.7,73.7,2020-11-26,2024-03-26,2026-04-25,40,25,150.0,41,41,1,795,1110.8,48.4,Approved,8.8,0,0.0,Low/Plains,0.44,0.32,2026-04-10,PAIMANA_Live,Under Implementation,1,1
PAIMANA-SEC_REN-2018-2900,Ultra Mega Solar Park (38 MW) with Battery Storage at Jammu,MNRE,Ministry of New and Renewable Energy,SEC_REN,Solar & Renewable Green Energy,Jammu & Kashmir,North,SECI,33.7067,76.3275,866.88,967.34,100.46,11.59,596.14,61.6,100.0,2018-10-07,2020-07-06,2020-07-06,21,0,150.0,39,39,0,0,1772.4,82.7,Stage-II Pending,4.4,0,0.0,High/Himalayan/Riverine,0.42,0.45,2026-04-10,OCMS_Historical,Commissioned,1,0
PAIMANA-SEC_CHEM-2023-2901,Coal-Gasification Based Urea & Fertilizer Complex at Mysuru,MoCF,Ministry of Chemicals and Fertilizers,SEC_CHEM,Fertilizer Plants & Petrochemicals,Karnataka,South,FCIL,15.8801,75.9842,2225.45,2329.44,103.99,4.67,1288.96,55.3,80.9,2023-04-13,2026-08-11,2026-08-11,40,0,90.3,16,9,0,0,483.6,89.7,Approved,5.2,0,0.0,Moderate/Plateau,0.9,0.66,2026-04-10,PAIMANA_Live,Under Implementation,0,0
PAIMANA-SEC_CHEM-2017-2902,Petrochemical Derivative & Polymer Manufacturing Unit at Chennai,MoCF,Ministry of Chemicals and Fertilizers,SEC_CHEM,Fertilizer Plants & Petrochemicals,Tamil Nadu,South,HURL,10.6653,78.3379,835.87,954.62,118.75,14.21,448.63,47.0,76.9,2017-06-25,2020-03-24,2022-06-22,33,27,150.0,19,19,1,806,1635.1,90.6,Approved,6.1,1,119.27,Low/Plains,0.7,0.52,2026-04-10,OCMS_Historical,Under Implementation,1,1
PAIMANA-SEC_AIR-2016-2903,Air Cargo Hub & Aircraft Maintenance Repair Overhaul (MRO) at Ujjain,MoCA,Ministry of Civil Aviation,SEC_AIR,Regional & Greenfield Airports,Madhya Pradesh,Central,AAI,23.4556,78.3793,3498.45,3943.98,445.53,12.74,2171.74,55.1,87.7,2016-06-25,2020-09-22,2021-10-22,51,13,150.0,36,36,1,433,1608.1,68.4,Approved,6.6,0,0.0,Low/Plains,0.66,0.75,2026-04-10,OCMS_Historical,Nearing Completion,1,1
PAIMANA-SEC_METRO-2020-2904,Urban Light Rail Transit / MetroLite System for Kakinada Smart City,MoHUA,Ministry of Housing and Urban Affairs,SEC_METRO,Metro Rail & Urban Transit,Andhra Pradesh,South,Metro Rail Corp,15.9109,79.1922,1630.7,1883.29,252.59,15.49,953.94,50.7,76.1,2020-06-21,2023-01-19,2025-03-19,31,26,150.0,20,20,1,811,1785.4,76.8,Approved,4.3,0,0.0,Low/Plains,0.75,0.74,2026-04-10,PAIMANA_Live,Under Implementation,1,1
PAIMANA-SEC_RLY-2014-2905,Dedicated Freight Corridor (Western/Eastern Phase-3) near Rohtak,MoR,Ministry of Railways,SEC_RLY,Railways & High-Speed Rail,Haryana,North,DFCCIL,28.6952,76.1574,1036.57,1296.85,260.28,25.11,590.51,45.5,71.6,2014-08-09,2017-04-07,2019-08-06,32,28,150.0,18,18,1,880,785.8,26.0,Stage-I,6.0,0,0.0,Low/Plains,0.86,0.89,2026-04-10,OCMS_Historical,Under Implementation,1,1
PAIMANA-SEC_PET-2020-2906,Strategic Petroleum Reserve Underground Rock Caverns at Ahmedabad,MoPNG,Ministry of Petroleum and Natural Gas,SEC_PET,Petroleum Pipelines & Refineries,Gujarat,West,ISPRL,22.1833,70.7387,1756.25,2075.53,319.28,18.18,952.82,45.9,75.6,2020-04-17,2023-08-16,2025-11-13,40,27,150.0,39,39,1,852,432.8,68.7,Stage-II Pending,6.9,1,222.52,Moderate/Plateau,0.81,0.61,2026-04-10,PAIMANA_Live,Under Implementation,1,1
PAIMANA-SEC_PWR_GEN-2018-2907,Ultra Mega Supercritical Thermal Power Project (94x800 MW) at Shimla,MoP,Ministry of Power,SEC_PWR_GEN,Thermal & Hydro Power Generation,Himachal Pradesh,North,NTPC,30.8147,77.2597,258.08,303.03,44.95,17.42,126.31,41.7,71.1,2018-09-24,2021-02-21,2023-03-23,29,25,150.0,31,31,1,767,1677.3,91.6,Approved,8.2,3,98.07,Low/Plains,0.65,0.76,2026-04-10,OCMS_Historical,Under Implementation,1,1
PAIMANA-SEC_PET-2016-2908,Strategic Petroleum Reserve Underground Rock Caverns at Warangal,MoPNG,Ministry of Petroleum and Natural Gas,SEC_PET,Petroleum Pipelines & Refineries,Telangana,South,ISPRL,18.3508,78.5668,393.54,441.75,48.21,12.25,270.64,61.3,100.0,2016-03-07,2018-01-04,2018-01-04,22,0,150.0,48,48,0,0,1603.0,80.8,Approved,9.6,1,249.77,Low/Plains,0.19,0.75,2026-04-10,OCMS_Historical,Commissioned,1,0
PAIMANA-SEC_PWR_GEN-2014-2909,Pumped Storage Hydroelectric Power Facility (87 MW) in Thane,MoP,Ministry of Power,SEC_PWR_GEN,Thermal & Hydro Power Generation,Maharashtra,West,NHPC,19.9864,75.5826,369.21,443.44,74.23,20.11,188.48,42.5,69.8,2014-05-23,2016-03-21,2018-07-20,22,28,150.0,44,44,1,854,1643.8,60.7,Approved,7.3,1,18.48,Low/Plains,0.28,0.9,2026-04-10,OCMS_Historical,Under Implementation,1,1
PAIMANA-SEC_AIR-2019-2910,Regional Airport Modernization & Runway Extension under UDAN at Hubballi,MoCA,Ministry of Civil Aviation,SEC_AIR,Regional & Greenfield Airports,Karnataka,South,AAI,15.8526,76.0161,1314.75,1392.78,78.03,5.93,904.15,64.9,100.0,2019-07-18,2022-11-15,2022-11-15,40,0,150.0,26,26,0,0,182.4,76.5,Exempted,6.1,0,0.0,Low/Plains,0.9,0.71,2026-04-10,OCMS_Historical,Commissioned,0,0
PAIMANA-SEC_ATOM-2019-2911,Fast Breeder Reactor & Reprocessing Facility at Prayagraj,DAE,Department of Atomic Energy,SEC_ATOM,Atomic Energy & Nuclear Power,Uttar Pradesh,North,BHAVINI,26.6421,80.731,5952.08,6852.59,900.51,15.13,2974.83,43.4,74.0,2019-08-24,2025-08-20,2028-02-18,72,30,110.9,36,33,2,910,311.4,82.9,Approved,5.7,2,395.4,Moderate/Plateau,0.38,0.29,2026-04-10,OCMS_Historical,Under Implementation,1,1
PAIMANA-SEC_REN-2015-2912,Offshore & Onshore Hybrid Wind-Solar Power Hub in Dibrugarh,MNRE,Ministry of New and Renewable Energy,SEC_REN,Solar & Renewable Green Energy,Assam,North-East,NTPC-REL,25.8005,92.8549,9559.99,11524.08,1964.09,20.54,5751.6,49.9,80.8,2015-08-12,2023-01-07,2025-10-06,89,33,144.1,30,28,2,1008,1745.0,69.9,Approved,8.8,2,346.6,Moderate/Plateau,0.71,0.67,2026-04-10,OCMS_Historical,Under Implementation,1,1
PAIMANA-SEC_SMART-2022-2913,Industrial Smart City & Integrated Manufacturing Node at Prayagraj,MoHUA,Ministry of Housing and Urban Affairs,SEC_SMART,Smart Cities & Industrial Corridors,Uttar Pradesh,North,NICDC,26.4143,80.8441,2104.34,2435.46,331.12,15.74,1204.61,49.5,79.3,2022-06-23,2024-11-20,2026-04-20,29,17,150.0,38,37,1,545,334.5,55.6,Approved,8.1,0,0.0,Moderate/Plateau,0.92,0.74,2026-04-10,PAIMANA_Live,Under Implementation,1,1
PAIMANA-SEC_WATER-2017-2914,Urban 24x7 Water Supply & Advanced Smart Grid Pipeline in Jowai,MoHUA,Ministry of Housing and Urban Affairs,SEC_WATER,Water Supply & Urban Sanitation,Meghalaya,North-East,Jal Nigam,24.9972,90.9006,1847.17,1933.49,86.32,4.67,1220.92,63.1,100.0,2017-10-02,2020-07-01,2020-07-01,33,0,150.0,22,22,0,0,1407.0,96.0,Approved,4.6,0,0.0,Moderate/Plateau,0.56,0.86,2026-04-10,OCMS_Historical,Commissioned,0,0
PAIMANA-SEC_MINE-2018-2915,Copper Ore Underground Mine Expansion Project in Nagpur,MoMines,Ministry of Mines,SEC_MINE,Strategic Mineral Extraction,Maharashtra,West,HCL,19.4833,75.6084,207.39,234.27,26.88,12.96,110.6,47.2,71.9,2018-11-01,2020-11-30,2022-09-29,25,22,150.0,34,34,1,678,184.5,90.8,Approved,5.2,0,0.0,Low/Plains,0.76,0.6,2026-04-10,OCMS_Historical,Under Implementation,1,1
PAIMANA-SEC_IRR-2018-2916,Lift Irrigation & Pressurized Piped Distribution Network in Vijayawada,DoWR,"Department of Water Resources, RD & GR",SEC_IRR,National River Link & Irrigation,Andhra Pradesh,South,WRD,15.8313,80.1921,685.44,791.91,106.47,15.53,367.65,46.4,78.1,2018-06-15,2021-03-14,2022-10-12,33,19,150.0,25,25,1,596,1734.9,91.5,Approved,9.0,0,0.0,Low/Plains,0.31,0.84,2026-04-10,OCMS_Historical,Under Implementation,1,1
PAIMANA-SEC_SMART-2017-2917,Special Investment Region Trunk Infrastructure & Utilities at Anand Vihar,MoHUA,Ministry of Housing and Urban Affairs,SEC_SMART,Smart Cities & Industrial Corridors,Delhi NCR,North,Dholera/DMIC,28.2513,77.2402,543.06,567.58,24.52,4.52,361.04,63.6,100.0,2017-09-23,2020-07-22,2020-07-22,34,0,150.0,34,34,0,0,852.4,77.4,Approved,8.1,1,67.95,Moderate/Plateau,0.46,0.27,2026-04-10,OCMS_Historical,Commissioned,0,0
PAIMANA-SEC_LOG-2015-2918,Central Freight Logistics & Cold Chain Infrastructure Hub at Dibrugarh,MoRTH,Ministry of Road Transport and Highways,SEC_LOG,Multimodal Logistics Parks (MMLP),Assam,North-East,CONCOR,26.1185,93.3696,636.38,691.22,54.84,8.62,437.63,63.3,100.0,2015-12-14,2017-09-12,2017-09-12,21,0,150.0,28,28,0,0,575.3,83.8,Stage-I,8.2,1,258.36,Low/Plains,0.55,0.75,2026-04-10,OCMS_Historical,Commissioned,0,0
PAIMANA-SEC_PWR_TR-2021-2919,765kV High Voltage Direct Current (HVDC) Inter-Regional Grid (Thane-Nashik),MoP,Ministry of Power,SEC_PWR_TR,Power Transmission & Grid,Maharashtra,West,PGCIL,20.0409,76.1505,978.35,1077.48,99.13,10.13,623.57,57.9,84.7,2021-10-15,2023-11-14,2024-10-13,25,11,150.0,39,39,1,367,1475.5,51.5,Exempted,9.3,0,0.0,Moderate/Plateau,0.79,0.75,2026-04-10,PAIMANA_Live,Under Implementation,0,1
PAIMANA-SEC_HWY-2017-2920,National Highway NH-43 Widening & Bypass at Chennai,MoRTH,Ministry of Road Transport and Highways,SEC_HWY,Highways & Expressways,Tamil Nadu,South,MoRTH,11.5057,78.9247,732.98,891.45,158.47,21.62,385.13,43.2,74.4,2017-09-22,2020-04-21,2022-08-20,31,28,150.0,22,22,1,874,515.0,66.2,Stage-II Pending,5.3,0,0.0,High/Himalayan/Riverine,0.77,0.46,2026-04-10,OCMS_Historical,Under Implementation,1,1
PAIMANA-SEC_WATER-2016-2921,Urban 24x7 Water Supply & Advanced Smart Grid Pipeline in Rourkela,MoHUA,Ministry of Housing and Urban Affairs,SEC_WATER,Water Supply & Urban Sanitation,Odisha,East,Jal Nigam,20.5095,84.6524,175.09,276.06,100.97,57.67,100.24,36.3,60.3,2016-03-02,2017-08-31,2021-02-27,18,42,150.0,37,36,1,1285,1510.4,47.0,Approved,4.7,2,687.42,Moderate/Plateau,0.63,0.42,2026-04-10,OCMS_Historical,Under Implementation,1,1
PAIMANA-SEC_METRO-2022-2922,Urban Light Rail Transit / MetroLite System for Lucknow Smart City,MoHUA,Ministry of Housing and Urban Affairs,SEC_METRO,Metro Rail & Urban Transit,Uttar Pradesh,North,Metro Rail Corp,26.4161,80.6859,2335.83,2647.96,312.13,13.36,1355.08,51.2,80.3,2022-02-09,2024-08-09,2026-03-09,30,19,150.0,27,27,1,575,1072.8,93.9,Approved,9.0,0,0.0,Moderate/Plateau,0.2,0.64,2026-04-10,PAIMANA_Live,Under Implementation,1,1
PAIMANA-SEC_AIR-2017-2923,Greenfield International Airport Terminal-38 & Parallel Runway at Anantnag,MoCA,Ministry of Civil Aviation,SEC_AIR,Regional & Greenfield Airports,Jammu & Kashmir,North,AAI,33.1829,77.0896,414.26,460.95,46.69,11.27,212.27,46.1,70.8,2017-06-02,2019-12-01,2021-11-29,30,24,150.0,29,29,1,765,1591.5,75.9,Approved,3.8,0,0.0,Moderate/Plateau,0.44,0.41,2026-04-10,OCMS_Historical,Under Implementation,1,1
PAIMANA-SEC_COAL-2015-2924,Mechanized Coal Washery & Pithead Rail Dispatch Facility (Coimbatore),MoCoal,Ministry of Coal,SEC_COAL,Coal Mining & Washeries,Tamil Nadu,South,BCCL,10.9526,78.3656,1440.71,1735.04,294.33,20.43,828.07,47.7,72.3,2015-01-20,2016-12-19,2018-06-19,23,18,150.0,41,41,1,568,770.1,92.3,Approved,9.4,2,486.08,High/Himalayan/Riverine,0.22,0.32,2026-04-10,OCMS_Historical,Under Implementation,1,1
PAIMANA-SEC_ATOM-2015-2925,Fast Breeder Reactor & Reprocessing Facility at Chennai,DAE,Department of Atomic Energy,SEC_ATOM,Atomic Energy & Nuclear Power,Tamil Nadu,South,BHAVINI,10.9346,78.8769,8233.65,9342.78,1109.13,13.47,5186.71,55.5,90.0,2015-08-05,2023-03-02,2024-05-31,91,15,141.2,34,34,1,455,594.0,62.5,Approved,9.7,0,0.0,Low/Plains,0.77,0.25,2026-04-10,OCMS_Historical,Nearing Completion,1,1
PAIMANA-SEC_LOG-2017-2926,Multimodal Logistics Park (MMLP) with Inland Container Depot at Gwalior,MoRTH,Ministry of Road Transport and Highways,SEC_LOG,Multimodal Logistics Parks (MMLP),Madhya Pradesh,Central,NHLML,22.9405,79.0825,479.24,553.68,74.44,15.53,244.79,44.2,74.4,2017-10-24,2019-05-24,2020-06-22,19,13,150.0,29,29,1,379,599.0,56.3,Approved,8.1,0,0.0,Low/Plains,0.16,0.65,2026-04-10,OCMS_Historical,Under Implementation,1,1
PAIMANA-SEC_HEALTH-2023-2927,All India Institute of Medical Sciences (AIIMS) 750-Bed Super-Specialty Campus at Itanagar,MoHFW,Ministry of Health and Family Welfare,SEC_HEALTH,AIIMS & Super-Specialty Medical Infra,Arunachal Pradesh,North-East,MoHFW/HSCC,28.4444,94.2594,157.0,174.13,17.13,10.91,96.25,55.3,89.6,2023-11-11,2026-04-10,2026-04-10,29,0,100.6,23,17,0,0,1392.5,87.1,Approved,8.3,0,0.0,High/Himalayan/Riverine,0.75,0.6,2026-04-10,PAIMANA_Live,Nearing Completion,1,0
PAIMANA-SEC_IRR-2019-2928,National River Interlinking Canal & Barrage System (Singrauli-Bhopal),DoWR,"Department of Water Resources, RD & GR",SEC_IRR,National River Link & Irrigation,Madhya Pradesh,Central,NWDA,23.2394,78.4471,874.72,1029.13,154.41,17.65,470.08,45.7,77.4,2019-10-08,2022-10-06,2024-04-05,36,18,150.0,35,35,1,576,1404.6,48.5,Approved,6.8,0,0.0,Moderate/Plateau,0.52,0.76,2026-04-10,OCMS_Historical,Under Implementation,1,1
PAIMANA-SEC_PET-2014-2929,Crude Oil Pipeline Augmented Pumping Infrastructure at Karimnagar,MoPNG,Ministry of Petroleum and Natural Gas,SEC_PET,Petroleum Pipelines & Refineries,Telangana,South,HPCL,17.7,79.3315,3266.64,3784.89,518.25,15.86,1906.63,50.4,76.5,2014-01-23,2017-11-21,2020-01-20,46,26,150.0,28,28,1,790,587.9,89.0,Approved,4.7,1,331.59,Low/Plains,0.19,0.79,2026-04-10,OCMS_Historical,Under Implementation,1,1
PAIMANA-SEC_HWY-2014-2930,Greenfield Coastal Corridor Expressway (Mumbai-Thane Phase 3),MoRTH,Ministry of Road Transport and Highways,SEC_HWY,Highways & Expressways,Maharashtra,West,NHAI,19.7304,75.1816,7376.37,8859.39,1483.02,20.11,4740.92,53.5,86.9,2014-08-21,2020-11-17,2022-08-17,75,21,150.0,22,21,1,660,658.9,68.7,Stage-I,9.7,0,0.0,High/Himalayan/Riverine,0.1,0.74,2026-04-10,OCMS_Historical,Nearing Completion,1,1
PAIMANA-SEC_COAL-2017-2931,Coal Bed Methane & Deep Underground Extraction Unit at Jamshedpur,MoCoal,Ministry of Coal,SEC_COAL,Coal Mining & Washeries,Jharkhand,East,NCDC,24.0719,85.0203,356.93,377.14,20.21,5.66,205.91,54.6,81.9,2017-09-25,2019-10-25,2020-06-24,25,8,150.0,25,25,1,282,1691.4,95.2,Approved,7.6,0,0.0,Low/Plains,0.56,0.3,2026-04-10,OCMS_Historical,Under Implementation,0,1
PAIMANA-SEC_TEL-2022-2932,BharatNet Rural Optical Fiber Network Phase-4 across Bhilai,DoT,Department of Telecommunications,SEC_TEL,Telecommunication & BharatNet Fiber,Chhattisgarh,Central,BBNL,21.4569,82.4327,1839.91,2050.61,210.7,11.45,966.37,47.1,70.1,2022-07-04,2025-12-01,2027-10-31,41,23,110.8,22,22,1,716,536.5,84.2,Approved,4.8,0,0.0,Low/Plains,0.87,0.32,2026-04-10,PAIMANA_Live,Under Implementation,1,1
PAIMANA-SEC_SMART-2020-2933,Industrial Smart City & Integrated Manufacturing Node at Visakhapatnam,MoHUA,Ministry of Housing and Urban Affairs,SEC_SMART,Smart Cities & Industrial Corridors,Andhra Pradesh,South,NICDC,16.1224,79.5708,737.72,899.55,161.83,21.94,318.76,35.4,60.2,2020-09-10,2022-04-10,2024-10-08,19,30,150.0,33,32,1,906,187.5,87.4,Stage-I,3.4,0,0.0,High/Himalayan/Riverine,0.39,0.64,2026-04-10,PAIMANA_Live,Under Implementation,1,1
PAIMANA-SEC_LOG-2019-2934,Central Freight Logistics & Cold Chain Infrastructure Hub at Ramagundam,MoRTH,Ministry of Road Transport and Highways,SEC_LOG,Multimodal Logistics Parks (MMLP),Telangana,South,CONCOR,18.1891,78.6401,1037.9,1157.35,119.45,11.51,573.2,49.5,76.6,2019-10-14,2022-04-13,2024-02-10,30,22,150.0,38,38,1,673,1105.4,83.6,Stage-I,4.7,0,0.0,Low/Plains,0.66,0.54,2026-04-10,OCMS_Historical,Under Implementation,1,1
PAIMANA-SEC_PWR_GEN-2019-2935,Ultra Mega Supercritical Thermal Power Project (40x800 MW) at Rajkot,MoP,Ministry of Power,SEC_PWR_GEN,Thermal & Hydro Power Generation,Gujarat,West,NTPC,21.8314,71.108,14153.72,17560.69,3406.97,24.07,5023.13,28.6,48.9,2019-02-24,2029-02-19,2032-08-18,120,42,71.5,33,19,14,1291,1708.3,48.0,Exempted,3.9,2,254.73,Moderate/Plateau,0.83,0.39,2026-04-10,OCMS_Historical,Under Implementation,1,1
PAIMANA-SEC_COAL-2014-2936,Mechanized Coal Washery & Pithead Rail Dispatch Facility (Karimnagar),MoCoal,Ministry of Coal,SEC_COAL,Coal Mining & Washeries,Telangana,South,BCCL,17.7406,78.6027,275.28,318.52,43.24,15.71,136.94,43.0,72.2,2014-03-20,2016-08-17,2018-05-17,29,21,150.0,14,14,1,624,223.3,73.4,Approved,5.9,0,0.0,Moderate/Plateau,0.11,0.74,2026-04-10,OCMS_Historical,Under Implementation,1,1
PAIMANA-SEC_HEAVY-2019-2937,Heavy Machine Tools & Engineering Foundry Unit in Bikaner,MHI,Ministry of Heavy Industries,SEC_HEAVY,Heavy Engineering & Capital Goods,Rajasthan,North,HMT,26.9852,74.7385,1460.68,1585.18,124.5,8.52,1004.5,63.4,100.0,2019-01-03,2021-09-01,2021-09-01,32,0,150.0,48,48,0,0,414.5,86.2,Approved,3.6,0,0.0,High/Himalayan/Riverine,0.37,0.44,2026-04-10,OCMS_Historical,Commissioned,0,0
PAIMANA-SEC_SMART-2018-2938,Industrial Smart City & Integrated Manufacturing Node at Haldia,MoHUA,Ministry of Housing and Urban Affairs,SEC_SMART,Smart Cities & Industrial Corridors,West Bengal,East,NICDC,23.5481,88.0155,1789.9,2211.98,422.08,23.58,920.3,41.6,68.8,2018-08-13,2021-12-11,2025-03-10,40,39,150.0,13,13,1,1174,648.8,74.0,Approved,4.9,2,543.48,Low/Plains,0.92,0.58,2026-04-10,OCMS_Historical,Under Implementation,1,1
PAIMANA-SEC_COAL-2022-2939,Mechanized Coal Washery & Pithead Rail Dispatch Facility (Nagpur),MoCoal,Ministry of Coal,SEC_COAL,Coal Mining & Washeries,Maharashtra,West,BCCL,19.6039,75.7926,3219.89,3387.07,167.18,5.19,2040.9,60.3,91.2,2022-07-17,2026-01-13,2026-01-13,42,0,107.2,34,24,0,0,1001.6,84.8,Stage-I,8.2,0,0.0,Moderate/Plateau,0.85,0.75,2026-04-10,PAIMANA_Live,Nearing Completion,0,0
PAIMANA-SEC_PWR_GEN-2017-2940,Subansiri/Tehri Stage-II Hydroelectric Dam & Powerhouse (Kanpur),MoP,Ministry of Power,SEC_PWR_GEN,Thermal & Hydro Power Generation,Uttar Pradesh,North,SJVN,26.4776,81.1526,1259.78,1482.81,223.03,17.7,708.88,47.8,74.1,2017-03-11,2020-03-09,2022-07-08,36,28,150.0,22,22,1,883,1542.4,59.0,Stage-II Pending,8.4,0,0.0,Low/Plains,0.86,0.3,2026-04-10,OCMS_Historical,Under Implementation,1,1
PAIMANA-SEC_METRO-2018-2941,Urban Light Rail Transit / MetroLite System for Durgapur Smart City,MoHUA,Ministry of Housing and Urban Affairs,SEC_METRO,Metro Rail & Urban Transit,West Bengal,East,Metro Rail Corp,22.8618,87.8576,1538.03,1734.46,196.43,12.77,995.98,57.4,87.9,2018-11-09,2021-12-07,2023-01-06,37,13,150.0,38,38,1,381,1409.6,61.9,Approved,9.7,1,253.09,Low/Plains,0.75,0.73,2026-04-10,OCMS_Historical,Nearing Completion,1,1
PAIMANA-SEC_HEALTH-2020-2942,All India Institute of Medical Sciences (AIIMS) 750-Bed Super-Specialty Campus at Inter-State Hub,MoHFW,Ministry of Health and Family Welfare,SEC_HEALTH,AIIMS & Super-Specialty Medical Infra,Multi-State / National,National,MoHFW/HSCC,22.0242,78.9127,791.19,831.13,39.94,5.05,522.5,62.9,100.0,2020-12-24,2023-10-23,2023-10-23,34,0,150.0,45,45,0,0,854.6,84.4,Exempted,3.4,0,0.0,Low/Plains,0.86,0.4,2026-04-10,PAIMANA_Live,Commissioned,0,0
PAIMANA-SEC_STEEL-2020-2943,Integrated Steel Plant Modernization & Pelletization Unit at Ambala,MoSteel,Ministry of Steel,SEC_STEEL,Steel Plants & Metallurgy Units,Haryana,North,SAIL,29.1615,76.451,1482.19,1680.78,198.59,13.4,705.89,42.0,71.1,2020-02-08,2022-10-07,2024-10-05,32,24,150.0,29,29,1,760,536.5,81.1,Approved,3.7,0,0.0,Moderate/Plateau,0.44,0.59,2026-04-10,PAIMANA_Live,Under Implementation,1,1
PAIMANA-SEC_INLAND-2017-2944,National Waterway NW-84 Multimodal Navigation Terminal at Visakhapatnam,MoPSW,"Ministry of Ports, Shipping and Waterways",SEC_INLAND,National Waterways & River Ports,Andhra Pradesh,South,IWAI,15.4968,79.8359,828.46,928.29,99.83,12.05,428.29,46.1,73.4,2017-08-16,2019-09-15,2021-10-14,25,25,150.0,47,47,1,745,635.8,66.9,Stage-II Pending,7.8,1,33.99,Low/Plains,0.79,0.36,2026-04-10,OCMS_Historical,Under Implementation,1,1
PAIMANA-SEC_TEL-2016-2945,BharatNet Rural Optical Fiber Network Phase-2 across Varanasi,DoT,Department of Telecommunications,SEC_TEL,Telecommunication & BharatNet Fiber,Uttar Pradesh,North,BBNL,26.4483,80.4008,2071.65,2230.46,158.81,7.67,1395.55,62.6,100.0,2016-04-03,2019-01-31,2019-01-31,34,0,150.0,27,27,0,0,391.5,89.0,Stage-I,8.0,0,0.0,Low/Plains,0.69,0.71,2026-04-10,OCMS_Historical,Commissioned,0,0
PAIMANA-SEC_METRO-2015-2946,Urban Light Rail Transit / MetroLite System for Coimbatore Smart City,MoHUA,Ministry of Housing and Urban Affairs,SEC_METRO,Metro Rail & Urban Transit,Tamil Nadu,South,Metro Rail Corp,10.9113,79.1418,807.93,989.13,181.2,22.43,493.8,49.9,77.5,2015-09-20,2018-04-19,2019-09-17,31,17,150.0,42,42,1,534,214.0,81.3,Approved,9.6,2,620.59,High/Himalayan/Riverine,0.74,0.75,2026-04-10,OCMS_Historical,Under Implementation,1,1
PAIMANA-SEC_HWY-2014-2947,Greenfield Coastal Corridor Expressway (Tirupati-Guntur Phase 3),MoRTH,Ministry of Road Transport and Highways,SEC_HWY,Highways & Expressways,Andhra Pradesh,South,NHAI,16.2539,79.7524,1642.3,2014.76,372.46,22.68,866.11,43.0,67.0,2014-12-01,2017-03-31,2020-11-27,28,44,150.0,17,17,1,1358,1681.8,23.7,Approved,4.8,2,103.64,Moderate/Plateau,0.18,0.22,2026-04-10,OCMS_Historical,Under Implementation,1,1
PAIMANA-SEC_CHEM-2015-2948,Petrochemical Derivative & Polymer Manufacturing Unit at Bhavnagar,MoCF,Ministry of Chemicals and Fertilizers,SEC_CHEM,Fertilizer Plants & Petrochemicals,Gujarat,West,HURL,21.8275,71.7532,1116.34,1183.24,66.9,5.99,736.17,62.2,100.0,2015-06-03,2017-12-01,2017-12-01,30,0,150.0,30,30,0,0,1146.4,94.4,Approved,5.5,1,320.88,Moderate/Plateau,0.86,0.24,2026-04-10,OCMS_Historical,Commissioned,0,0
PAIMANA-SEC_RLY-2018-2949,Dedicated Freight Corridor (Western/Eastern Phase-1) near Jamshedpur,MoR,Ministry of Railways,SEC_RLY,Railways & High-Speed Rail,Jharkhand,East,DFCCIL,23.4598,85.4003,3345.44,3873.54,528.1,15.79,1941.95,50.1,83.2,2018-01-02,2021-10-01,2023-06-01,45,20,150.0,45,45,1,625,1629.3,68.6,Approved,6.0,0,0.0,Moderate/Plateau,0.64,0.68,2026-04-10,OCMS_Historical,Under Implementation,1,1
PAIMANA-SEC_COAL-2016-2950,Open Cast Coal Mining Project (16 MTPA) with High-Capacity Conveyors at Gangtok,MoCoal,Ministry of Coal,SEC_COAL,Coal Mining & Washeries,Sikkim,North-East,CIL,27.457,88.589,1093.11,1253.91,160.8,14.71,533.83,42.6,71.0,2016-05-23,2018-03-22,2019-11-20,22,20,150.0,46,46,1,630,1205.3,90.7,Approved,6.9,0,0.0,High/Himalayan/Riverine,0.34,0.31,2026-04-10,OCMS_Historical,Under Implementation,1,1
PAIMANA-SEC_AIR-2016-2951,Regional Airport Modernization & Runway Extension under UDAN at Ahmedabad,MoCA,Ministry of Civil Aviation,SEC_AIR,Regional & Greenfield Airports,Gujarat,West,AAI,21.8215,71.3098,212.99,271.09,58.1,27.28,100.34,37.0,61.3,2016-09-24,2018-04-24,2021-08-22,19,40,150.0,22,22,1,1191,1240.4,71.7,Approved,9.4,4,196.22,Moderate/Plateau,0.42,0.62,2026-04-10,OCMS_Historical,Under Implementation,1,1
PAIMANA-SEC_REN-2019-2952,Green Ammonia & Hydrogen Renewable Energy Island at Bengaluru,MNRE,Ministry of New and Renewable Energy,SEC_REN,Solar & Renewable Green Energy,Karnataka,South,SECI,15.5402,76.2312,3806.37,4417.11,610.74,16.05,2191.07,49.6,82.5,2019-02-11,2023-02-09,2024-09-08,48,19,150.0,44,44,1,582,328.0,63.0,Exempted,7.9,0,0.0,Low/Plains,0.21,0.58,2026-04-10,OCMS_Historical,Under Implementation,1,1
PAIMANA-SEC_STEEL-2017-2953,Integrated Steel Plant Modernization & Pelletization Unit at Deoghar,MoSteel,Ministry of Steel,SEC_STEEL,Steel Plants & Metallurgy Units,Jharkhand,East,SAIL,23.547,85.6343,485.49,514.44,28.95,5.96,318.73,62.0,100.0,2017-11-28,2019-05-29,2019-05-29,18,0,150.0,30,30,0,0,1742.6,95.8,Stage-I,7.3,0,0.0,Low/Plains,0.93,0.46,2026-04-10,OCMS_Historical,Commissioned,0,0
PAIMANA-SEC_HWY-2022-2954,Greenfield Coastal Corridor Expressway (Nashik-Aurangabad Phase 1),MoRTH,Ministry of Road Transport and Highways,SEC_HWY,Highways & Expressways,Maharashtra,West,NHAI,19.1598,75.9,616.79,740.35,123.56,20.03,314.85,42.5,68.3,2022-05-17,2024-07-15,2026-06-14,26,23,150.0,22,22,1,703,653.2,45.0,Exempted,9.7,0,0.0,Moderate/Plateau,0.29,0.8,2026-04-10,PAIMANA_Live,Under Implementation,1,1
PAIMANA-SEC_METRO-2014-2955,Regional Rapid Transit System (RRTS) Semi High-Speed Line (Hyderabad-Warangal),MoHUA,Ministry of Housing and Urban Affairs,SEC_METRO,Metro Rail & Urban Transit,Telangana,South,NCRTC,18.0579,79.1332,651.79,756.42,104.63,16.05,393.94,52.1,80.5,2014-11-15,2017-04-14,2018-06-13,29,14,150.0,29,29,1,464,189.7,58.7,Approved,9.5,1,345.2,Low/Plains,0.65,0.63,2026-04-10,OCMS_Historical,Under Implementation,1,1
PAIMANA-SEC_IRR-2017-2956,Lift Irrigation & Pressurized Piped Distribution Network in Mumbai,DoWR,"Department of Water Resources, RD & GR",SEC_IRR,National River Link & Irrigation,Maharashtra,West,WRD,20.1713,75.7549,4235.78,5044.93,809.15,19.1,2639.73,52.3,81.5,2017-12-05,2023-02-01,2024-10-01,62,20,150.0,23,23,1,593,560.5,52.9,Exempted,7.8,1,147.95,High/Himalayan/Riverine,0.56,0.68,2026-04-10,OCMS_Historical,Under Implementation,1,1
PAIMANA-SEC_PET-2023-2957,Cross-Country Natural Gas Pipeline Grid (Rourkela to Jharsuguda),MoPNG,Ministry of Petroleum and Natural Gas,SEC_PET,Petroleum Pipelines & Refineries,Odisha,East,GAIL,21.1537,84.8243,157.0,172.99,15.99,10.18,85.67,49.5,75.4,2023-10-02,2025-09-30,2026-10-30,24,13,127.0,13,13,1,395,1588.4,90.5,Exempted,5.5,0,0.0,Low/Plains,0.51,0.39,2026-04-10,PAIMANA_Live,Under Implementation,0,1
PAIMANA-SEC_TEL-2021-2958,National 5G High-Density Core Network Infrastructure in Nagpur,DoT,Department of Telecommunications,SEC_TEL,Telecommunication & BharatNet Fiber,Maharashtra,West,BSNL,19.5088,75.9356,22617.24,25388.29,2771.05,12.25,6024.15,23.7,33.0,2021-10-14,2031-10-10,2032-10-08,120,12,45.1,47,18,21,387,140.3,81.5,Approved,9.0,0,0.0,Moderate/Plateau,0.13,0.46,2026-04-10,PAIMANA_Live,Under Implementation,1,1
PAIMANA-SEC_METRO-2022-2959,Urban Light Rail Transit / MetroLite System for Kannur Smart City,MoHUA,Ministry of Housing and Urban Affairs,SEC_METRO,Metro Rail & Urban Transit,Kerala,South,Metro Rail Corp,10.7498,75.7566,3130.23,3447.61,317.38,10.14,1780.8,51.7,75.7,2022-11-17,2026-03-17,2027-07-16,40,16,102.4,48,46,1,513,552.5,78.0,Approved,8.3,1,82.43,Low/Plains,0.12,0.48,2026-04-10,PAIMANA_Live,Under Implementation,0,1
PAIMANA-SEC_STEEL-2016-2960,Integrated Steel Plant Modernization & Pelletization Unit at Mangaluru,MoSteel,Ministry of Steel,SEC_STEEL,Steel Plants & Metallurgy Units,Karnataka,South,SAIL,14.9641,75.1189,1418.97,1670.18,251.21,17.7,758.07,45.4,74.3,2016-05-19,2019-04-18,2021-01-15,35,21,150.0,13,13,1,665,1512.3,76.6,Approved,7.2,2,452.06,Moderate/Plateau,0.78,0.8,2026-04-10,OCMS_Historical,Under Implementation,1,1
PAIMANA-SEC_TEL-2017-2961,National 5G High-Density Core Network Infrastructure in Bilaspur,DoT,Department of Telecommunications,SEC_TEL,Telecommunication & BharatNet Fiber,Chhattisgarh,Central,BSNL,21.1116,81.8685,1089.48,1199.47,109.99,10.1,592.46,49.4,75.4,2017-05-15,2020-05-13,2022-02-10,36,21,150.0,22,22,1,670,1194.7,73.0,Approved,4.4,0,0.0,Low/Plains,0.67,0.28,2026-04-10,OCMS_Historical,Under Implementation,0,1
PAIMANA-SEC_REN-2021-2962,Green Ammonia & Hydrogen Renewable Energy Island at Bengaluru,MNRE,Ministry of New and Renewable Energy,SEC_REN,Solar & Renewable Green Energy,Karnataka,South,SECI,15.0085,75.7175,1505.5,1569.01,63.51,4.22,1035.33,66.0,100.0,2021-03-20,2023-09-18,2023-09-18,30,0,150.0,25,25,0,0,767.2,83.9,Approved,9.2,0,0.0,Low/Plains,0.4,0.42,2026-04-10,PAIMANA_Live,Commissioned,0,0
PAIMANA-SEC_SMART-2020-2963,Special Investment Region Trunk Infrastructure & Utilities at Bhopal,MoHUA,Ministry of Housing and Urban Affairs,SEC_SMART,Smart Cities & Industrial Corridors,Madhya Pradesh,Central,Dholera/DMIC,22.6611,78.1498,1883.1,2190.13,307.03,16.3,1045.98,47.8,75.0,2020-04-23,2023-11-21,2025-12-20,43,25,150.0,31,30,1,752,1258.3,67.5,Approved,5.2,0,0.0,Moderate/Plateau,0.39,0.64,2026-04-10,PAIMANA_Live,Under Implementation,1,1
PAIMANA-SEC_HEALTH-2020-2964,National Centre for Disease Control & Bio-Safety Level 4 Lab at National Corridor,MoHFW,Ministry of Health and Family Welfare,SEC_HEALTH,AIIMS & Super-Specialty Medical Infra,Multi-State / National,National,MoHFW,21.5896,79.4225,2118.71,2159.66,40.95,1.93,1424.83,66.0,100.0,2020-11-15,2024-03-15,2024-03-15,40,0,150.0,22,22,0,0,348.4,76.7,Approved,4.8,0,0.0,Low/Plains,0.56,0.23,2026-04-10,PAIMANA_Live,Commissioned,0,0
PAIMANA-SEC_WATER-2020-2965,Comprehensive Sewage Treatment & River Cleaning Mission at Lucknow,MoHUA,Ministry of Housing and Urban Affairs,SEC_WATER,Water Supply & Urban Sanitation,Uttar Pradesh,North,NMCG,27.2064,80.98,1945.8,2124.42,178.62,9.18,1160.73,54.6,80.4,2020-04-08,2023-03-08,2024-07-06,35,16,150.0,15,15,1,488,680.3,75.0,Exempted,6.5,0,0.0,Low/Plains,0.57,0.42,2026-04-10,PAIMANA_Live,Under Implementation,0,1
PAIMANA-SEC_WATER-2016-2966,Urban 24x7 Water Supply & Advanced Smart Grid Pipeline in Tuticorin,MoHUA,Ministry of Housing and Urban Affairs,SEC_WATER,Water Supply & Urban Sanitation,Tamil Nadu,South,Jal Nigam,10.628,78.1832,1249.76,1567.9,318.14,25.46,671.42,42.8,67.6,2016-04-07,2018-12-05,2021-11-03,32,35,150.0,41,41,1,1058,1516.8,63.1,Stage-I,4.6,2,312.05,Low/Plains,0.56,0.8,2026-04-10,OCMS_Historical,Under Implementation,1,1
PAIMANA-SEC_STEEL-2018-2967,Specialty Alloy & Hot Rolled Coil Expansion Facility at Kozhikode,MoSteel,Ministry of Steel,SEC_STEEL,Steel Plants & Metallurgy Units,Kerala,South,RINL,10.3821,76.1116,951.59,1130.28,178.69,18.78,506.85,44.8,71.5,2018-10-09,2021-02-06,2023-08-07,28,30,150.0,48,48,1,933,59.8,88.2,Stage-II Pending,7.3,1,139.47,Low/Plains,0.37,0.51,2026-04-10,OCMS_Historical,Under Implementation,1,1
PAIMANA-SEC_REN-2023-2968,Ultra Mega Solar Park (97 MW) with Battery Storage at Kakinada,MNRE,Ministry of New and Renewable Energy,SEC_REN,Solar & Renewable Green Energy,Andhra Pradesh,South,SECI,15.5581,79.3973,994.16,1104.71,110.55,11.12,541.08,49.0,75.3,2023-02-04,2025-10-03,2027-07-03,32,21,120.0,29,28,1,657,1516.4,67.0,Stage-I,7.4,1,40.45,Low/Plains,0.23,0.3,2026-04-10,PAIMANA_Live,Under Implementation,1,1
PAIMANA-SEC_HEAVY-2023-2969,Heavy Electrical Equipment & Gas Turbine Manufacturing Facility at Lucknow,MHI,Ministry of Heavy Industries,SEC_HEAVY,Heavy Engineering & Capital Goods,Uttar Pradesh,North,BHEL,26.8228,81.0288,953.79,1177.6,223.81,23.47,429.64,36.5,55.8,2023-09-16,2026-03-16,2029-01-12,30,34,103.3,48,36,4,1059,1545.4,45.0,Approved,8.1,2,394.46,Low/Plains,0.77,0.42,2026-04-10,PAIMANA_Live,Under Implementation,1,1
PAIMANA-SEC_SMART-2017-2970,Industrial Smart City & Integrated Manufacturing Node at Guntur,MoHUA,Ministry of Housing and Urban Affairs,SEC_SMART,Smart Cities & Industrial Corridors,Andhra Pradesh,South,NICDC,15.6831,80.0337,3370.07,3911.05,540.98,16.05,1792.55,45.8,76.7,2017-01-11,2021-05-10,2023-06-09,52,25,150.0,47,47,1,739,1664.6,86.1,Stage-I,4.5,0,0.0,Low/Plains,0.34,0.72,2026-04-10,OCMS_Historical,Under Implementation,1,1
PAIMANA-SEC_INLAND-2015-2971,Fairway Development & River Ro-Ro Terminal Facility in Tura,MoPSW,"Ministry of Ports, Shipping and Waterways",SEC_INLAND,National Waterways & River Ports,Meghalaya,North-East,IWAI,25.8258,91.7212,2017.24,2368.11,350.87,17.39,1141.0,48.2,75.9,2015-05-21,2018-10-18,2020-07-17,41,21,150.0,12,12,1,661,1317.7,73.8,Approved,8.1,0,0.0,Moderate/Plateau,0.36,0.74,2026-04-10,OCMS_Historical,Under Implementation,1,1
PAIMANA-SEC_MINE-2021-2972,Strategic Rare Earth & Bauxite Mining Complex at Agartala,MoMines,Ministry of Mines,SEC_MINE,Strategic Mineral Extraction,Tripura,North-East,NALCO,23.5074,92.5773,157.0,186.37,29.37,18.71,70.01,37.6,61.5,2021-10-23,2023-04-23,2026-06-21,18,38,150.0,36,36,1,1179,1770.2,69.7,Stage-II Pending,4.4,0,0.0,Moderate/Plateau,0.85,0.23,2026-04-10,PAIMANA_Live,Under Implementation,1,1
PAIMANA-SEC_PET-2020-2973,Integrated Petroleum Refinery Expansion & Polypropylene Unit at Darbhanga,MoPNG,Ministry of Petroleum and Natural Gas,SEC_PET,Petroleum Pipelines & Refineries,Bihar,East,IOCL,25.1611,85.7794,2140.32,2603.82,463.5,21.66,1257.42,48.3,79.2,2020-01-01,2023-01-29,2025-02-27,37,25,150.0,15,15,1,770,1495.3,76.1,Exempted,9.7,1,252.6,High/Himalayan/Riverine,0.48,0.3,2026-04-10,PAIMANA_Live,Under Implementation,1,1
PAIMANA-SEC_PORT-2023-2974,Greenfield Deep-Water Major Port & Container Terminal Phase-1 at Churachandpur,MoPSW,"Ministry of Ports, Shipping and Waterways",SEC_PORT,Major Ports & Maritime Channels,Manipur,North-East,Port Authority,24.1446,93.408,1381.06,1643.88,262.82,19.03,700.92,42.6,66.8,2023-09-10,2025-12-08,2028-05-07,27,29,115.6,35,27,7,903,1270.1,59.1,Exempted,6.5,0,0.0,Moderate/Plateau,0.81,0.58,2026-04-10,PAIMANA_Live,Under Implementation,1,1
PAIMANA-SEC_PORT-2016-2975,LNG Import Terminal & Marine Jetty Infrastructure at Angul,MoPSW,"Ministry of Ports, Shipping and Waterways",SEC_PORT,Major Ports & Maritime Channels,Odisha,East,Petronet,21.1973,85.5102,1127.58,1349.72,222.14,19.7,537.17,39.8,64.6,2016-05-13,2018-02-10,2020-12-09,21,34,150.0,42,42,1,1020,1795.5,92.4,Approved,6.2,2,62.77,Low/Plains,0.12,0.68,2026-04-10,OCMS_Historical,Under Implementation,1,1
PAIMANA-SEC_HEAVY-2023-2976,Heavy Electrical Equipment & Gas Turbine Manufacturing Facility at Jagdalpur,MHI,Ministry of Heavy Industries,SEC_HEAVY,Heavy Engineering & Capital Goods,Chhattisgarh,Central,BHEL,21.2774,81.9558,793.55,836.41,42.86,5.4,545.06,65.2,100.0,2023-05-15,2025-09-12,2025-09-12,28,0,125.3,42,34,0,0,922.4,89.3,Approved,4.3,0,0.0,Low/Plains,0.52,0.35,2026-04-10,PAIMANA_Live,Commissioned,0,0
PAIMANA-SEC_SMART-2023-2977,Special Investment Region Trunk Infrastructure & Utilities at Surat,MoHUA,Ministry of Housing and Urban Affairs,SEC_SMART,Smart Cities & Industrial Corridors,Gujarat,West,Dholera/DMIC,21.664,70.9293,3339.29,3564.2,224.91,6.74,1143.73,32.1,50.0,2023-11-18,2027-07-17,2028-08-15,44,13,65.7,36,16,16,394,885.4,76.9,Stage-I,5.8,0,0.0,Moderate/Plateau,0.5,0.34,2026-04-10,PAIMANA_Live,Under Implementation,0,1
PAIMANA-SEC_METRO-2023-2978,Regional Rapid Transit System (RRTS) Semi High-Speed Line (Anand Vihar-Rohini),MoHUA,Ministry of Housing and Urban Affairs,SEC_METRO,Metro Rail & Urban Transit,Delhi NCR,North,NCRTC,28.5328,77.3143,2823.57,2975.87,152.3,5.39,1623.85,54.6,80.2,2023-01-08,2026-09-06,2026-09-06,44,0,89.2,39,33,0,0,1350.3,86.4,Approved,7.9,0,0.0,Low/Plains,0.87,0.57,2026-04-10,PAIMANA_Live,Under Implementation,0,0
PAIMANA-SEC_ATOM-2014-2979,Pressurized Heavy Water Reactor Nuclear Power Unit (20x700 MWe) at Barmer,DAE,Department of Atomic Energy,SEC_ATOM,Atomic Energy & Nuclear Power,Rajasthan,North,NPCIL,27.4493,74.0322,550.8,659.11,108.31,19.66,256.87,39.0,63.7,2014-08-11,2016-02-09,2018-04-09,18,26,150.0,22,22,1,773,1701.3,53.7,Stage-I,6.5,2,152.83,Moderate/Plateau,0.68,0.37,2026-04-10,OCMS_Historical,Under Implementation,1,1
PAIMANA-SEC_AIR-2014-2980,Greenfield International Airport Terminal-91 & Parallel Runway at Udaipur,MoCA,Ministry of Civil Aviation,SEC_AIR,Regional & Greenfield Airports,Tripura,North-East,AAI,24.4526,92.3163,1689.7,1871.37,181.67,10.75,1004.44,53.7,84.1,2014-09-12,2017-05-11,2018-07-10,32,14,150.0,32,32,1,415,1145.3,64.6,Approved,9.8,0,0.0,Moderate/Plateau,0.53,0.21,2026-04-10,OCMS_Historical,Under Implementation,0,1
PAIMANA-SEC_STEEL-2021-2981,Integrated Steel Plant Modernization & Pelletization Unit at Dibrugarh,MoSteel,Ministry of Steel,SEC_STEEL,Steel Plants & Metallurgy Units,Assam,North-East,SAIL,26.7265,93.231,456.02,497.69,41.67,9.14,313.6,63.0,100.0,2021-04-16,2023-03-16,2023-03-16,23,0,150.0,47,47,0,0,896.5,91.8,Exempted,5.6,0,0.0,High/Himalayan/Riverine,0.32,0.49,2026-04-10,PAIMANA_Live,Commissioned,0,0
